"label"|"desc"|"country"|"site"|"county"|"inscription"|"ino"|"st_astext"
"AGHAL/1 (Ogham Stone Concept by CISP)"|"Ogham Stone, Ireland"|"Q27"|"Q85390391"|"Q178626"|"--][Q][--][AAMQMARO][--
"|"AGHAL/1"|"POINT(-9.330833 54.260278)"
"AGHAS/1 (Ogham Stone Concept by CISP)"|"Ogham Stone, Northern Ireland"|"Q145"|"Q85392826"|"Q192229"|"DOTETTOMAQ[IMAGLANI]"|"AGHAS/1"|"POINT(-7.047778 54.699444)"
"AGHIB/1 (Ogham Stone Concept by CISP)"|"Ogham Stone, Ireland"|"Q27"|"Q85393952"|"Q184469"|"LADDIGNIMAQQIMUCCOIAN[--"|"AGHIB/1"|"POINT(-10.176111 52.129444)"
"AGHIB/2 (Ogham Stone Concept by CISP)"|"Ogham Stone, Ireland"|"Q27"|"Q85393952"|"Q184469"|"LAIDANNMAQIMACORBO"|"AGHIB/2"|"POINT(-10.176111 52.129444)"
"AGHIB/3 (Ogham Stone Concept by CISP)"|"Ogham Stone, Ireland"|"Q27"|"Q85393952"|"Q184469"|"LUGUVVECCAMAQI[--"|"AGHIB/3"|"POINT(-10.176111 52.129444)"
"AGLIS/1 (Ogham Stone Concept by CISP)"|"Ogham Stone, Ireland"|"Q27"|"Q85393955"|"Q184469"|"--]MAQIMAQ[I][--][O]GGODIKA"|"AGLIS/1"|"POINT(-10.138056 52.133056)"
"AGLIS/2 (Ogham Stone Concept by CISP)"|"Ogham Stone, Ireland"|"Q27"|"Q85393955"|"Q184469"|"--]CELIAVIVU[D!][--"|"AGLIS/2"|"POINT(-10.138056 52.133056)"
"AHLIS/1 (Ogham Stone Concept by CISP)"|"Ogham Stone, Ireland"|"Q27"|"Q85394002"|"Q162475"|"GIRAGNI"|"AHLIS/1"|"POINT(-8.846944 51.678889)"
"AHLIS/2 (Ogham Stone Concept by CISP)"|"Ogham Stone, Ireland"|"Q27"|"Q85394002"|"Q162475"|"CUNAGUSOSMAQIMUCOIVIRA ||| GNI"|"AHLIS/2"|"POINT(-8.846944 51.678889)"
"AHLIS/3 (Ogham Stone Concept by CISP)"|"Ogham Stone, Ireland"|"Q27"|"Q85394002"|"Q162475"|"COIMAGNIMAQIMOCOIGA[--"|"AHLIS/3"|"POINT(-8.846944 51.678889)"
"AMORE/1 (Ogham Stone Concept by CISP)"|"Ogham Stone, Ireland"|"Q27"|"Q85396905"|"Q184594"|"LUGUDECCASMAQI ||| [MU]COINETASEGAMONAS ||| DOLATIBIGAISGOB[--"|"AMORE/1"|"POINT(-7.729167 51.944167)"
"AMORE/2 (Ogham Stone Concept by CISP)"|"Ogham Stone, Ireland"|"Q27"|"Q85396905"|"Q184594"|"--]NACIMAQI[--"|"AMORE/2"|"POINT(-7.729167 51.944167)"
"AMORE/3 (Ogham Stone Concept by CISP)"|"Ogham Stone, Ireland"|"Q27"|"Q85396905"|"Q184594"|"AMADU"|"AMORE/3"|"POINT(-7.729167 51.944167)"
"ANGAP/1 (Ogham Stone Concept by CISP)"|"Ogham Stone, Ireland"|"Q27"|"Q85394130"|"Q184469"|"--]TAQMAQO[--"|"ANGAP/1"|"POINT(-10.063056 52.159167)"
"ANSCL/1 (Ogham Stone Concept by CISP)"|"Ogham Stone, Ireland"|"Q27"|"Q106628059"|"Q184469"|"RETAGINMAQIDOV[U!][--"|"ANSCL/1"|"POINT(-10.061076 52.152143)"
"ARDCT/1 (Ogham Stone Concept by CISP)"|"Ogham Stone, Ireland"|"Q27"|"Q85396815"|"Q184469"|"--]VMAQI[--"|"ARDCT/1"|"POINT(-9.733611 52.165556)"
"ARDCT/2 (Ogham Stone Concept by CISP)"|"Ogham Stone, Ireland"|"Q27"|"Q85396815"|"Q184469"|"LMCBLTCL ||| LT | QAN"|"ARDCT/2"|"POINT(-9.733611 52.165556)"
"ARDFE/1 (Ogham Stone Concept by CISP)"|"Ogham Stone, Ireland"|"Q27"|"Q85394024"|"Q184469"|"CT[A]N[--] ||| QLOG[--"|"ARDFE/1"|"POINT(-9.772778 52.328889)"
"ARDNE/1 (Ogham Stone Concept by CISP)"|"Ogham Stone, Ireland"|"Q27"|"Q85394026"|"Q184469"|"--][D!]ITA[V!][--"|"ARDNE/1"|"POINT(-10.049167 52.143056)"
"ARRAG/1 (Ogham Stone Concept by CISP)"|"Ogham Stone, Ireland"|"Q27"|"Q85394028"|"Q184469"|"QRIMITIRON ||| [A]NNMAQCOMOGANN"|"ARRAG/1"|"POINT(-10.236944 52.2675)"
"AUTAG/1 (Ogham Stone Concept by CISP)"|"Ogham Stone, Ireland"|"Q27"|"Q85394004"|"Q162475"|"UBEDABOALTASI"|"AUTAG/1"|"POINT(-9.088056 51.770833)"
"AYWAG/1 (Ogham Stone Concept by CISP)"|"Ogham Stone, Ireland"|"Q27"|"Q85396974"|"Q184469"|"COVTET"|"AYWAG/1"|"POINT(-9.662778 52.147778)"
"BABOR/1 (Ogham Stone Concept by CISP)"|"Ogham Stone, Ireland"|"Q27"|"Q85393914"|"Q162475"|"--]UIVAIBES ||| [--]RTAGNI"|"BABOR/1"|"POINT(-8.453333 52.010278)"
"BABOR/2 (Ogham Stone Concept by CISP)"|"Ogham Stone, Ireland"|"Q27"|"Q85393914"|"Q162475"|"MAILAGN[I]"|"BABOR/2"|"POINT(-8.453333 52.010278)"
"BAHAN/1 (Ogham Stone Concept by CISP)"|"Ogham Stone, Ireland"|"Q27"|"Q85394010"|"Q162475"|"--]LLMAQIVORRTIGURN"|"BAHAN/1"|"POINT(-8.608333 51.838611)"
"BAHAN/2 (Ogham Stone Concept by CISP)"|"Ogham Stone, Ireland"|"Q27"|"Q85394010"|"Q162475"|"CORBAGNI || K[OI]M[A]Q[I]M ||| OC ||| COICOROTANI"|"BAHAN/2"|"POINT(-8.608333 51.838611)"
"BAHAN/3 (Ogham Stone Concept by CISP)"|"Ogham Stone, Ireland"|"Q27"|"Q85394010"|"Q162475"|"SACATTI ||| NI[--"|"BAHAN/3"|"POINT(-8.608333 51.838611)"
"BAHAN/4 (Ogham Stone Concept by CISP)"|"Ogham Stone, Ireland"|"Q27"|"Q85394010"|"Q162475"|"ABULCCAGNI"|"BAHAN/4"|"POINT(-8.608333 51.838611)"
"BAHAN/5 (Ogham Stone Concept by CISP)"|"Ogham Stone, Ireland"|"Q27"|"Q85394010"|"Q162475"|"MAQIESE ||| AMAQIDOMANE ||| QI"|"BAHAN/5"|"POINT(-8.608333 51.838611)"
"BAHAN/6 (Ogham Stone Concept by CISP)"|"Ogham Stone, Ireland"|"Q27"|"Q85394010"|"Q162475"|"DILOGONN"|"BAHAN/6"|"POINT(-8.608333 51.838611)"
"BAKNK/1 (Ogham Stone Concept by CISP)"|"Ogham Stone, Ireland"|"Q27"|"Q85394270"|"Q162475"|"MAILAGUROMAQ[I][--]VILEB[--
"|"BAKNK/1"|"POINT(-8.071111 52.026944)"
"BAKNK/10 (Ogham Stone Concept by CISP)"|"Ogham Stone, Ireland"|"Q27"|"Q85394270"|"Q162475"|"BLATEGSI"|"BAKNK/10"|"POINT(-8.071111 52.026944)"
"BAKNK/11 (Ogham Stone Concept by CISP)"|"Ogham Stone, Ireland"|"Q27"|"Q85394270"|"Q162475"|"ACTOMAQI ||| [--]MAGO"|"BAKNK/11"|"POINT(-8.071111 52.026944)"
"BAKNK/12 (Ogham Stone Concept by CISP)"|"Ogham Stone, Ireland"|"Q27"|"Q85394270"|"Q162475"|"ERCAIDANA"|"BAKNK/12"|"POINT(-8.071111 52.026944)"
"BAKNK/13 (Ogham Stone Concept by CISP)"|"Ogham Stone, Ireland"|"Q27"|"Q85394270"|"Q162475"|"DOMMOMACIVEDUCERI"|"BAKNK/13"|"POINT(-8.071111 52.026944)"
"BAKNK/14 (Ogham Stone Concept by CISP)"|"Ogham Stone, Ireland"|"Q27"|"Q85394270"|"Q162475"|"ANMMEDDOGENI
"|"BAKNK/14"|"POINT(-8.071111 52.026944)"
"BAKNK/15 (Ogham Stone Concept by CISP)"|"Ogham Stone, Ireland"|"Q27"|"Q85394270"|"Q162475"|"COVALOTI"|"BAKNK/15"|"POINT(-8.071111 52.026944)"
"BAKNK/2 (Ogham Stone Concept by CISP)"|"Ogham Stone, Ireland"|"Q27"|"Q85394270"|"Q162475"|"LAMADILICCIMACMAI ||| CBRO || CC"|"BAKNK/2"|"POINT(-8.071111 52.026944)"
"BAKNK/3 (Ogham Stone Concept by CISP)"|"Ogham Stone, Ireland"|"Q27"|"Q85394270"|"Q162475"|"ERACOBIMAQIERAQETAI"|"BAKNK/3"|"POINT(-8.071111 52.026944)"
"BAKNK/4 (Ogham Stone Concept by CISP)"|"Ogham Stone, Ireland"|"Q27"|"Q85394270"|"Q162475"|"GRILAGNIMAQISCILAGNI"|"BAKNK/4"|"POINT(-8.071111 52.026944)"
"BAKNK/5 (Ogham Stone Concept by CISP)"|"Ogham Stone, Ireland"|"Q27"|"Q85394270"|"Q162475"|"CLIUCOANA ||| S | MAQI MAQITREN ||| I"|"BAKNK/5"|"POINT(-8.071111 52.026944)"
"BAKNK/6 (Ogham Stone Concept by CISP)"|"Ogham Stone, Ireland"|"Q27"|"Q85394270"|"Q162475"|"DRUTIQULIMAQIMAQIRODAGNI"|"BAKNK/6"|"POINT(-8.071111 52.026944)"
"BAKNK/7 (Ogham Stone Concept by CISP)"|"Ogham Stone, Ireland"|"Q27"|"Q85394270"|"Q162475"|"BRANANMAQIOQOLI"|"BAKNK/7"|"POINT(-8.071111 52.026944)"
"BAKNK/8 (Ogham Stone Concept by CISP)"|"Ogham Stone, Ireland"|"Q27"|"Q85394270"|"Q162475"|"BOGAIMAQIB ||| IRACO"|"BAKNK/8"|"POINT(-8.071111 52.026944)"
"BAKNK/9 (Ogham Stone Concept by CISP)"|"Ogham Stone, Ireland"|"Q27"|"Q85394270"|"Q162475"|"CRONUNMACBAIT"|"BAKNK/9"|"POINT(-8.071111 52.026944)"
"BALBA/1 (Ogham Stone Concept by CISP)"|"Ogham Stone, Ireland"|"Q27"|"Q106626868"|"Q183539"|"MAQICOR[A]B[I]RM[A]Q[I]TAN[.]B!][-- | N[E]T[A]S[A]L[A]GI[A]MAQ[I]M[U]C[OI][--"|"BALBA/1"|"POINT(-6.43833 53.98278)"
"BALBO/1 (Ogham Stone Concept by CISP)"|"Ogham Stone, Ireland"|"Q27"|"Q69378747"|"Q180231"|"CORBI{K}OIMAQILABRID[--"|"BALBO/1"|"POINT(-7.231111 52.471944)"
"BALBR/1 (Ogham Stone Concept by CISP)"|"Ogham Stone, Ireland"|"Q27"|"Q106628064"|"Q184469"|"GLANNANIMAQ ||| IBBRANNAD"|"BALBR/1"|"POINT(-9.746467 52.32801)"
"BALEE/1 (Ogham Stone Concept by CISP)"|"Ogham Stone, Ireland"|"Q27"|"Q85393961"|"Q184469"|"MOINENAMAQIOLACON"|"BALEE/1"|"POINT(-10.2075 52.140556)"
"BALGH/1 (Ogham Stone Concept by CISP)"|"Ogham Stone, Ireland"|"Q27"|"Q85391707"|"Q184599"|"[--]"|"BALGH/1"|"POINT(-6.720556 52.250556)"
"BALIG/1 (Ogham Stone Concept by CISP)"|"Ogham Stone, Ireland"|"Q27"|"Q85394310"|"Q184469"|"DUBONIRRAS ||| MAQQITENAC[I]"|"BALIG/1"|"POINT(-10.386111 52.176111)"
"BALIG/2 (Ogham Stone Concept by CISP)"|"Ogham Stone, Ireland"|"Q27"|"Q85394310"|"Q184469"|"MAQQIQUETTI ||| MAQQICUNITTI"|"BALIG/2"|"POINT(-10.386111 52.176111)"
"BALIG/3 (Ogham Stone Concept by CISP)"|"Ogham Stone, Ireland"|"Q27"|"Q85394310"|"Q184469"|"GRAVICASMAQI | MUCOI[DO]VVINAS"|"BALIG/3"|"POINT(-10.386111 52.176111)"
"BALIG/4 (Ogham Stone Concept by CISP)"|"Ogham Stone, Ireland"|"Q27"|"Q85394310"|"Q184469"|"BROINIONAS"|"BALIG/4"|"POINT(-10.386111 52.176111)"
"BALIG/5 (Ogham Stone Concept by CISP)"|"Ogham Stone, Ireland"|"Q27"|"Q85394310"|"Q184469"|"LUBBAISMAQQIDUN[--]S"|"BALIG/5"|"POINT(-10.386111 52.176111)"
"BALIG/6 (Ogham Stone Concept by CISP)"|"Ogham Stone, Ireland"|"Q27"|"Q85394310"|"Q184469"|"CCICAMINIMAQQICATTINI"|"BALIG/6"|"POINT(-10.386111 52.176111)"
"BALIG/7 (Ogham Stone Concept by CISP)"|"Ogham Stone, Ireland"|"Q27"|"Q85394310"|"Q184469"|"CUNAMAQQICORBBIMAQQ ||| [--] ||| [--]S"|"BALIG/7"|"POINT(-10.386111 52.176111)"
"BALIG/8 (Ogham Stone Concept by CISP)"|"Ogham Stone, Ireland"|"Q27"|"Q85394310"|"Q184469"|"[--]"|"BALIG/8"|"POINT(-10.386111 52.176111)"
"BARHA/1 (Ogham Stone Concept by CISP)"|"Ogham Stone, Ireland"|"Q27"|"Q69378412"|"Q162475"|"CARRTTACCGAQIMUCAGG[I]"|"BARHA/1"|"POINT(-8.818333 52.015833)"
"BAROG/1 (Ogham Stone Concept by CISP)"|"Ogham Stone, Ireland"|"Q27"|"Q85391668"|"Q183539"|"BRONOGENI"|"BAROG/1"|"POINT(-6.476667 53.845)"
"BAVEL/1 (Ogham Stone Concept by CISP)"|"Ogham Stone, Ireland"|"Q27"|"Q85396997"|"Q184594"|"CUMNI | MAQIMU[C]OIV[AL]UCI"|"BAVEL/1"|"POINT(-7.226667 52.185)"
"BAWGL/1 (Ogham Stone Concept by CISP)"|"Ogham Stone, Ireland"|"Q27"|"Q85396897"|"Q184469"|"--]QET[IA]SM[A]QTRENIL[U][--"|"BAWGL/1"|"POINT(-9.438889 52.1425)"
"BAYEL/1 (Ogham Stone Concept by CISP)"|"Ogham Stone, Ireland"|"Q27"|"Q85396834"|"Q178283"|"--]D[-]QMAMAQI ||| RAG ||| AVVECC"|"BAYEL/1"|"POINT(-8.823889 52.4575)"
"BCARE/1 (Ogham Stone Concept by CISP)"|"Ogham Stone, Ireland"|"Q27"|"Q85391685"|"Q182591"|"VOTI"|"BCARE/1"|"POINT(-6.608898 52.947012)"
"BDREN/1 (Ogham Stone Concept by CISP)"|"Ogham Stone, Ireland"|"Q27"|"Q85395515"|"Q184469"|"--][MAQI]DROGNOMU[COI][--"|"BDREN/1"|"POINT(-10.0375 52.165833)"
"BDREN/2 (Ogham Stone Concept by CISP)"|"Ogham Stone, Ireland"|"Q27"|"Q85395515"|"Q184469"|"IRCCITOS"|"BDREN/2"|"POINT(-10.0375 52.165833)"
"BENBR/1 (Ogham Stone Concept by CISP)"|NULL|NULL|"Q106628070"|NULL|"--]D[--]T[-- ||| --]M[A!][--]C[--][R!][--][G!][--"|"BENBR/1"|NULL
"BGARR/1 (Ogham Stone Concept by CISP)"|"Ogham Stone, Ireland"|"Q27"|"Q85396837"|"Q178283"|"MAILAGNIMAQIGAMATI"|"BGARR/1"|"POINT(-8.377222 52.381944)"
"BGLAS/1 (Ogham Stone Concept by CISP)"|"Ogham Stone, Ireland"|"Q27"|"Q85391683"|"Q182591"|"--]CCIMAQ[--"|"BGLAS/1"|"POINT(-6.624444 52.966389)"
"BHILL/1 (Ogham Stone Concept by CISP)"|"Ogham Stone, Ireland"|"Q27"|"Q85396931"|"Q184469"|"--]UN[--]CC[--"|"BHILL/1"|"POINT(-9.687778 52.161944)"
"BIISL/1 (Ogham Stone Concept by CISP)"|"Ogham Stone, Ireland"|"Q27"|"Q85393915"|"Q162475"|"--]OLAGNIMAQ[--"|"BIISL/1"|"POINT(-8.360556 52.008611)"
"BLHER/1 (Ogham Stone Concept by CISP)"|"Ogham Stone, Ireland"|"Q27"|"Q85395552"|"Q184469"|"COIMAGNIMAQIVI ||| TALIN"|"BLHER/1"|"POINT(-10.159444 52.186944)"
"BLHUN/1 (Ogham Stone Concept by CISP)"|"Ogham Stone, Ireland"|"Q27"|"Q85395518"|"Q184469"|"DUGENNGGI | MAQIREDDOS"|"BLHUN/1"|"POINT(-10.029722 52.1875)"
"BLNIG/1 (Ogham Stone Concept by CISP)"|"Ogham Stone, Ireland"|"Q27"|"Q85393959"|"Q184469"|"LUGUQRITMA[QI] | QRITT[I]"|"BLNIG/1"|"POINT(-10.382222 52.166667)"
"BLTAG/1 (Ogham Stone Concept by CISP)"|"Ogham Stone, Ireland"|"Q27"|"Q85393964"|"Q184469"|"AKEVRITTI"|"BLTAG/1"|"POINT(-10.031111 52.1725)"
"BLTAG/2 (Ogham Stone Concept by CISP)"|"Ogham Stone, Ireland"|"Q27"|"Q85393964"|"Q184469"|"MAQQIIARIKIMA ||| QQI ||| MUCCOIDOVVINIAS"|"BLTAG/2"|"POINT(-10.031111 52.1725)"
"BLTAG/3 (Ogham Stone Concept by CISP)"|"Ogham Stone, Ireland"|"Q27"|"Q85393964"|"Q184469"|"DOVETIMAQQI ||| CATTI ||| NI"|"BLTAG/3"|"POINT(-10.031111 52.1725)"
"BLTAG/4 (Ogham Stone Concept by CISP)"|"Ogham Stone, Ireland"|"Q27"|"Q85393964"|"Q184469"|"SUVALLOSMAQ ||| QIDU ||| COVAROS"|"BLTAG/4"|"POINT(-10.031111 52.1725)"
"BLTAG/5 (Ogham Stone Concept by CISP)"|"Ogham Stone, Ireland"|"Q27"|"Q85393964"|"Q184469"|"MAQIDECCEDA ||| MAQI ||| GLASICONAS"|"BLTAG/5"|"POINT(-10.031111 52.1725)"
"BLTAG/6 (Ogham Stone Concept by CISP)"|"Ogham Stone, Ireland"|"Q27"|"Q85393964"|"Q184469"|"TRIAMAQAMAILAGNI"|"BLTAG/6"|"POINT(-10.031111 52.1725)"
"BLTAG/7 (Ogham Stone Concept by CISP)"|"Ogham Stone, Ireland"|"Q27"|"Q85393964"|"Q184469"|"INISSIONAS"|"BLTAG/7"|"POINT(-10.031111 52.1725)"
"BLTAG/8 (Ogham Stone Concept by CISP)"|"Ogham Stone, Ireland"|"Q27"|"Q85393964"|"Q184469"|"CUNAMAQQIA ||| VICOR ||| BBI"|"BLTAG/8"|"POINT(-10.031111 52.1725)"
"BLTAG/9 (Ogham Stone Concept by CISP)"|"Ogham Stone, Ireland"|"Q27"|"Q85393964"|"Q184469"|"NETTALAMINACCAKO ||| IMA ||| QQIMUCOIDOVIN[IA]S"|"BLTAG/9"|"POINT(-10.031111 52.1725)"
"BLTER/1 (Ogham Stone Concept by CISP)"|"Ogham Stone, Ireland"|"Q27"|"Q85395620"|"Q184469"|"VOENACUNASM[--"|"BLTER/1"|"POINT(-10.031389 52.155278)"
"BLTER/2 (Ogham Stone Concept by CISP)"|"Ogham Stone, Ireland"|"Q27"|"Q85395620"|"Q184469"|"[DGW!]OGNO"|"BLTER/2"|"POINT(-10.031389 52.155278)"
"BLVOO/1 (Ogham Stone Concept by CISP)"|"Ogham Stone, Ireland"|"Q27"|"Q85396847"|"Q184594"|"QRIT[-- ||| [O!]MAQ[I LO]BACONA ||| AVINEAGRACOLINEA"|"BLVOO/1"|"POINT(-7.439167 52.133333)"
"BLVOO/2 (Ogham Stone Concept by CISP)"|"Ogham Stone, Ireland"|"Q27"|"Q85396847"|"Q184594"|"NETAVRO ||| QI ||| MAQIQIC[.]"|"BLVOO/2"|"POINT(-7.439167 52.133333)"
"BLYGH/1 (Ogham Stone Concept by CISP)"|"Ogham Stone, Ireland"|"Q27"|"Q85395592"|"Q184469"|"QENILOCIMAQIMAQIAINIAMUC[--"|"BLYGH/1"|"POINT(-10.3275 52.151389)"
"BQUIN/1 (Ogham Stone Concept by CISP)"|"Ogham Stone, Ireland"|"Q27"|"Q85396916"|"Q184594"|"CATABARMOCOVIRICORB"|"BQUIN/1"|"POINT(-7.385 52.311111)"
"BRAGH/1 (Ogham Stone Concept by CISP)"|"Ogham Stone, Ireland"|"Q27"|"Q85395517"|"Q184469"|"[--]"|"BRAGH/1"|"POINT(-10.323333 52.160556)"
"BRAGH/2 (Ogham Stone Concept by CISP)"|"Ogham Stone, Ireland"|"Q27"|"Q85395517"|"Q184469"|"MAQ[U!]LIAGMAQI ||| ER || CA"|"BRAGH/2"|"POINT(-10.323333 52.160556)"
"BRCKN/1 (Ogham Stone Concept by CISP)"|"Ogham Stone, Ireland"|"Q27"|"Q85395554"|"Q184469"|"--][MAQ]QIMUCC[OI][--"|"BRCKN/1"|"POINT(-10.036389 52.146944)"
"BREAS/1 (Ogham Stone Concept by CISP)"|"Ogham Stone, Ireland"|"Q27"|"Q85390394"|"Q178626"|"L[E]GG[--]SD[--]LEGwESCAD"|"BREAS/1"|"POINT(-9.248056 54.248611)"
"BRHAM/1 (Ogham Stone Concept by CISP)"|"Ogham Stone, Ireland"|"Q27"|"Q85395594"|"Q184469"|"MAQQIERCCIASMAQQIMUCOIDOVINIA"|"BRHAM/1"|"POINT(-10.306944 52.125833)"
"BRHKL/1 (Ogham Stone Concept by CISP)"|"Ogham Stone, Ireland"|"Q27"|"Q106628062"|"Q184469"|"--]MAQ[--]LUG[--"|"BRHKL/1"|"POINT(-9.736282 52.067482)"
"BRMOU/1 (Ogham Stone Concept by CISP)"|"Ogham Stone, Ireland"|"Q27"|"Q85395555"|"Q184469"|NULL|"BRMOU/1"|"POINT(-10.159444 52.186944)"
"BURGA/1 (Ogham Stone Concept by CISP)"|"Ogham Stone, Ireland"|"Q27"|"Q85393931"|"Q162475"|"--][Q][--"|"BURGA/1"|"POINT(-9.0125 51.577778)"
"BURNF/1 (Ogham Stone Concept by CISP)"|"Ogham Stone, Ireland"|"Q27"|"Q85393991"|"Q162475"|"SAGITTARI"|"BURNF/1"|"POINT(-8.599444 52.068056)"
"BWEEN/1 (Ogham Stone Concept by CISP)"|"Ogham Stone, Ireland"|"Q27"|"Q85395519"|"Q184469"|"TOGITACCMAQISAGARET ||| TOS"|"BWEEN/1"|"POINT(-10.400833 52.155833)"
"CAMP/1 (Ogham Stone Concept by CISP)"|"Ogham Stone, Ireland"|"Q27"|"Q85395556"|"Q184469"|"{C}O{N}U{N}E{TTM}O{Q}I{C}O{N}U{R}I"|"CAMP/1"|"POINT(-9.910278 52.215)"
"CAMP/2 (Ogham Stone Concept by CISP)"|"Ogham Stone, Ireland"|"Q27"|"Q85395556"|"Q184469"|"--]CCILARIAV[I][--]COIVAG[--"|"CAMP/2"|"POINT(-9.910278 52.215)"
"CARHA/1 (Ogham Stone Concept by CISP)"|"Ogham Stone, Ireland"|"Q27"|"Q85393926"|"Q162475"|"DOMNGEN"|"CARHA/1"|"POINT(-8.956111 51.688333)"
"CARHA/2 (Ogham Stone Concept by CISP)"|"Ogham Stone, Ireland"|"Q27"|"Q85393926"|"Q162475"|"CONANNM[...]S[--"|"CARHA/2"|"POINT(-8.956111 51.688333)"
"CARHA/3 (Ogham Stone Concept by CISP)"|"Ogham Stone, Ireland"|"Q27"|"Q85393926"|"Q162475"|"SCAMAGNI"|"CARHA/3"|"POINT(-8.956111 51.688333)"
"CARIN/1 (Ogham Stone Concept by CISP)"|"Ogham Stone, Ireland"|"Q27"|"Q85395576"|"Q184469"|"ANMCALUMANNMAQ[--"|"CARIN/1"|"POINT(-10.166667 51.921111)"
"CHFLD/1 (Ogham Stone Concept by CISP)"|"Ogham Stone, Ireland"|"Q27"|"Q106628058"|"Q184469"|"[--]"|"CHFLD/1"|"POINT(-10.170106 52.140298)"
"CHLAR/1 (Ogham Stone Concept by CISP)"|"Ogham Stone, Ireland"|"Q27"|"Q85391656"|"Q180231"|"TASEGAGNI ||| [MAQ]IMUCOIMACORBO"|"CHLAR/1"|"POINT(-7.150556 52.651389)"
"CHUIS/1 (Ogham Stone Concept by CISP)"|"Ogham Stone, Ireland"|"Q27"|"Q106626870"|"Q184469"|"BECCDINNMACI ||| R ||| I{TTECC}"|"CHUIS/1"|"POINT(-10.2832 51.9376)"
"CLCAH/1 (Ogham Stone Concept by CISP)"|"Ogham Stone, Ireland"|"Q27"|"Q85395549"|"Q184469"|"D[...]A[.C.]AVIDALAGNI [--"|"CLCAH/1"|"POINT(-10.176944 51.894167)"
"CLHEE/1 (Ogham Stone Concept by CISP)"|"Ogham Stone, Ireland"|"Q27"|"Q106628049"|"Q162475"|"[--]"|"CLHEE/1"|"POINT(-9.134153 51.904032)"
"CLMAC/152 (Ogham Stone Concept by CISP)"|"Ogham Stone, Ireland"|"Q27"|"Q106628033"|"Q184445"|"BOCHT"|"CLMAC/152"|"POINT(-7.985726 53.326779)"
"CLMAC/262 (Ogham Stone Concept by CISP)"|"Ogham Stone, Ireland"|"Q27"|"Q106628033"|"Q184445"|"NADAV[--"|"CLMAC/262"|"POINT(-7.985726 53.326779)"
"CLMOR/1 (Ogham Stone Concept by CISP)"|"Ogham Stone, Ireland"|"Q27"|"Q85391717"|"Q181882"|"--]RENI"|"CLMOR/1"|"POINT(-6.573611 52.826389)"
"CLMOR/2 (Ogham Stone Concept by CISP)"|"Ogham Stone, Ireland"|"Q27"|"Q85391717"|"Q181882"|"[--]
"|"CLMOR/2"|"POINT(-6.573611 52.826389)"
"CLOOM/1 (Ogham Stone Concept by CISP)"|"Ogham Stone, Ireland"|"Q27"|"Q85390407"|"Q107397"|NULL|"CLOOM/1"|"POINT(-7.870556 53.816389)"
"COBOY/1 (Ogham Stone Concept by CISP)"|"Ogham Stone, Ireland"|"Q27"|"Q85396820"|"Q184469"|"CATTUVVIRRMAQIRIT ||| [UVVE] ||| CASMUCOIALLATO"|"COBOY/1"|"POINT(-9.771944 52.165833)"
"COHIL/1 (Ogham Stone Concept by CISP)"|"Ogham Stone, Ireland"|"Q27"|"Q85395548"|"Q184469"|"--MA]Q[I]BROCI"|"COHIL/1"|"POINT(-9.421389 52.566667)"
"COLIN/1 (Ogham Stone Concept by CISP)"|"Ogham Stone, Ireland"|"Q27"|"Q85391762"|"Q173332"|"OVANOSAVII ||| VACA ||| TTOS"|"COLIN/1"|"POINT(-6.756389 53.031111)"
"COLIN/2 (Ogham Stone Concept by CISP)"|"Ogham Stone, Ireland"|"Q27"|"Q85391762"|"Q173332"|"MAQIDDE[CCEDA] ||| MAQ ||| IMARIN"|"COLIN/2"|"POINT(-6.756389 53.031111)"
"COLIN/3 (Ogham Stone Concept by CISP)"|"Ogham Stone, Ireland"|"Q27"|"Q85391762"|"Q173332"|"--]MAQQICOLLABOTA"|"COLIN/3"|"POINT(-6.756389 53.031111)"
"COLIN/4 (Ogham Stone Concept by CISP)"|"Ogham Stone, Ireland"|"Q27"|"Q85391762"|"Q173332"|"--]EGNIKOIMAQIMUC ||| [OI]A[L]I[NI]"|"COLIN/4"|"POINT(-6.756389 53.031111)"
"COLIN/5 (Ogham Stone Concept by CISP)"|"Ogham Stone, Ireland"|"Q27"|"Q85391762"|"Q173332"|"AV[.]S[.]MAQV[.]S"|"COLIN/5"|"POINT(-6.756389 53.031111)"
"COLIN/6 (Ogham Stone Concept by CISP)"|"Ogham Stone, Ireland"|"Q27"|"Q85391762"|"Q173332"|"--]UR[--"|"COLIN/6"|"POINT(-6.756389 53.031111)"
"COLIN/7 (Ogham Stone Concept by CISP)"|"Ogham Stone, Ireland"|"Q27"|"Q85391762"|"Q173332"|"--]LA"|"COLIN/7"|"POINT(-6.756389 53.031111)"
"COOGH/1 (Ogham Stone Concept by CISP)"|"Ogham Stone, Ireland"|"Q27"|"Q85394077"|"Q162475"|"ANMCORREMAQVIUDD[...]METT"|"COOGH/1"|"POINT(-8.823889 51.955833)"
"COOGH/2 (Ogham Stone Concept by CISP)"|"Ogham Stone, Ireland"|"Q27"|"Q85394077"|"Q162475"|"ANMN[ETAC]U[N]AS[CE]L[I]VIDETTAS"|"COOGH/2"|"POINT(-8.823889 51.955833)"
"COOLE/1 (Ogham Stone Concept by CISP)"|"Ogham Stone, Ireland"|"Q27"|"Q85395579"|"Q184469"|"L[OGIT]TIMAQIERPENN"|"COOLE/1"|"POINT(-10.365556 51.912222)"
"COOLE/2 (Ogham Stone Concept by CISP)"|"Ogham Stone, Ireland"|"Q27"|"Q85395579"|"Q184469"|"--]ERLONNAMAQIR[U]T[ENI]"|"COOLE/2"|"POINT(-10.365556 51.912222)"
"COOLH/1 (Ogham Stone Concept by CISP)"|"Ogham Stone, Ireland"|"Q27"|"Q85393945"|"Q162475"|"VEQOANAIMAQIEQOD[--"|"COOLH/1"|"POINT(-9.026388888 51.841944444)"
"COOLM/1 (Ogham Stone Concept by CISP)"|"Ogham Stone, Ireland"|"Q27"|"Q69379704"|"Q184469"|"DEGO{S}MAQIMOCOITOICAKI"|"COOLM/1"|"POINT(-9.642778 52.061111)"
"COOLM/2 (Ogham Stone Concept by CISP)"|"Ogham Stone, Ireland"|"Q27"|"Q69379704"|"Q184469"|"MAQIRITEASMAQIMAQIDDUMILEAS | MUCOITOICACI"|"COOLM/2"|"POINT(-9.642778 52.061111)"
"COOLM/3 (Ogham Stone Concept by CISP)"|"Ogham Stone, Ireland"|"Q27"|"Q69379704"|"Q184469"|"CUNACENA"|"COOLM/3"|"POINT(-9.642778 52.061111)"
"COOLM/4 (Ogham Stone Concept by CISP)"|"Ogham Stone, Ireland"|"Q27"|"Q69379704"|"Q184469"|"MAQITTALMAQIVORGOSMA ||| QIMU ||| COITOICAC"|"COOLM/4"|"POINT(-9.642778 52.061111)"
"COOLM/5 (Ogham Stone Concept by CISP)"|"Ogham Stone, Ireland"|"Q27"|"Q69379704"|"Q184469"|"--]MC[--]GE[--] ||| M ||| [--]Q[--] ||| [--]D[--]E"|"COOLM/5"|"POINT(-9.642778 52.061111)"
"COOLM/6 (Ogham Stone Concept by CISP)"|"Ogham Stone, Ireland"|"Q27"|"Q69379704"|"Q184469"|"NIOTTVRECCMAQI[-- ||| --]GNI"|"COOLM/6"|"POINT(-9.642778 52.061111)"
"COOLM/7 (Ogham Stone Concept by CISP)"|"Ogham Stone, Ireland"|"Q27"|"Q69379704"|"Q184469"|"MAQIDECEDAMAQ[--"|"COOLM/7"|"POINT(-9.642778 52.061111)"
"COOLN/1 (Ogham Stone Concept by CISP)"|"Ogham Stone, Ireland"|"Q27"|"Q85394074"|"Q162475"|NULL|"COOLN/1"|"POINT(-8.539722 51.957778)"
"COOME/1 (Ogham Stone Concept by CISP)"|"Ogham Stone, Ireland"|"Q27"|"Q85394096"|"Q162475"|NULL|"COOME/1"|"POINT(-9.283611 51.733056)"
"CORRO/1 (Ogham Stone Concept by CISP)"|"Ogham Stone, Ireland"|"Q27"|"Q85390388"|"Q178626"|"--MA]QCERAN[I] ||| AVIATHECETAIMIN"|"CORRO/1"|"POINT(-9.083889 54.074444)"
"COTTS/1 (Ogham Stone Concept by CISP)"|"Ogham Stone, Ireland"|"Q27"|"Q85391675"|"Q184599"|"IARNI"|"COTTS/1"|"POINT(-6.4275 52.215278)"
"COUME/1 (Ogham Stone Concept by CISP)"|"Ogham Stone, Ireland"|"Q27"|"Q85395557"|"Q184469"|NULL|"COUME/1"|"POINT(-10.458333 52.111944)"
"CRAG/1 (Ogham Stone Concept by CISP)"|"Ogham Stone, Ireland"|"Q27"|"Q85396823"|"Q184469"|"VELITASLUGUTTI"|"CRAG/1"|"POINT(-9.5325 52.191667)"
"CRCOM/1 (Ogham Stone Concept by CISP)"|"Ogham Stone, Northern Ireland"|"Q145"|"Q85392806"|"Q189592"|"TORAESCEUSASMAQIMUCOIMEUTINI"|"CRCOM/1"|"POINT(-6.183333 54.803056)"
"CRCOM/2 (Ogham Stone Concept by CISP)"|"Ogham Stone, Northern Ireland"|"Q145"|"Q85392806"|"Q189592"|"CAGINADIMAQIVOBARACI"|"CRCOM/2"|"POINT(-6.183333 54.803056)"
"CREHS/1 (Ogham Stone Concept by CISP)"|"Ogham Stone, Ireland"|"Q27"|"Q85396978"|"Q184594"|"VOCAGNI | MAQICUR[I]T"|"CREHS/1"|"POINT(-7.391111 52.330556)"
"CRGHH/1 (Ogham Stone Concept by CISP)"|"Ogham Stone, Ireland"|"Q27"|"Q85396866"|"Q184594"|"[--]"|"CRGHH/1"|"POINT(-7.379167 52.324167)"
"CRGUL/1 (Ogham Stone Concept by CISP)"|"Ogham Stone, Ireland"|"Q27"|"Q85393943"|"Q162475"|"DOVETI[MA]Q[I]LOCARENAS | C[EL]IM[A]Q[I]CULID ||| OVI"|"CRGUL/1"|"POINT(-8.909167 52.0075)"
"CRNLO/1 (Ogham Stone Concept by CISP)"|"Ogham Stone, Ireland"|"Q27"|"Q85393948"|"Q162475"|"SECIDARI"|"CRNLO/1"|"POINT(-8.928056 52.066667)"
"CRSER/1 (Ogham Stone Concept by CISP)"|"Ogham Stone, Ireland"|"Q27"|"Q106628048"|"Q162475"|"--]AF[M!]OLA[--"|"CRSER/1"|"POINT(-9.132804 51.792584)"
"CSKEE/1 (Ogham Stone Concept by CISP)"|"Ogham Stone, Ireland"|"Q27"|"Q85391673"|"Q183544"|"[COV]AGNIMAQ ||| I[MU ||| COI]LUG[UNI]"|"CSKEE/1"|"POINT(-6.96 53.735833)"
"CSMO/1 (Ogham Stone Concept by CISP)"|"Ogham Stone, Ireland"|"Q27"|"Q85391708"|"Q182591"|"NETACARINETACAGI"|"CSMO/1"|"POINT(-6.063611 52.909167)"
"CSTGR/1 (Ogham Stone Concept by CISP)"|"Ogham Stone, Ireland"|"Q27"|"Q106628035"|"Q181882"|"[--]"|"CSTGR/1"|"POINT(-6.74288 52.762953)"
"CURMO/1 (Ogham Stone Concept by CISP)"|"Ogham Stone, Ireland"|"Q27"|"Q85395570"|"Q184469"|"ANMMAGANNMAQINUADAT"|"CURMO/1"|"POINT(-9.621667 52.208611)"
"DEELI/1 (Ogham Stone Concept by CISP)"|"Ogham Stone, Ireland"|"Q27"|"Q85393938"|"Q162475"|"[COLAB]OTMAQIMAQIRI ||| [T]E | [MAQIMU]COICORIBIRI"|"DEELI/1"|"POINT(-8.887778 51.940833)"
"DEGAS/1 (Ogham Stone Concept by CISP)"|"Ogham Stone, Ireland"|"Q27"|"Q85395602"|"Q184469"|"ANMCRUNANMAQLUQIN"|"DEGAS/1"|"POINT(-9.746667 51.91)"
"DENAN/1 (Ogham Stone Concept by CISP)"|"Ogham Stone, Ireland"|"Q27"|"Q85395573"|"Q184469"|"ANMLLATIGNIMAQM[I]N[E]RCM[UCOI] ||| Q[--]CI"|"DENAN/1"|"POINT(-10.122222 51.773056)"
"DERIV/1 (Ogham Stone Concept by CISP)"|"Ogham Stone, Ireland"|"Q27"|"Q85395535"|"Q184469"|"S[M][--]BNAGMA[Q]Q ||| I ||| ERCIA"|"DERIV/1"|"POINT(-9.665 51.974444)"
"DINGL/1 (Ogham Stone Concept by CISP)"|"Ogham Stone, Ireland"|"Q27"|"Q85395597"|"Q184469"|"--][E!]TORIGAS"|"DINGL/1"|"POINT(-10.27 52.14)"
"DKEAR/1 (Ogham Stone Concept by CISP)"|"Ogham Stone, Ireland"|"Q27"|"Q85395550"|"Q184469"|"TIDONN[A]MAQDOMNGINN"|"DKEAR/1"|"POINT(-10.113611 51.848056)"
"DNARD/1 (Ogham Stone Concept by CISP)"|"Ogham Stone, Ireland"|"Q27"|"Q85391710"|"Q182591"|"IA[Q]INIKOI ||| MAQIMUC[--"|"DNARD/1"|"POINT(-6.617778 53.016944)"
"DNBUL/1 (Ogham Stone Concept by CISP)"|"Ogham Stone, Ireland"|"Q27"|"Q85393918"|"Q162475"|"DOCRANORI"|"DNBUL/1"|"POINT(-8.452778 51.980833)"
"DNMOR/1 (Ogham Stone Concept by CISP)"|"Ogham Stone, Ireland"|"Q27"|"Q85391654"|"Q173332"|"NETTAVRECC ||| [KOI]MAQIMUCCOITRENALUGGO"|"DNMOR/1"|"POINT(-6.551111 53.375278)"
"DNWAY/1 (Ogham Stone Concept by CISP)"|"Ogham Stone, Ireland"|"Q27"|"Q106628046"|"Q162475"|"MOESAC"|"DNWAY/1"|"POINT(-9.112042 51.714579)"
"DNWAY/2 (Ogham Stone Concept by CISP)"|"Ogham Stone, Ireland"|"Q27"|"Q106628046"|"Q162475"|"MOUNIN"|"DNWAY/2"|"POINT(-9.112042 51.714579)"
"DNWAY/3 (Ogham Stone Concept by CISP)"|"Ogham Stone, Ireland"|"Q27"|"Q106628046"|"Q162475"|"[A]DARUNM[A]CICOLAL[I]"|"DNWAY/3"|"POINT(-9.112042 51.714579)"
"DOOGH/1 (Ogham Stone Concept by CISP)"|"Ogham Stone, Ireland"|"Q27"|"Q85390429"|"Q178626"|"--][OVIMAQI][--"|"DOOGH/1"|"POINT(-9.87 53.746389)"
"DRCOM/1 (Ogham Stone Concept by CISP)"|"Ogham Stone, Northern Ireland"|"Q145"|"Q85392810"|"Q192761"|"DINEGLO | MAQIQETAIS"|"DRCOM/1"|"POINT(-6.655278 54.307222)"
"DRLUS/1 (Ogham Stone Concept by CISP)"|"Ogham Stone, Ireland"|"Q27"|"Q85395540"|"Q184469"|"CATVVIRRMAQILUGUVVEC"|"DRLUS/1"|"POINT(-9.786667 51.881111)"
"DROMR/1 (Ogham Stone Concept by CISP)"|"Ogham Stone, Ireland"|"Q27"|"Q85396907"|"Q184594"|"COLLABOTMUCOILUGA |  MAQILOBACCONA"|"DROMR/1"|"POINT(-7.848889 52.064444)"
"DROMR/2 (Ogham Stone Concept by CISP)"|"Ogham Stone, Ireland"|"Q27"|"Q85396907"|"Q184594"|"MEDUSIMACILU | MUCOILUGA"|"DROMR/2"|"POINT(-7.848889 52.064444)"
"DROMR/3 (Ogham Stone Concept by CISP)"|"Ogham Stone, Ireland"|"Q27"|"Q85396907"|"Q184594"|"CATTUVIR
"|"DROMR/3"|"POINT(-7.848889 52.064444)"
"DROUK/1 (Ogham Stone Concept by CISP)"|"Ogham Stone, Ireland"|"Q27"|"Q85395543"|"Q184469"|"MO{GW}UNILOCIDMAQIALOTTO"|"DROUK/1"|"POINT(-9.525833 51.885278)"
"DRUML/1 (Ogham Stone Concept by CISP)"|"Ogham Stone, Ireland"|"Q27"|"Q85396849"|"Q184594"|"MANUMAGUNOGATIMOC ||| OI ||| MACORBO"|"DRUML/1"|"POINT(-7.468056 52.163056)"
"DRUML/10 (Ogham Stone Concept by CISP)"|"Ogham Stone, Ireland"|"Q27"|"Q85396849"|"Q184594"|"SOVALINI"|"DRUML/10"|"POINT(-7.468056 52.163056)"
"DRUML/2 (Ogham Stone Concept by CISP)"|"Ogham Stone, Ireland"|"Q27"|"Q85396849"|"Q184594"|"CALUNOVIC ||| [A]MAQ ||| IMUCOILIT[ENI]"|"DRUML/2"|"POINT(-7.468056 52.163056)"
"DRUML/3 (Ogham Stone Concept by CISP)"|"Ogham Stone, Ireland"|"Q27"|"Q85396849"|"Q184594"|"MAQIINI[--] ||| [MAQI ||| QE]TTEAS"|"DRUML/3"|"POINT(-7.468056 52.163056)"
"DRUML/4 (Ogham Stone Concept by CISP)"|"Ogham Stone, Ireland"|"Q27"|"Q85396849"|"Q184594"|"CUNALEGEAMAQIC ||| [--]SALARCELIAVI ||| QVECI"|"DRUML/4"|"POINT(-7.468056 52.163056)"
"DRUML/5 (Ogham Stone Concept by CISP)"|"Ogham Stone, Ireland"|"Q27"|"Q85396849"|"Q184594"|"BIGUMAQI ||| LAG[--"|"DRUML/5"|"POINT(-7.468056 52.163056)"
"DRUML/6 (Ogham Stone Concept by CISP)"|"Ogham Stone, Ireland"|"Q27"|"Q85396849"|"Q184594"|"BIRMAQIMUCOI ||| R ||| OTTAIS"|"DRUML/6"|"POINT(-7.468056 52.163056)"
"DRUML/7 (Ogham Stone Concept by CISP)"|"Ogham Stone, Ireland"|"Q27"|"Q85396849"|"Q184594"|"--]MAQINE ||| [TACUN] ||| AS"|"DRUML/7"|"POINT(-7.468056 52.163056)"
"DRUML/8 (Ogham Stone Concept by CISP)"|"Ogham Stone, Ireland"|"Q27"|"Q85396849"|"Q184594"|"DENAVEC ||| [AMU]COIMEDALO"|"DRUML/8"|"POINT(-7.468056 52.163056)"
"DRUML/9 (Ogham Stone Concept by CISP)"|"Ogham Stone, Ireland"|"Q27"|"Q85396849"|"Q184594"|"BRO[INION]AS"|"DRUML/9"|"POINT(-7.468056 52.163056)"
"DRUMM/1 (Ogham Stone Concept by CISP)"|"Ogham Stone, Ireland"|"Q27"|"Q85390417"|"Q179437"|"CUNOVATO"|"DRUMM/1"|"POINT(-8.362222 53.84)"
"DUNAL/1 (Ogham Stone Concept by CISP)"|"Ogham Stone, Northern Ireland"|"Q145"|"Q85392833"|"Q192208"|"BROCAGNIMAQIMU"|"DUNAL/1"|"POINT(-6.744444 55.116667)"
"DUNB/1 (Ogham Stone Concept by CISP)"|"Ogham Stone, Ireland"|"Q27"|"Q85391719"|"Q180231"|"BRAN[I]TTASM[A]QIDUCR[I]DDA"|"DUNB/1"|"POINT(-7.172222 52.617778)"
"DUNB/2 (Ogham Stone Concept by CISP)"|"Ogham Stone, Ireland"|"Q27"|"Q85391719"|"Q180231"|"NAVALLOAVVIGENITTAC[--"|"DUNB/2"|"POINT(-7.172222 52.617778)"
"DUNGM/1 (Ogham Stone Concept by CISP)"|"Ogham Stone, Ireland"|"Q27"|"Q85392823"|"Q187402"|"OVOMAN[I]"|"DUNGM/1"|"POINT(-7.209444 53.794444)"
"EMLGE/1 (Ogham Stone Concept by CISP)"|"Ogham Stone, Ireland"|"Q27"|"Q85395559"|"Q184469"|"BRUSCCOSMAQQICALI ||| ACI[AS]M[AQQIMUCOI][--"|"EMLGE/1"|"POINT(-10.228056 52.133056)"
"EMLGW/1 (Ogham Stone Concept by CISP)"|"Ogham Stone, Ireland"|"Q27"|"Q85395521"|"Q184469"|NULL|"EMLGW/1"|"POINT(-10.270556 52.135278)"
"FARAN/1 (Ogham Stone Concept by CISP)"|"Ogham Stone, Ireland"|"Q27"|"Q106628057"|"Q184469"|"[--]"|"FARAN/1"|"POINT(-10.269408 52.139327)"
"FIDUP/1 (Ogham Stone Concept by CISP)"|"Ogham Stone, Ireland"|"Q27"|"Q85391658"|"Q180231"|"DRUGNOMAQIMU ||| COI[--]NAMI"|"FIDUP/1"|"POINT(-7.036389 52.518889)"
"FKWOO/1 (Ogham Stone Concept by CISP)"|"Ogham Stone, Ireland"|"Q27"|"Q85393998"|"Q162475"|"MAQIDECCEDDASAVITURANIAS"|"FKWOO/1"|"POINT(-9.935278 51.712222)"
"FORTW/1 (Ogham Stone Concept by CISP)"|"Ogham Stone, Ireland"|"Q27"|"Q85394087"|"Q184469"|"ANMVEDLLOIGOIMACI ||| SE ||| DDOINI"|"FORTW/1"|"POINT(-9.724167 52.362778)"
"FOXCA/1 (Ogham Stone Concept by CISP)"|"Ogham Stone, Ireland"|"Q27"|"Q85396851"|"Q184594"|"--]AVIDAIMAGNI"|"FOXCA/1"|"POINT(-7.495 52.155278)"
"GAMIL/1 (Ogham Stone Concept by CISP)"|"Ogham Stone, Ireland"|"Q27"|"Q85396944"|"Q184594"|"GOSOCTASMUCOIMACORBO"|"GAMIL/1"|"POINT(-7.483333 52.191389)"
"GAMIL/2 (Ogham Stone Concept by CISP)"|"Ogham Stone, Ireland"|"Q27"|"Q85396944"|"Q184594"|"MELAGIA"|"GAMIL/2"|"POINT(-7.483333 52.191389)"
"GARES/1 (Ogham Stone Concept by CISP)"|"Ogham Stone, Ireland"|"Q27"|"Q69385525"|"Q162475"|"C[A]SSITT[A]SMAQ ||| IMUC ||| OICALLITI"|"GARES/1"|"POINT(-8.761667 51.816389)"
"GEARS/1 (Ogham Stone Concept by CISP)"|"Ogham Stone, Ireland"|"Q27"|"Q106628051"|"Q184469"|"BRANADDOVMAMAQIQOLIMUCOIDOVI[--"|"GEARS/1"|"POINT(-9.765716 51.889059)"
"GLEBE/1 (Ogham Stone Concept by CISP)"|"Ogham Stone, Ireland"|"Q27"|"Q85394021"|"Q162475"|"LI[T]UBIRIMAQI || [.]E[.]IA"|"GLEBE/1"|"POINT(-9.115 51.849444)"
"GLEBE/2 (Ogham Stone Concept by CISP)"|"Ogham Stone, Ireland"|"Q27"|"Q85394021"|"Q162475"|"LACAVAGNI[--"|"GLEBE/2"|"POINT(-9.115 51.849444)"
"GLEBE/3 (Ogham Stone Concept by CISP)"|"Ogham Stone, Ireland"|"Q27"|"Q85394021"|"Q162475"|"VAITEVIA"|"GLEBE/3"|"POINT(-9.115 51.849444)"
"GLEWI/1 (Ogham Stone Concept by CISP)"|"Ogham Stone, Ireland"|"Q27"|"Q85393995"|"Q162475"|"COLOMAGN[A!][.]V[.]DUC[A!][R.]"|"GLEWI/1"|"POINT(-8.175556 51.969444)"
"GLEWI/2 (Ogham Stone Concept by CISP)"|"Ogham Stone, Ireland"|"Q27"|"Q85393995"|"Q162475"|"LODIM[O]NI"|"GLEWI/2"|"POINT(-8.175556 51.969444)"
"GLHAN/1 (Ogham Stone Concept by CISP)"|"Ogham Stone, Ireland"|"Q27"|"Q85395523"|"Q184469"|"LMCBDV"|"GLHAN/1"|"POINT(-10.437222 52.103333)"
"GLINS/1 (Ogham Stone Concept by CISP)"|NULL|NULL|"Q106628071"|NULL|"[--]"|"GLINS/1"|NULL
"GLLOG/1 (Ogham Stone Concept by CISP)"|"Ogham Stone, Ireland"|"Q27"|"Q85394126"|"Q162475"|"CUNAGUSSOS{U}MA[..] | [--Q--"|"GLLOG/1"|"POINT(-8.866111 51.991111)"
"GLNMO/1 (Ogham Stone Concept by CISP)"|"Ogham Stone, Ireland"|"Q27"|"Q85395522"|"Q184469"|"GANICCA"|"GLNMO/1"|"POINT(-10.159444 52.186944)"
"GLSHS/1 (Ogham Stone Concept by CISP)"|"Ogham Stone, Ireland"|"Q27"|"Q106628068"|"Q162475"|"[--]"|"GLSHS/1"|"POINT(-8.538435 52.031405)"
"GORGH/1 (Ogham Stone Concept by CISP)"|"Ogham Stone, Ireland"|"Q27"|"Q85395524"|"Q184469"|"MAQQIDECEDDA | MAQQICATUV[!U][Q--]"|"GORGH/1"|"POINT(-10.126667 52.140833)"
"GOUR/1 (Ogham Stone Concept by CISP)"|"Ogham Stone, Ireland"|"Q27"|"Q85394098"|"Q162475"|"[CARI]"|"GOUR/1"|"POINT(-9.981667 51.628889)"
"GOWRN/1 (Ogham Stone Concept by CISP)"|"Ogham Stone, Ireland"|"Q27"|"Q85391704"|"Q180231"|"MAQIERAC[I]AS ||| [MA]QI | DIMAQ[A]MUC[OI][--"|"GOWRN/1"|"POINT(-7.066111 52.6325)"
"GRANG/1 (Ogham Stone Concept by CISP)"|"Ogham Stone, Ireland"|"Q27"|"Q85396845"|"Q184594"|"--DI]MAQIMUCOI | IVODACCA"|"GRANG/1"|"POINT(-7.755833 51.988333)"
"GRENL/1 (Ogham Stone Concept by CISP)"|"Ogham Stone, Ireland"|"Q27"|"Q72006007"|"Q162475"|"T[R]EN[UMA]QIMUCOIQRITTI"|"GRENL/1"|"POINT(-8.601944 52.081111)"
"GRENL/2 (Ogham Stone Concept by CISP)"|"Ogham Stone, Ireland"|"Q27"|"Q72006007"|"Q162475"|"CATTUBUTTASMA[Q--"|"GRENL/2"|"POINT(-8.601944 52.081111)"
"GRISL/1 (Ogham Stone Concept by CISP)"|"Ogham Stone, Ireland"|"Q27"|"Q85391722"|"Q184599"|"LON[.]MI | [.]V[.]BARI"|"GRISL/1"|"POINT(-6.6177 52.1173)"
"GRMGH/1 (Ogham Stone Concept by CISP)"|"Ogham Stone, Ireland"|"Q27"|"Q85391660"|"Q180231"|"[--]"|"GRMGH/1"|"POINT(-6.958056 52.5425)"
"GRTMA/1 (Ogham Stone Concept by CISP)"|"Ogham Stone, Ireland"|"Q27"|"Q85395607"|"Q184469"|"NOARRAMAQIVORUDRAN"|"GRTMA/1"|"POINT(-9.551667 51.8475)"
"GURAN/1 (Ogham Stone Concept by CISP)"|"Ogham Stone, Ireland"|"Q27"|"Q85396933"|"Q184469"|"DUMELIMAQIGL ||| ASIC ||| ONAS | NIOTTACOBRAN ||| OR[--"|"GURAN/1"|"POINT(-9.581944 52.226667)"
"HLAND/1 (Ogham Stone Concept by CISP)"|"Ogham Stone, Ireland"|"Q27"|"Q85391680"|"Q184599"|"SEDAN[IMAQQI ||| CAT]TABBOT ||| TAVVIDERCMASOC"|"HLAND/1"|"POINT(-6.887778 52.161389)"
"HTOWN/1 (Ogham Stone Concept by CISP)"|"Ogham Stone, Ireland"|"Q27"|"Q106628037"|"Q181882"|"[--]"|"HTOWN/1"|"POINT(-6.560318 52.862438)"
"INAGH/1 (Ogham Stone Concept by CISP)"|"Ogham Stone, Ireland"|"Q27"|"Q85395624"|"Q184469"|"--]ORIBRASSIA"|"INAGH/1"|"POINT(-9.389167 51.839444)"
"INCHA/1 (Ogham Stone Concept by CISP)"|"Ogham Stone, Ireland"|"Q27"|"Q85390377"|"Q169923"|NULL|"INCHA/1"|"POINT(-9.316944 53.485556)"
"INVIC/1 (Ogham Stone Concept by CISP)"|"Ogham Stone, Ireland"|"Q27"|"Q85395526"|"Q184469"|"[..]BB[.]AVIVLATIAMIMAQ[--"|"INVIC/1"|"POINT(-10.607778 52.044444)"
"ISLAN/1 (Ogham Stone Concept by CISP)"|"Ogham Stone, Ireland"|"Q27"|"Q85390382"|"Q178626"|"CUNALEGIAVIQUNACANOS"|"ISLAN/1"|"POINT(-8.805 53.781667)"
"KEELW/1 (Ogham Stone Concept by CISP)"|"Ogham Stone, Ireland"|"Q27"|"Q106628069"|"Q178626"|"OR || AIT | ARA || NMAIN | SCA || DLAN"|"KEELW/1"|"POINT(-10.180949 53.983608)"
"KEENH/1 (Ogham Stone Concept by CISP)"|"Ogham Stone, Ireland"|"Q27"|"Q85393928"|"Q162475"|"ANMCASONI[MAQ]IRODAGNI"|"KEENH/1"|"POINT(-9.185833 51.759444)"
"KFNTN/1 (Ogham Stone Concept by CISP)"|"Ogham Stone, Ireland"|"Q27"|"Q85395599"|"Q184469"|"EQODDI"|"KFNTN/1"|"POINT(-10.300556 52.153333)"
"KILEG/1 (Ogham Stone Concept by CISP)"|"Ogham Stone, Ireland"|"Q27"|"Q85391677"|"Q184599"|NULL|"KILEG/1"|"POINT(-6.530278 52.543611)"
"KILMA/1 (Ogham Stone Concept by CISP)"|"Ogham Stone, Ireland"|"Q27"|"Q72006009"|"Q178626"|"LUGADDONMAQ ||| IL ||| UGUDEC"|"KILMA/1"|"POINT(-8.765556 53.773611)"
"KILTH/1 (Ogham Stone Concept by CISP)"|"Ogham Stone, Ireland"|"Q27"|"Q85394079"|"Q162475"|"LUGUDUCMAQIMAQIOC ||| [--]CI[--"|"KILTH/1"|"POINT(-8.81 51.9875)"
"KINET/1 (Ogham Stone Concept by CISP)"|"Ogham Stone, Ireland"|"Q27"|"Q85395530"|"Q184469"|"MARIANI"|"KINET/1"|"POINT(-10.194444 52.120556)"
"KINET/2 (Ogham Stone Concept by CISP)"|"Ogham Stone, Ireland"|"Q27"|"Q85395530"|"Q184469"|"SAGWTILLOTETIAVISRUSA"|"KINET/2"|"POINT(-10.194444 52.120556)"
"KLBEG/1 (Ogham Stone Concept by CISP)"|"Ogham Stone, Ireland"|"Q27"|"Q85396852"|"Q184594"|"BIVODON | MUCOIATAR"|"KLBEG/1"|"POINT(-7.544722 52.110278)"
"KLBON/1 (Ogham Stone Concept by CISP)"|"Ogham Stone, Ireland"|"Q27"|"Q85396894"|"Q184469"|"B[...]AGNIMAQIADDILONA"|"KLBON/1"|"POINT(-9.673611 52.086111)"
"KLCAS/1 (Ogham Stone Concept by CISP)"|"Ogham Stone, Ireland"|"Q27"|"Q85394111"|"Q162475"|"LUGUQRIT ||| [--] ||| [--]LONAS"|"KLCAS/1"|"POINT(-9.711944 51.7275)"
"KLCOO/1 (Ogham Stone Concept by CISP)"|"Ogham Stone, Ireland"|"Q27"|"Q85395537"|"Q184469"|"CEDATTOQAMAQI | TELEDMEVVI"|"KLCOO/1"|"POINT(-9.747222 52.071944)"
"KLCOO/2 (Ogham Stone Concept by CISP)"|"Ogham Stone, Ireland"|"Q27"|"Q85395537"|"Q184469"|NULL|"KLCOO/2"|"POINT(-9.747222 52.071944)"
"KLCOO/3 (Ogham Stone Concept by CISP)"|"Ogham Stone, Ireland"|"Q27"|"Q85395537"|"Q184469"|NULL|"KLCOO/3"|"POINT(-9.747222 52.071944)"
"KLCOO/4 (Ogham Stone Concept by CISP)"|"Ogham Stone, Ireland"|"Q27"|"Q85395537"|"Q184469"|"--]GGOMAQIAGILL[--"|"KLCOO/4"|"POINT(-9.747222 52.071944)"
"KLCOO/5 (Ogham Stone Concept by CISP)"|"Ogham Stone, Ireland"|"Q27"|"Q85395537"|"Q184469"|"DUBE[B] | --][Q/N][--"|"KLCOO/5"|"POINT(-9.747222 52.071944)"
"KLCOO/6 (Ogham Stone Concept by CISP)"|"Ogham Stone, Ireland"|"Q27"|"Q85395537"|"Q184469"|"RITTUVVECCMAQ ||| [I]V ||| EDDONOS"|"KLCOO/6"|"POINT(-9.747222 52.071944)"
"KLCOO/7 (Ogham Stone Concept by CISP)"|"Ogham Stone, Ireland"|"Q27"|"Q85395537"|"Q184469"|"--]L[-- | --]M[--"|"KLCOO/7"|"POINT(-9.747222 52.071944)"
"KLCOO/8 (Ogham Stone Concept by CISP)"|"Ogham Stone, Ireland"|"Q27"|"Q85395537"|"Q184469"|"--]URG[--"|"KLCOO/8"|"POINT(-9.747222 52.071944)"
"KLCUM/1 (Ogham Stone Concept by CISP)"|"Ogham Stone, Ireland"|"Q27"|"Q85391730"|"Q181882"|NULL|"KLCUM/1"|"POINT(-6.956452 52.631753)"
"KLGOB/1 (Ogham Stone Concept by CISP)"|"Ogham Stone, Ireland"|"Q27"|"Q85395538"|"Q184469"|"ANNVEN ||| ITE ||| GG[--"|"KLGOB/1"|"POINT(-9.718889 52.068056)"
"KLGOB/2 (Ogham Stone Concept by CISP)"|"Ogham Stone, Ireland"|"Q27"|"Q85395538"|"Q184469"|"LUGUQQRITTAS"|"KLGOB/2"|"POINT(-9.718889 52.068056)"
"KLGOB/3 (Ogham Stone Concept by CISP)"|"Ogham Stone, Ireland"|"Q27"|"Q85395538"|"Q184469"|"--]HATA[--"|"KLGOB/3"|"POINT(-9.718889 52.068056)"
"KLGRO/1 (Ogham Stone Concept by CISP)"|"Ogham Stone, Ireland"|"Q27"|"Q85395618"|"Q184469"|"ANM M{O}L{E}G{O}MRIDMACIV{E}CUM{E}N"|"KLGRO/1"|"POINT(-10.175833 51.913333)"
"KLGRV/1 (Ogham Stone Concept by CISP)"|"Ogham Stone, Ireland"|"Q27"|"Q85396854"|"Q184594"|"[CU]NAMAQILUGUDECAMU ||| C[OI] ||| CUNEA"|"KLGRV/1"|"POINT(-7.549722 52.090556)"
"KLGRV/2 (Ogham Stone Concept by CISP)"|"Ogham Stone, Ireland"|"Q27"|"Q85396854"|"Q184594"|"NISIGNIMAQIER[-- ||| --]I"|"KLGRV/2"|"POINT(-7.549722 52.090556)"
"KLGRV/3 (Ogham Stone Concept by CISP)"|"Ogham Stone, Ireland"|"Q27"|"Q85396854"|"Q184594"|"DEBRAN ||| IMAQI ELTI | AVIOGATOS"|"KLGRV/3"|"POINT(-7.549722 52.090556)"
"KLGRV/4 (Ogham Stone Concept by CISP)"|"Ogham Stone, Ireland"|"Q27"|"Q85396854"|"Q184594"|"--]VAGNIMUCOICUNIA"|"KLGRV/4"|"POINT(-7.549722 52.090556)"
"KLGRV/5 (Ogham Stone Concept by CISP)"|"Ogham Stone, Ireland"|"Q27"|"Q85396854"|"Q184594"|"MAQIE[.][--"|"KLGRV/5"|"POINT(-7.549722 52.090556)"
"KLGRV/6 (Ogham Stone Concept by CISP)"|"Ogham Stone, Ireland"|"Q27"|"Q85396854"|"Q184594"|"--]UMAQICUMOGODUUMUCO[--"|"KLGRV/6"|"POINT(-7.549722 52.090556)"
"KLKEE/1 (Ogham Stone Concept by CISP)"|"Ogham Stone, Ireland"|"Q27"|"Q85395582"|"Q184469"|"MAQIR[O!][--][A!]"|"KLKEE/1"|"POINT(-10.029167 52.031111)"
"KLLAG/1 (Ogham Stone Concept by CISP)"|"Ogham Stone, Ireland"|"Q27"|"Q106628052"|"Q184469"|"DOVATTACAV[I][--]ILEH"|"KLLAG/1"|"POINT(-10.058583 51.907671)"
"KLLOE/1 (Ogham Stone Concept by CISP)"|"Ogham Stone, Ireland"|"Q27"|"Q85393912"|"Q181862"|"BENDACHT [-- | TOROQR[--"|"KLLOE/1"|"POINT(-8.447778 52.803333)"
"KLMOL/1 (Ogham Stone Concept by CISP)"|"Ogham Stone, Ireland"|"Q27"|"Q85396911"|"Q184594"|"--]NN"|"KLMOL/1"|"POINT(-7.804444 52.1025)"
"KLORG/1 (Ogham Stone Concept by CISP)"|"Ogham Stone, Ireland"|"Q27"|"Q85396826"|"Q184469"|"--][U!][--"|"KLORG/1"|"POINT(-9.540833 52.233611)"
"KLORG/2 (Ogham Stone Concept by CISP)"|"Ogham Stone, Ireland"|"Q27"|"Q85396826"|"Q184469"|"--]MAQIRECTA"|"KLORG/2"|"POINT(-9.540833 52.233611)"
"KLORG/3 (Ogham Stone Concept by CISP)"|"Ogham Stone, Ireland"|"Q27"|"Q85396826"|"Q184469"|"[--]"|"KLORG/3"|"POINT(-9.540833 52.233611)"
"KLQAN/1 (Ogham Stone Concept by CISP)"|"Ogham Stone, Ireland"|"Q27"|"Q106628056"|"Q184469"|"[--]"|"KLQAN/1"|"POINT(-10.318342 52.209394)"
"KLURL/1 (Ogham Stone Concept by CISP)"|"Ogham Stone, Ireland"|"Q27"|"Q85395551"|"Q184469"|"--]OTANIM[A]QILOSAGNI"|"KLURL/1"|"POINT(-10.301944 51.843333)"
"KLURL/2 (Ogham Stone Concept by CISP)"|"Ogham Stone, Ireland"|"Q27"|"Q85395551"|"Q184469"|"[--]"|"KLURL/2"|"POINT(-10.301944 51.843333)"
"KLVMO/1 (Ogham Stone Concept by CISP)"|"Ogham Stone, Ireland"|"Q27"|"Q85394084"|"Q162475"|"ASSICONA"|"KLVMO/1"|"POINT(-9.228056 51.828333)"
"KLWER/1 (Ogham Stone Concept by CISP)"|"Ogham Stone, Ireland"|"Q27"|"Q85394014"|"Q162475"|"UDDMENSACELI ||| NETTA ||| SLOGI"|"KLWER/1"|"POINT(-8.789444 51.985556)"
"KMKDR/3 (Ogham Stone Concept by CISP)"|"Ogham Stone, Ireland"|"Q27"|"Q85395528"|"Q184469"|NULL|"KMKDR/3"|"POINT(-10.333056 52.188333)"
"KNBOY/1 (Ogham Stone Concept by CISP)"|"Ogham Stone, Ireland"|"Q27"|"Q85396914"|"Q184594"|"--]ER[.]T[.]M[.]C[..]NETAS[....]ONAS"|"KNBOY/1"|"POINT(-7.6 52.111389)"
"KNBOY/2 (Ogham Stone Concept by CISP)"|"Ogham Stone, Ireland"|"Q27"|"Q85396914"|"Q184594"|"--][RG][--][BAR]CEN[--"|"KNBOY/2"|"POINT(-7.6 52.111389)"
"KNBOY/3 (Ogham Stone Concept by CISP)"|"Ogham Stone, Ireland"|"Q27"|"Q85396914"|"Q184594"|"CORB"|"KNBOY/3"|"POINT(-7.6 52.111389)"
"KNBOY/4 (Ogham Stone Concept by CISP)"|"Ogham Stone, Ireland"|"Q27"|"Q85396914"|"Q184594"|"Q[.]CC[...]M[.]C[...]R[.]E[......]"|"KNBOY/4"|"POINT(-7.6 52.111389)"
"KNBOY/5 (Ogham Stone Concept by CISP)"|"Ogham Stone, Ireland"|"Q27"|"Q85396914"|"Q184594"|"--]CIRMAQIMUC[--"|"KNBOY/5"|"POINT(-7.6 52.111389)"
"KNBOY/6 (Ogham Stone Concept by CISP)"|"Ogham Stone, Ireland"|"Q27"|"Q85396914"|"Q184594"|"VORTIGURN"|"KNBOY/6"|"POINT(-7.6 52.111389)"
"KNBOY/7 (Ogham Stone Concept by CISP)"|"Ogham Stone, Ireland"|"Q27"|"Q85396914"|"Q184594"|"VEDABARM ||| [.Q] ||| [--]LSM | MOCOIODR ||| [--]REA"|"KNBOY/7"|"POINT(-7.6 52.111389)"
"KNBOY/8 (Ogham Stone Concept by CISP)"|"Ogham Stone, Ireland"|"Q27"|"Q85396914"|"Q184594"|"--][E!]MOGwEDIAS ||| MAQ ||| IMUIBITI"|"KNBOY/8"|"POINT(-7.6 52.111389)"
"KNICK/1 (Ogham Stone Concept by CISP)"|"Ogham Stone, Ireland"|"Q27"|"Q85391711"|"Q182591"|"MAQINI |||| LI"|"KNICK/1"|"POINT(-6.535 52.998056)"
"KNKLA/1 (Ogham Stone Concept by CISP)"|"Ogham Stone, Ireland"|"Q27"|"Q85396870"|"Q184594"|"LUGUDIMAQI[L-- ||| --]D[-- ||| --]QAMOCOIDONM[A]"|"KNKLA/1"|"POINT(-7.511667 52.326389)"
"KNMAH/1 (Ogham Stone Concept by CISP)"|"Ogham Stone, Ireland"|"Q27"|"Q106626874"|"Q184594"|"SENAQMA[Q^C][-- ||| --][Q^C][--]NA"|"KNMAH/1"|"POINT(-7.35056 52.14028)"
"KNOUR/1 (Ogham Stone Concept by CISP)"|"Ogham Stone, Ireland"|"Q27"|"Q85393940"|"Q162475"|"B[--]Q[--]HAGA[--]DL"|"KNOUR/1"|"POINT(-8.838889 51.9575)"
"KNOUR/2 (Ogham Stone Concept by CISP)"|"Ogham Stone, Ireland"|"Q27"|"Q85393940"|"Q162475"|"[--]"|"KNOUR/2"|"POINT(-8.838889 51.9575)"
"KNWEE/1 (Ogham Stone Concept by CISP)"|"Ogham Stone, Ireland"|"Q27"|"Q69383268"|"Q162475"|"[M]I[C]ANAVVI MAQ L[U]G[U]N[.]"|"KNWEE/1"|"POINT(-8.794722 51.868056)"
"KNWEE/2 (Ogham Stone Concept by CISP)"|"Ogham Stone, Ireland"|"Q27"|"Q69383268"|"Q162475"|"VEQI{X}A[M^B]IMAQILUGUNI"|"KNWEE/2"|"POINT(-8.794722 51.868056)"
"KNWEE/3 (Ogham Stone Concept by CISP)"|"Ogham Stone, Ireland"|"Q27"|"Q69383268"|"Q162475"|"GRIMIGGN[--]ICERC[.--"|"KNWEE/3"|"POINT(-8.794722 51.868056)"
"KNWEE/4 (Ogham Stone Concept by CISP)"|"Ogham Stone, Ireland"|"Q27"|"Q69383268"|"Q162475"|"CULRIGAIMAQIMENUMAQ[--"|"KNWEE/4"|"POINT(-8.794722 51.868056)"
"KNWEE/5 (Ogham Stone Concept by CISP)"|"Ogham Stone, Ireland"|"Q27"|"Q69383268"|"Q162475"|"BRANI MAQQIMU || CC || [--][R.L][--"|"KNWEE/5"|"POINT(-8.794722 51.868056)"
"KNWEE/6 (Ogham Stone Concept by CISP)"|"Ogham Stone, Ireland"|"Q27"|"Q69383268"|"Q162475"|"COLLOS[--"|"KNWEE/6"|"POINT(-8.794722 51.868056)"
"LABAN/1 (Ogham Stone Concept by CISP)"|"Ogham Stone, Ireland"|"Q27"|"Q106628044"|"Q162475"|"QUTQ"|"LABAN/1"|"POINT(-8.741852 51.995245)"
"LAMOG/1 (Ogham Stone Concept by CISP)"|"Ogham Stone, Ireland"|"Q27"|"Q85391666"|"Q180231"|"SEVERRIT |||[--] ||| TTAIS"|"LAMOG/1"|"POINT(-7.360833 52.443889)"
"LAMOG/2 (Ogham Stone Concept by CISP)"|"Ogham Stone, Ireland"|"Q27"|"Q85391666"|"Q180231"|"DOVATUCI[A]V ||| I ||| TULOTANAGIA"|"LAMOG/2"|"POINT(-7.360833 52.443889)"
"LEGAN/1 (Ogham Stone Concept by CISP)"|"Ogham Stone, Ireland"|"Q27"|"Q85391706"|"Q180231"|"LOBB[.]X[..]MAQQIMUC || [..][R] || [.]N[.]"|"LEGAN/1"|"POINT(-7.158611 52.538611)"
"LETER/1 (Ogham Stone Concept by CISP)"|"Ogham Stone, Ireland"|"Q27"|"Q85395585"|"Q184469"|"--]QNETN[O!][--"|"LETER/1"|"POINT(-10.220833 51.923333)"
"LETWE/1 (Ogham Stone Concept by CISP)"|"Ogham Stone, Ireland"|"Q27"|"Q85396891"|"Q184469"|"ANMGATT{X}GLAN"|"LETWE/1"|"POINT(-10.025278 52.013611)"
"LHANE/1 (Ogham Stone Concept by CISP)"|"Ogham Stone, Ireland"|"Q27"|"Q106628067"|"Q162475"|"COLMANMACICOMGANN"|"LHANE/1"|"POINT(-9.046029 52.051362)"
"LHANE/2 (Ogham Stone Concept by CISP)"|"Ogham Stone, Ireland"|"Q27"|"Q106628067"|"Q162475"|"CROCCANMAQIDOMONIGART"|"LHANE/2"|"POINT(-9.046029 52.051362)"
"LMNGH/1 (Ogham Stone Concept by CISP)"|"Ogham Stone, Ireland"|"Q27"|"Q85395546"|"Q184469"|"OTTINNMAQIVEC[R--"|"LMNGH/1"|"POINT(-9.413611 51.883333)"
"LUGUL/1 (Ogham Stone Concept by CISP)"|"Ogham Stone, Ireland"|"Q27"|"Q85395562"|"Q184469"|"GOSSUCTTIAS"|"LUGUL/1"|"POINT(-10.124722 52.135833)"
"LUGUL/2 (Ogham Stone Concept by CISP)"|"Ogham Stone, Ireland"|"Q27"|"Q85395562"|"Q184469"|"GAMICUNAS"|"LUGUL/2"|"POINT(-10.124722 52.135833)"
"MANGE/1 (Ogham Stone Concept by CISP)"|"Ogham Stone, Ireland"|"Q27"|"Q85395541"|"Q184469"|"--][!O]NEGGN[I]"|"MANGE/1"|"POINT(-9.875 51.858611)"
"MAUIG/1 (Ogham Stone Concept by CISP)"|"Ogham Stone, Ireland"|"Q27"|"Q85395564"|"Q184469"|"AMNCOLOL ||| {Th}MANALITI ||| R"|"MAUIG/1"|"POINT(-10.359444 52.144722)"
"MNTRI/1 (Ogham Stone Concept by CISP)"|"Ogham Stone, Ireland"|"Q27"|"Q85394114"|"Q162475"|"[MADOR]AMAQIDEGO"|"MNTRI/1"|"POINT(-8.829444 51.970833)"
"MNTRI/2 (Ogham Stone Concept by CISP)"|"Ogham Stone, Ireland"|"Q27"|"Q85394114"|"Q162475"|"MAQIBRI[-- | --]CELIALACA[--"|"MNTRI/2"|"POINT(-8.829444 51.970833)"
"MNTRU/1 (Ogham Stone Concept by CISP)"|"Ogham Stone, Ireland"|"Q27"|"Q85396939"|"Q178283"|"IVAGENIMAQI | LAISCEMITA"|"MNTRU/1"|"POINT(-8.562778 52.328611)"
"MONAT/1 (Ogham Stone Concept by CISP)"|"Ogham Stone, Ireland"|"Q27"|"Q85394081"|"Q162475"|"--][M][--][M][--"|"MONAT/1"|"POINT(-8.779444 51.974444)"
"MONAT/2 (Ogham Stone Concept by CISP)"|"Ogham Stone, Ireland"|"Q27"|"Q85394081"|"Q162475"|"DALAGNIMAQIDALI"|"MONAT/2"|"POINT(-8.779444 51.974444)"
"MONAT/3 (Ogham Stone Concept by CISP)"|"Ogham Stone, Ireland"|"Q27"|"Q85394081"|"Q162475"|"BROINIENAS{K}OINETATTRENALUGOS"|"MONAT/3"|"POINT(-8.779444 51.974444)"
"MONAT/4 (Ogham Stone Concept by CISP)"|"Ogham Stone, Ireland"|"Q27"|"Q85394081"|"Q162475"|"VERGOSOMACILLOMINACCA"|"MONAT/4"|"POINT(-8.779444 51.974444)"
"MRAME/1 (Ogham Stone Concept by CISP)"|"Ogham Stone, Ireland"|"Q27"|"Q85395622"|"Q184469"|"QENILOCGNIMAQID[--"|"MRAME/1"|"POINT(-10.023333 52.251944)"
"MUSIC/1 (Ogham Stone Concept by CISP)"|"Ogham Stone, Ireland"|"Q27"|"Q85394128"|"Q162475"|"[MI]NNACCANNIMAQIAILLUATTAN"|"MUSIC/1"|"POINT(-9.083889 51.926111)"
"NEWLE/1 (Ogham Stone Concept by CISP)"|"Ogham Stone, Ireland"|"Q27"|"Q85396941"|"Q184618"|"--][..][--"|"NEWLE/1"|"POINT(-8.105278 52.275833)"
"NOBBE/1 (Ogham Stone Concept by CISP)"|"Ogham Stone, Ireland"|"Q27"|"Q106628032"|"Q183544"|"--]MAQI[--"|"NOBBE/1"|"POINT(-6.597584 53.819089)"
"NOBBE/2 (Ogham Stone Concept by CISP)"|"Ogham Stone, Ireland"|"Q27"|"Q106628032"|"Q183544"|"--]MAQI[--"|"NOBBE/2"|"POINT(-6.597584 53.819089)"
"NOBBE/3 (Ogham Stone Concept by CISP)"|"Ogham Stone, Ireland"|"Q27"|"Q106628032"|"Q183544"|"--]MAQI[--"|"NOBBE/3"|"POINT(-6.597584 53.819089)"
"OLDIS/1 (Ogham Stone Concept by CISP)"|"Ogham Stone, Ireland"|"Q27"|"Q85396859"|"Q184594"|"CUNNETASMAQ ||| IGUC[.] ||| [.]NETASEGAMONAS"|"OLDIS/1"|"POINT(-7.59 52.160833)"
"PAINT/1 (Ogham Stone Concept by CISP)"|"Ogham Stone, Ireland"|"Q27"|"Q85391671"|"Q183544"|"MAQICAIRATINI | AVIINEQAGLAS"|"PAINT/1"|"POINT(-6.559167 53.673333)"
"PARAR/1 (Ogham Stone Concept by CISP)"|"Ogham Stone, Ireland"|"Q27"|"Q85396972"|"Q184469"|"BRRUANANN"|"PARAR/1"|"POINT(-9.558333 52.077778)"
"PARAR/2 (Ogham Stone Concept by CISP)"|"Ogham Stone, Ireland"|"Q27"|"Q85396972"|"Q184469"|"GGVVSS"|"PARAR/2"|"POINT(-9.558333 52.077778)"
"POMCK/1 (Ogham Stone Concept by CISP)"|"Ogham Stone, Ireland"|"Q27"|"Q85391732"|"Q4169280"|"S[--]B[--]N[--]GL[-]T[--]DM[--"|"POMCK/1"|"POINT(-6.1525 53.419722)"
"PRIES/1 (Ogham Stone Concept by CISP)"|"Ogham Stone, Ireland"|"Q27"|"Q85396903"|"Q184618"|"NETACUNASMAQILOBAC[....]"|"PRIES/1"|"POINT(-7.758056 52.221667)"
"PRKLA/1 (Ogham Stone Concept by CISP)"|"Ogham Stone, Ireland"|"Q27"|"Q85395605"|"Q184469"|"ANMVINNAGITL{E}T[--"|"PRKLA/1"|"POINT(-9.875 51.858611)"
"RACOB/1 (Ogham Stone Concept by CISP)"|"Ogham Stone, Ireland"|"Q27"|"Q85393922"|"Q162475"|"LOGAMAQISDANBI"|"RACOB/1"|"POINT(-8.246111 52.005278)"
"RANTA/1 (Ogham Stone Concept by CISP)"|"Ogham Stone, Ireland"|"Q27"|"Q85392813"|"Q187402"|"OSBBAR"|"RANTA/1"|"POINT(-6.954444 53.805)"
"RATAS/1 (Ogham Stone Concept by CISP)"|"Ogham Stone, Ireland"|"Q27"|"Q106626875"|"Q184469"|"[.]NMSILLANNMAQFATTILLOGG"|"RATAS/1"|"POINT(-9.67583 52.2675)"
"RATHK/1 (Ogham Stone Concept by CISP)"|"Ogham Stone, Ireland"|"Q27"|"Q106628055"|"Q184469"|"--]CLHQOC[--"|"RATHK/1"|"POINT(-10.33164 51.847737)"
"RCROG/1 (Ogham Stone Concept by CISP)"|"Ogham Stone, Ireland"|"Q27"|"Q85390711"|"Q179437"|NULL|"RCROG/1"|"POINT(-8.297778 53.8075)"
"RCROG/2 (Ogham Stone Concept by CISP)"|"Ogham Stone, Ireland"|"Q27"|"Q85390711"|"Q179437"|"QREGASMU[--"|"RCROG/2"|"POINT(-8.297778 53.8075)"
"RFILD/1 (Ogham Stone Concept by CISP)"|"Ogham Stone, Ireland"|"Q27"|"Q85396812"|"Q184469"|"MAQIRITTEMAQICOLABOT | [M][.][Q][.][M][.][C][.][[Q][.][R][..]"|"RFILD/1"|"POINT(-9.631667 52.128889)"
"RFILD/2 (Ogham Stone Concept by CISP)"|"Ogham Stone, Ireland"|"Q27"|"Q85396812"|"Q184469"|"COILLABBOTASMAQICORBBI | MAQIMOCOIQERAI"|"RFILD/2"|"POINT(-9.631667 52.128889)"
"RFILD/3 (Ogham Stone Concept by CISP)"|"Ogham Stone, Ireland"|"Q27"|"Q85396812"|"Q184469"|"VGwGOLAM"|"RFILD/3"|"POINT(-9.631667 52.128889)"
"RFILD/4 (Ogham Stone Concept by CISP)"|"Ogham Stone, Ireland"|"Q27"|"Q85396812"|"Q184469"|"CORBAGNI ||| MAQI ||| BIVITI"|"RFILD/4"|"POINT(-9.631667 52.128889)"
"RFILD/5 (Ogham Stone Concept by CISP)"|"Ogham Stone, Ireland"|"Q27"|"Q85396812"|"Q184469"|"CORBAGNMAQIMUCOIC[--"|"RFILD/5"|"POINT(-9.631667 52.128889)"
"RFILD/6 (Ogham Stone Concept by CISP)"|"Ogham Stone, Ireland"|"Q27"|"Q85396812"|"Q184469"|"[--]"|"RFILD/6"|"POINT(-9.631667 52.128889)"
"RGLAS/1 (Ogham Stone Concept by CISP)"|"Ogham Stone, Ireland"|"Q27"|"Q85391648"|"Q181882"|NULL|"RGLAS/1"|"POINT(-6.716667 52.781944)"
"ROVMO/1 (Ogham Stone Concept by CISP)"|"Ogham Stone, Ireland"|"Q27"|"Q85394017"|"Q162475"|"ANAVLAMATTIASMUCO ||| I[--] ||| OELURIAVIA{K}ERAS"|"ROVMO/1"|"POINT(-8.784167 51.886667)"
"ROVMO/2 (Ogham Stone Concept by CISP)"|"Ogham Stone, Ireland"|"Q27"|"Q85394017"|"Q162475"|"MAQIERCIAS | MAQIVALAMNI"|"ROVMO/2"|"POINT(-8.784167 51.886667)"
"ROVMO/3 (Ogham Stone Concept by CISP)"|"Ogham Stone, Ireland"|"Q27"|"Q85394017"|"Q162475"|"VEDACU[NA] | [..QI]TOBIRAMUCOISOG ||| INI"|"ROVMO/3"|"POINT(-8.784167 51.886667)"
"RTHCA/1 (Ogham Stone Concept by CISP)"|"Ogham Stone, Ireland"|"Q27"|"Q85393934"|"Q162475"|"ELUNAMU[C--"|"RTHCA/1"|"POINT(-8.075556 51.977222)"
"RTHCA/2 (Ogham Stone Concept by CISP)"|"Ogham Stone, Ireland"|"Q27"|"Q85393934"|"Q162475"|"--]M[--"|"RTHCA/2"|"POINT(-8.075556 51.977222)"
"RTHDF/1 (Ogham Stone Concept by CISP)"|"Ogham Stone, Ireland"|"Q27"|"Q85395627"|"Q184469"|"S[IDA]N[I]M[A]Q[ID] ||| ALO"|"RTHDF/1"|"POINT(-10.024444 52.167778)"
"RTHDF/2 (Ogham Stone Concept by CISP)"|"Ogham Stone, Ireland"|"Q27"|"Q85395627"|"Q184469"|"LLONNOCCMAQQ[--"|"RTHDF/2"|"POINT(-10.024444 52.167778)"
"RTHKE/1 (Ogham Stone Concept by CISP)"|"Ogham Stone, Ireland"|"Q27"|"Q106626866"|"Q184469"|"COMMA[GGA]AGNIM[-- | --]ISAMMNN[--"|"RTHKE/1"|"POINT(-9.72028 52.33167)"
"RTHKE/2 (Ogham Stone Concept by CISP)"|"Ogham Stone, Ireland"|"Q27"|"Q106626866"|"Q184469"|"L[I]SS[E^I][GV]O[G]"|"RTHKE/2"|"POINT(-9.72028 52.33167)"
"RTHKE/3 (Ogham Stone Concept by CISP)"|"Ogham Stone, Ireland"|"Q27"|"Q106626866"|"Q184469"|"[--]"|"RTHKE/3"|"POINT(-9.72028 52.33167)"
"RTHOD/1 (Ogham Stone Concept by CISP)"|"Ogham Stone, Ireland"|"Q27"|"Q85395567"|"Q184469"|"CURCIMAQIMUCOIV[!O][--"|"RTHOD/1"|"POINT(-9.990556 52.1725)"
"RTHOD/2 (Ogham Stone Concept by CISP)"|"Ogham Stone, Ireland"|"Q27"|"Q85395567"|"Q184469"|"ERCAVICCASMAQICO[--"|"RTHOD/2"|"POINT(-9.990556 52.1725)"
"RUSHE/1 (Ogham Stone Concept by CISP)"|"Ogham Stone, Ireland"|"Q27"|"Q85390384"|"Q178626"|"ALATTOSMAQIBR[--"|"RUSHE/1"|"POINT(-8.665278 53.896111)"
"SCHUD/1 (Ogham Stone Concept by CISP)"|"Ogham Stone, Ireland"|"Q27"|"Q85396840"|"Q184594"|"ERCAGNIMA[QI]E ||| [R]CIAS"|"SCHUD/1"|"POINT(-7.998889 52.199444)"
"SHANK/1 (Ogham Stone Concept by CISP)"|"Ogham Stone, Ireland"|"Q27"|"Q106626901"|"Q180231"|"MAQICUNALIG[--] ||| MAQICOILLI ||| MUCOICOSCIS/N"|"SHANK/1"|"POINT(-7.0275 52.69528)"
"STISL/1 (Ogham Stone Concept by CISP)"|"Ogham Stone, Ireland"|"Q27"|"Q85392816"|"Q179424"|NULL|"STISL/1"|"POINT(-7.871111 54.608611)"
"TEMAN/1 (Ogham Stone Concept by CISP)"|"Ogham Stone, Ireland"|"Q27"|"Q85394006"|"Q162475"|"[AMN]TENASMACIV[--"|"TEMAN/1"|"POINT(-8.893056 51.645)"
"TERMY/1 (Ogham Stone Concept by CISP)"|"Ogham Stone, Ireland"|"Q27"|"Q85396810"|"Q184469"|"MOCU[RR]UTI | MAQIVLISACES{*}CMIR"|"TERMY/1"|"POINT(-10.058889 51.970833)"
"THOTO/1 (Ogham Stone Concept by CISP)"|"Ogham Stone, Ireland"|"Q27"|"Q106628040"|"Q180231"|"VEDDELLEMETTOMU ||| CI ||| LOGIDDEAS ||| AVVIMUNICCONA"|"THOTO/1"|"POINT(-7.131313 52.526469)"
"TINAH/1 (Ogham Stone Concept by CISP)"|"Ogham Stone, Ireland"|"Q27"|"Q85396900"|"Q184469"|"CI[--]LAMAQ[.]I[--]BAGNI"|"TINAH/1"|"POINT(-9.7575 52.124722)"
"TINAH/2 (Ogham Stone Concept by CISP)"|"Ogham Stone, Ireland"|"Q27"|"Q85396900"|"Q184469"|"AMNT{X}GANNMACDEGLA ||| N ||| N"|"TINAH/2"|"POINT(-9.7575 52.124722)"
"TLGMO/1 (Ogham Stone Concept by CISP)"|"Ogham Stone, Ireland"|"Q27"|"Q85394019"|"Q162475"|"MAQILAS{P}OG | B TTMACDE"|"TLGMO/1"|"POINT(-8.757222 51.946389)"
"TMINE/1 (Ogham Stone Concept by CISP)"|"Ogham Stone, Ireland"|"Q27"|"Q85391650"|"Q181882"|"MUCOIMUCC[I]"|"TMINE/1"|"POINT(-6.727222 52.848056)"
"TMOUN/1 (Ogham Stone Concept by CISP)"|"Ogham Stone, Northern Ireland"|"Q145"|"Q85392831"|"Q190678"|"NETTACU[--"|"TMOUN/1"|"POINT(-7.5175 54.362222)"
"TOOCU/1 (Ogham Stone Concept by CISP)"|"Ogham Stone, Ireland"|"Q27"|"Q85396862"|"Q184594"|"DOMO{K}I"|"TOOCU/1"|"POINT(-7.746944 52.267222)"
"TOURP/6 (Ogham Stone Concept by CISP)"|"Ogham Stone, Ireland"|"Q27"|"Q106628041"|"Q184618"|"BAEDAN"|"TOURP/6"|"POINT(-7.994842 52.407427)"
"TRALE/1 (Ogham Stone Concept by CISP)"|"Ogham Stone, Ireland"|"Q27"|"Q85396830"|"Q184469"|"BASI{GW}B[--"|"TRALE/1"|"POINT(-9.710278 52.268056)"
"TULHE/1 (Ogham Stone Concept by CISP)"|"Ogham Stone, Ireland"|"Q27"|"Q85391735"|"Q180231"|NULL|"TULHE/1"|"POINT(-7.121389 52.5775)"
"TULLA/1 (Ogham Stone Concept by CISP)"|"Ogham Stone, Ireland"|"Q27"|"Q85390409"|"Q178626"|NULL|"TULLA/1"|"POINT(-8.709444 53.728611)"
"WHFLD/1 (Ogham Stone Concept by CISP)"|"Ogham Stone, Ireland"|"Q27"|"Q85395539"|"Q184469"|"ALATTOCELIBATTIG ||| NI"|"WHFLD/1"|"POINT(-9.703056 52.080556)"
"WHFLD/2 (Ogham Stone Concept by CISP)"|"Ogham Stone, Ireland"|"Q27"|"Q85395539"|"Q184469"|"GOSOCTEASMOSACMA{K}INI"|"WHFLD/2"|"POINT(-9.703056 52.080556)"
"WHFLD/3 (Ogham Stone Concept by CISP)"|"Ogham Stone, Ireland"|"Q27"|"Q85395539"|"Q184469"|"NOCATIMAQIMAQIREC[--] | MAQIMUCOIUDDAMI"|"WHFLD/3"|"POINT(-9.703056 52.080556)"
"WHFLD/4 (Ogham Stone Concept by CISP)"|"Ogham Stone, Ireland"|"Q27"|"Q85395539"|"Q184469"|"L[A]G[O]BB[-- | MUCOTUCACAC"|"WHFLD/4"|"POINT(-9.703056 52.080556)"
"WHFLD/5 (Ogham Stone Concept by CISP)"|"Ogham Stone, Ireland"|"Q27"|"Q85395539"|"Q184469"|"QAM[--]ROMACULLO"|"WHFLD/5"|"POINT(-9.703056 52.080556)"
"WINDG/1 (Ogham Stone Concept by CISP)"|"Ogham Stone, Ireland"|"Q27"|"Q85396919"|"Q184594"|"MODDAGN[I]MAQIGATT |||AGN[I] ||| MUCOILUGUNI"|"WINDG/1"|"POINT(-7.487778 52.341944)"
"WINDG/2 (Ogham Stone Concept by CISP)"|"Ogham Stone, Ireland"|"Q27"|"Q85396919"|"Q184594"|"[--]"|"WINDG/2"|"POINT(-7.487778 52.341944)"
