item,label,no
Q106680560,1 (Ogham Stone Concept by the Research Squirrel Ogham Project),1
Q106680563,2 (Ogham Stone Concept by the Research Squirrel Ogham Project),2
Q106680564,3 (Ogham Stone Concept by the Research Squirrel Ogham Project),3
Q106680565,4 (Ogham Stone Concept by the Research Squirrel Ogham Project),4
Q106680566,5 (Ogham Stone Concept by the Research Squirrel Ogham Project),5
Q106680567,6 (Ogham Stone Concept by the Research Squirrel Ogham Project),6
Q106680568,7 (Ogham Stone Concept by the Research Squirrel Ogham Project),7
Q106680569,8 (Ogham Stone Concept by the Research Squirrel Ogham Project),8
Q106680570,9 (Ogham Stone Concept by the Research Squirrel Ogham Project),9
Q106680571,10 (Ogham Stone Concept by the Research Squirrel Ogham Project),10
Q106680573,11 (Ogham Stone Concept by the Research Squirrel Ogham Project),11
Q106680575,12 (Ogham Stone Concept by the Research Squirrel Ogham Project),12
Q106680576,13 (Ogham Stone Concept by the Research Squirrel Ogham Project),13
Q106680577,14 (Ogham Stone Concept by the Research Squirrel Ogham Project),14
Q106680578,15 (Ogham Stone Concept by the Research Squirrel Ogham Project),15
Q106680579,16 (Ogham Stone Concept by the Research Squirrel Ogham Project),16
Q106680580,17 (Ogham Stone Concept by the Research Squirrel Ogham Project),17
Q106680581,18 (Ogham Stone Concept by the Research Squirrel Ogham Project),18
Q106680582,19 (Ogham Stone Concept by the Research Squirrel Ogham Project),19
Q106680583,20 (Ogham Stone Concept by the Research Squirrel Ogham Project),20
Q106680584,21 (Ogham Stone Concept by the Research Squirrel Ogham Project),21
Q106680585,22 (Ogham Stone Concept by the Research Squirrel Ogham Project),22
Q106680586,23 (Ogham Stone Concept by the Research Squirrel Ogham Project),23
Q106680587,24 (Ogham Stone Concept by the Research Squirrel Ogham Project),24
Q106680588,25 (Ogham Stone Concept by the Research Squirrel Ogham Project),25
Q106680589,26 (Ogham Stone Concept by the Research Squirrel Ogham Project),26
Q106680590,27 (Ogham Stone Concept by the Research Squirrel Ogham Project),27
Q106680591,28 (Ogham Stone Concept by the Research Squirrel Ogham Project),28
Q106680592,29 (Ogham Stone Concept by the Research Squirrel Ogham Project),29
Q106680593,30 (Ogham Stone Concept by the Research Squirrel Ogham Project),30
Q106680594,31 (Ogham Stone Concept by the Research Squirrel Ogham Project),31
Q106680595,32 (Ogham Stone Concept by the Research Squirrel Ogham Project),32
Q106680596,33 (Ogham Stone Concept by the Research Squirrel Ogham Project),33
Q106680597,34 (Ogham Stone Concept by the Research Squirrel Ogham Project),34
Q106680600,35 (Ogham Stone Concept by the Research Squirrel Ogham Project),35
Q106680601,36 (Ogham Stone Concept by the Research Squirrel Ogham Project),36
Q106680602,37 (Ogham Stone Concept by the Research Squirrel Ogham Project),37
Q106680603,38 (Ogham Stone Concept by the Research Squirrel Ogham Project),38
Q106680604,39 (Ogham Stone Concept by the Research Squirrel Ogham Project),39
Q106680605,40 (Ogham Stone Concept by the Research Squirrel Ogham Project),40
Q106680606,41 (Ogham Stone Concept by the Research Squirrel Ogham Project),41
Q106680679,42 (Ogham Stone Concept by the Research Squirrel Ogham Project),42
Q106680685,43 (Ogham Stone Concept by the Research Squirrel Ogham Project),43
Q106680686,44 (Ogham Stone Concept by the Research Squirrel Ogham Project),44
Q106680687,45 (Ogham Stone Concept by the Research Squirrel Ogham Project),45
Q106680688,46 (Ogham Stone Concept by the Research Squirrel Ogham Project),46
Q106680691,47 (Ogham Stone Concept by the Research Squirrel Ogham Project),47
Q106680693,48 (Ogham Stone Concept by the Research Squirrel Ogham Project),48
Q106680694,49 (Ogham Stone Concept by the Research Squirrel Ogham Project),49
Q106680696,50 (Ogham Stone Concept by the Research Squirrel Ogham Project),50
Q106680698,51 (Ogham Stone Concept by the Research Squirrel Ogham Project),51
Q106680699,52 (Ogham Stone Concept by the Research Squirrel Ogham Project),52
Q106680700,53 (Ogham Stone Concept by the Research Squirrel Ogham Project),53
Q106680701,54 (Ogham Stone Concept by the Research Squirrel Ogham Project),54
Q106680702,55 (Ogham Stone Concept by the Research Squirrel Ogham Project),55
Q106680703,56 (Ogham Stone Concept by the Research Squirrel Ogham Project),56
Q106680704,57 (Ogham Stone Concept by the Research Squirrel Ogham Project),57
Q106680705,58 (Ogham Stone Concept by the Research Squirrel Ogham Project),58
Q106680706,59 (Ogham Stone Concept by the Research Squirrel Ogham Project),59
Q106680707,60 (Ogham Stone Concept by the Research Squirrel Ogham Project),60
Q106680708,61 (Ogham Stone Concept by the Research Squirrel Ogham Project),61
Q106680709,62 (Ogham Stone Concept by the Research Squirrel Ogham Project),62
Q106680710,63 (Ogham Stone Concept by the Research Squirrel Ogham Project),63
Q106680711,64 (Ogham Stone Concept by the Research Squirrel Ogham Project),64
Q106680712,65 (Ogham Stone Concept by the Research Squirrel Ogham Project),65
Q106680713,66 (Ogham Stone Concept by the Research Squirrel Ogham Project),66
Q106680714,67 (Ogham Stone Concept by the Research Squirrel Ogham Project),67
Q106680715,68 (Ogham Stone Concept by the Research Squirrel Ogham Project),68
Q106680716,69 (Ogham Stone Concept by the Research Squirrel Ogham Project),69
Q106680718,70 (Ogham Stone Concept by the Research Squirrel Ogham Project),70
Q106680719,71 (Ogham Stone Concept by the Research Squirrel Ogham Project),71
Q106680720,72 (Ogham Stone Concept by the Research Squirrel Ogham Project),72
Q106680722,73 (Ogham Stone Concept by the Research Squirrel Ogham Project),73
Q106680723,74 (Ogham Stone Concept by the Research Squirrel Ogham Project),74
Q106680724,75 (Ogham Stone Concept by the Research Squirrel Ogham Project),75
Q106680725,76 (Ogham Stone Concept by the Research Squirrel Ogham Project),76
Q106680727,77 (Ogham Stone Concept by the Research Squirrel Ogham Project),77
Q106680728,78 (Ogham Stone Concept by the Research Squirrel Ogham Project),78
Q106680730,79 (Ogham Stone Concept by the Research Squirrel Ogham Project),79
Q106680732,80 (Ogham Stone Concept by the Research Squirrel Ogham Project),80
Q106680733,81 (Ogham Stone Concept by the Research Squirrel Ogham Project),81
Q106680736,82 (Ogham Stone Concept by the Research Squirrel Ogham Project),82
Q106680737,83 (Ogham Stone Concept by the Research Squirrel Ogham Project),83
Q106680738,84 (Ogham Stone Concept by the Research Squirrel Ogham Project),84
Q106680739,85 (Ogham Stone Concept by the Research Squirrel Ogham Project),85
Q106680741,86 (Ogham Stone Concept by the Research Squirrel Ogham Project),86
Q106680742,87 (Ogham Stone Concept by the Research Squirrel Ogham Project),87
Q106680744,88 (Ogham Stone Concept by the Research Squirrel Ogham Project),88
Q106680745,89 (Ogham Stone Concept by the Research Squirrel Ogham Project),89
Q106680746,90 (Ogham Stone Concept by the Research Squirrel Ogham Project),90
Q106680747,91 (Ogham Stone Concept by the Research Squirrel Ogham Project),91
Q106680748,92 (Ogham Stone Concept by the Research Squirrel Ogham Project),92
Q106680749,93 (Ogham Stone Concept by the Research Squirrel Ogham Project),93
Q106680750,94 (Ogham Stone Concept by the Research Squirrel Ogham Project),94
Q106680751,95 (Ogham Stone Concept by the Research Squirrel Ogham Project),95
Q106680752,96 (Ogham Stone Concept by the Research Squirrel Ogham Project),96
Q106680753,97 (Ogham Stone Concept by the Research Squirrel Ogham Project),97
Q106680754,98 (Ogham Stone Concept by the Research Squirrel Ogham Project),98
Q106680755,99 (Ogham Stone Concept by the Research Squirrel Ogham Project),99
Q106680756,100 (Ogham Stone Concept by the Research Squirrel Ogham Project),100
Q106680757,101 (Ogham Stone Concept by the Research Squirrel Ogham Project),101
Q106680758,102 (Ogham Stone Concept by the Research Squirrel Ogham Project),102
Q106680759,103 (Ogham Stone Concept by the Research Squirrel Ogham Project),103
Q106680760,104 (Ogham Stone Concept by the Research Squirrel Ogham Project),104
Q106680761,105 (Ogham Stone Concept by the Research Squirrel Ogham Project),105
Q106680762,106 (Ogham Stone Concept by the Research Squirrel Ogham Project),106
Q106680763,107 (Ogham Stone Concept by the Research Squirrel Ogham Project),107
Q106680765,108 (Ogham Stone Concept by the Research Squirrel Ogham Project),108
Q106680766,109 (Ogham Stone Concept by the Research Squirrel Ogham Project),109
Q106680767,110 (Ogham Stone Concept by the Research Squirrel Ogham Project),110
Q106680768,111 (Ogham Stone Concept by the Research Squirrel Ogham Project),111
Q106680769,112 (Ogham Stone Concept by the Research Squirrel Ogham Project),112
Q106680770,113 (Ogham Stone Concept by the Research Squirrel Ogham Project),113
Q106680771,114 (Ogham Stone Concept by the Research Squirrel Ogham Project),114
Q106680773,115 (Ogham Stone Concept by the Research Squirrel Ogham Project),115
Q106680775,116 (Ogham Stone Concept by the Research Squirrel Ogham Project),116
Q106680776,117 (Ogham Stone Concept by the Research Squirrel Ogham Project),117
Q106680777,118 (Ogham Stone Concept by the Research Squirrel Ogham Project),118
Q106680779,119 (Ogham Stone Concept by the Research Squirrel Ogham Project),119
Q106680780,120 (Ogham Stone Concept by the Research Squirrel Ogham Project),120
Q106680781,121 (Ogham Stone Concept by the Research Squirrel Ogham Project),121
Q106680782,122 (Ogham Stone Concept by the Research Squirrel Ogham Project),122
Q106680784,123 (Ogham Stone Concept by the Research Squirrel Ogham Project),123
Q106680785,124 (Ogham Stone Concept by the Research Squirrel Ogham Project),124
Q106680787,125 (Ogham Stone Concept by the Research Squirrel Ogham Project),125
Q106680788,126 (Ogham Stone Concept by the Research Squirrel Ogham Project),126
Q106680789,127 (Ogham Stone Concept by the Research Squirrel Ogham Project),127
Q106680790,128 (Ogham Stone Concept by the Research Squirrel Ogham Project),128
Q106680791,129 (Ogham Stone Concept by the Research Squirrel Ogham Project),129
Q106680792,130 (Ogham Stone Concept by the Research Squirrel Ogham Project),130
Q106680794,131 (Ogham Stone Concept by the Research Squirrel Ogham Project),131
Q106680795,132 (Ogham Stone Concept by the Research Squirrel Ogham Project),132
Q106680796,133 (Ogham Stone Concept by the Research Squirrel Ogham Project),133
Q106680798,134 (Ogham Stone Concept by the Research Squirrel Ogham Project),134
Q106680799,135 (Ogham Stone Concept by the Research Squirrel Ogham Project),135
Q106680800,136 (Ogham Stone Concept by the Research Squirrel Ogham Project),136
Q106680801,137 (Ogham Stone Concept by the Research Squirrel Ogham Project),137
Q106680802,138 (Ogham Stone Concept by the Research Squirrel Ogham Project),138
Q106680803,139 (Ogham Stone Concept by the Research Squirrel Ogham Project),139
Q106680804,140 (Ogham Stone Concept by the Research Squirrel Ogham Project),140
Q106680806,141 (Ogham Stone Concept by the Research Squirrel Ogham Project),141
Q106680808,142 (Ogham Stone Concept by the Research Squirrel Ogham Project),142
Q106680810,143 (Ogham Stone Concept by the Research Squirrel Ogham Project),143
Q106680811,144 (Ogham Stone Concept by the Research Squirrel Ogham Project),144
Q106680812,145 (Ogham Stone Concept by the Research Squirrel Ogham Project),145
Q106680813,146 (Ogham Stone Concept by the Research Squirrel Ogham Project),146
Q106680814,147 (Ogham Stone Concept by the Research Squirrel Ogham Project),147
Q106680815,148 (Ogham Stone Concept by the Research Squirrel Ogham Project),148
Q106680816,149 (Ogham Stone Concept by the Research Squirrel Ogham Project),149
Q106680817,150 (Ogham Stone Concept by the Research Squirrel Ogham Project),150
Q106680818,151 (Ogham Stone Concept by the Research Squirrel Ogham Project),151
Q106680819,152 (Ogham Stone Concept by the Research Squirrel Ogham Project),152
Q106680820,153 (Ogham Stone Concept by the Research Squirrel Ogham Project),153
Q106680821,154 (Ogham Stone Concept by the Research Squirrel Ogham Project),154
Q106680822,155 (Ogham Stone Concept by the Research Squirrel Ogham Project),155
Q106680823,156 (Ogham Stone Concept by the Research Squirrel Ogham Project),156
Q106680824,157 (Ogham Stone Concept by the Research Squirrel Ogham Project),157
Q106680825,158 (Ogham Stone Concept by the Research Squirrel Ogham Project),158
Q106680826,159 (Ogham Stone Concept by the Research Squirrel Ogham Project),159
Q106680828,160 (Ogham Stone Concept by the Research Squirrel Ogham Project),160
Q106680829,161 (Ogham Stone Concept by the Research Squirrel Ogham Project),161
Q106680831,162 (Ogham Stone Concept by the Research Squirrel Ogham Project),162
Q106680832,163 (Ogham Stone Concept by the Research Squirrel Ogham Project),163
Q106680834,164 (Ogham Stone Concept by the Research Squirrel Ogham Project),164
Q106680835,165 (Ogham Stone Concept by the Research Squirrel Ogham Project),165
Q106680836,166 (Ogham Stone Concept by the Research Squirrel Ogham Project),166
Q106680837,167 (Ogham Stone Concept by the Research Squirrel Ogham Project),167
Q106680838,168 (Ogham Stone Concept by the Research Squirrel Ogham Project),168
Q106680839,169 (Ogham Stone Concept by the Research Squirrel Ogham Project),169
Q106680841,170 (Ogham Stone Concept by the Research Squirrel Ogham Project),170
Q106680842,171 (Ogham Stone Concept by the Research Squirrel Ogham Project),171
Q106680843,172 (Ogham Stone Concept by the Research Squirrel Ogham Project),172
Q106680844,173 (Ogham Stone Concept by the Research Squirrel Ogham Project),173
Q106680845,174 (Ogham Stone Concept by the Research Squirrel Ogham Project),174
Q106680846,175 (Ogham Stone Concept by the Research Squirrel Ogham Project),175
Q106680847,176 (Ogham Stone Concept by the Research Squirrel Ogham Project),176
Q106680848,177 (Ogham Stone Concept by the Research Squirrel Ogham Project),177
Q106680850,178 (Ogham Stone Concept by the Research Squirrel Ogham Project),178
Q106680852,179 (Ogham Stone Concept by the Research Squirrel Ogham Project),179
Q106680853,180 (Ogham Stone Concept by the Research Squirrel Ogham Project),180
Q106680854,181 (Ogham Stone Concept by the Research Squirrel Ogham Project),181
Q106680855,182 (Ogham Stone Concept by the Research Squirrel Ogham Project),182
Q106680856,183 (Ogham Stone Concept by the Research Squirrel Ogham Project),183
Q106680857,184 (Ogham Stone Concept by the Research Squirrel Ogham Project),184
Q106680858,185 (Ogham Stone Concept by the Research Squirrel Ogham Project),185
Q106680859,186 (Ogham Stone Concept by the Research Squirrel Ogham Project),186
Q106680860,187 (Ogham Stone Concept by the Research Squirrel Ogham Project),187
Q106680862,188 (Ogham Stone Concept by the Research Squirrel Ogham Project),188
Q106680863,189 (Ogham Stone Concept by the Research Squirrel Ogham Project),189
Q106680864,190 (Ogham Stone Concept by the Research Squirrel Ogham Project),190
Q106680865,191 (Ogham Stone Concept by the Research Squirrel Ogham Project),191
Q106680868,192 (Ogham Stone Concept by the Research Squirrel Ogham Project),192
Q106680871,193 (Ogham Stone Concept by the Research Squirrel Ogham Project),193
Q106680875,194 (Ogham Stone Concept by the Research Squirrel Ogham Project),194
Q106680877,195 (Ogham Stone Concept by the Research Squirrel Ogham Project),195
Q106680879,196 (Ogham Stone Concept by the Research Squirrel Ogham Project),196
Q106680881,197 (Ogham Stone Concept by the Research Squirrel Ogham Project),197
Q106680892,198 (Ogham Stone Concept by the Research Squirrel Ogham Project),198
Q106680901,199 (Ogham Stone Concept by the Research Squirrel Ogham Project),199
Q106680908,200 (Ogham Stone Concept by the Research Squirrel Ogham Project),200
Q106680921,201 (Ogham Stone Concept by the Research Squirrel Ogham Project),201
Q106680927,202 (Ogham Stone Concept by the Research Squirrel Ogham Project),202
Q106680928,203 (Ogham Stone Concept by the Research Squirrel Ogham Project),203
Q106680929,204 (Ogham Stone Concept by the Research Squirrel Ogham Project),204
Q106680930,205 (Ogham Stone Concept by the Research Squirrel Ogham Project),205
Q106680931,206 (Ogham Stone Concept by the Research Squirrel Ogham Project),206
Q106680933,207 (Ogham Stone Concept by the Research Squirrel Ogham Project),207
Q106680934,208 (Ogham Stone Concept by the Research Squirrel Ogham Project),208
Q106680936,209 (Ogham Stone Concept by the Research Squirrel Ogham Project),209
Q106680937,210 (Ogham Stone Concept by the Research Squirrel Ogham Project),210
Q106680938,211 (Ogham Stone Concept by the Research Squirrel Ogham Project),211
Q106680939,212 (Ogham Stone Concept by the Research Squirrel Ogham Project),212
Q106680942,213 (Ogham Stone Concept by the Research Squirrel Ogham Project),213
Q106680944,214 (Ogham Stone Concept by the Research Squirrel Ogham Project),214
Q106680945,215 (Ogham Stone Concept by the Research Squirrel Ogham Project),215
Q106680946,216 (Ogham Stone Concept by the Research Squirrel Ogham Project),216
Q106680947,217 (Ogham Stone Concept by the Research Squirrel Ogham Project),217
Q106680948,218 (Ogham Stone Concept by the Research Squirrel Ogham Project),218
Q106680949,219 (Ogham Stone Concept by the Research Squirrel Ogham Project),219
Q106680950,220 (Ogham Stone Concept by the Research Squirrel Ogham Project),220
Q106680951,221 (Ogham Stone Concept by the Research Squirrel Ogham Project),221
Q106680952,222 (Ogham Stone Concept by the Research Squirrel Ogham Project),222
Q106680953,223 (Ogham Stone Concept by the Research Squirrel Ogham Project),223
Q106680955,224 (Ogham Stone Concept by the Research Squirrel Ogham Project),224
Q106680956,225 (Ogham Stone Concept by the Research Squirrel Ogham Project),225
Q106680957,226 (Ogham Stone Concept by the Research Squirrel Ogham Project),226
Q106680959,227 (Ogham Stone Concept by the Research Squirrel Ogham Project),227
Q106680960,228 (Ogham Stone Concept by the Research Squirrel Ogham Project),228
Q106680961,229 (Ogham Stone Concept by the Research Squirrel Ogham Project),229
Q106680962,230 (Ogham Stone Concept by the Research Squirrel Ogham Project),230
Q106680964,231 (Ogham Stone Concept by the Research Squirrel Ogham Project),231
Q106680965,232 (Ogham Stone Concept by the Research Squirrel Ogham Project),232
Q106680966,233 (Ogham Stone Concept by the Research Squirrel Ogham Project),233
Q106680967,234 (Ogham Stone Concept by the Research Squirrel Ogham Project),234
Q106680968,235 (Ogham Stone Concept by the Research Squirrel Ogham Project),235
Q106680970,236 (Ogham Stone Concept by the Research Squirrel Ogham Project),236
Q106680971,237 (Ogham Stone Concept by the Research Squirrel Ogham Project),237
Q106680972,238 (Ogham Stone Concept by the Research Squirrel Ogham Project),238
Q106680973,239 (Ogham Stone Concept by the Research Squirrel Ogham Project),239
Q106680975,240 (Ogham Stone Concept by the Research Squirrel Ogham Project),240
Q106680976,241 (Ogham Stone Concept by the Research Squirrel Ogham Project),241
Q106680977,242 (Ogham Stone Concept by the Research Squirrel Ogham Project),242
Q106680978,243 (Ogham Stone Concept by the Research Squirrel Ogham Project),243
Q106680979,244 (Ogham Stone Concept by the Research Squirrel Ogham Project),244
Q106680980,245 (Ogham Stone Concept by the Research Squirrel Ogham Project),245
Q106680981,246 (Ogham Stone Concept by the Research Squirrel Ogham Project),246
Q106680982,247 (Ogham Stone Concept by the Research Squirrel Ogham Project),247
Q106680983,248 (Ogham Stone Concept by the Research Squirrel Ogham Project),248
Q106680985,249 (Ogham Stone Concept by the Research Squirrel Ogham Project),249
Q106680989,250 (Ogham Stone Concept by the Research Squirrel Ogham Project),250
Q106680993,251 (Ogham Stone Concept by the Research Squirrel Ogham Project),251
Q106680996,252 (Ogham Stone Concept by the Research Squirrel Ogham Project),252
Q106681000,253 (Ogham Stone Concept by the Research Squirrel Ogham Project),253
Q106681007,254 (Ogham Stone Concept by the Research Squirrel Ogham Project),254
Q106681026,255 (Ogham Stone Concept by the Research Squirrel Ogham Project),255
Q106681028,256 (Ogham Stone Concept by the Research Squirrel Ogham Project),256
Q106681030,257 (Ogham Stone Concept by the Research Squirrel Ogham Project),257
Q106681033,258 (Ogham Stone Concept by the Research Squirrel Ogham Project),258
Q106681036,259 (Ogham Stone Concept by the Research Squirrel Ogham Project),259
Q106681039,260 (Ogham Stone Concept by the Research Squirrel Ogham Project),260
Q106681047,261 (Ogham Stone Concept by the Research Squirrel Ogham Project),261
Q106681048,262 (Ogham Stone Concept by the Research Squirrel Ogham Project),262
Q106681049,263 (Ogham Stone Concept by the Research Squirrel Ogham Project),263
Q106681050,264 (Ogham Stone Concept by the Research Squirrel Ogham Project),264
Q106681051,265 (Ogham Stone Concept by the Research Squirrel Ogham Project),265
Q106681052,266 (Ogham Stone Concept by the Research Squirrel Ogham Project),266
Q106681053,267 (Ogham Stone Concept by the Research Squirrel Ogham Project),267
Q106681055,268 (Ogham Stone Concept by the Research Squirrel Ogham Project),268
Q106681056,269 (Ogham Stone Concept by the Research Squirrel Ogham Project),269
Q106681109,270 (Ogham Stone Concept by the Research Squirrel Ogham Project),270
Q106681112,271 (Ogham Stone Concept by the Research Squirrel Ogham Project),271
Q106681113,272 (Ogham Stone Concept by the Research Squirrel Ogham Project),272
Q106681115,273 (Ogham Stone Concept by the Research Squirrel Ogham Project),273
Q106681116,274 (Ogham Stone Concept by the Research Squirrel Ogham Project),274
Q106681117,275 (Ogham Stone Concept by the Research Squirrel Ogham Project),275
Q106681119,276 (Ogham Stone Concept by the Research Squirrel Ogham Project),276
Q106681120,277 (Ogham Stone Concept by the Research Squirrel Ogham Project),277
Q106681121,278 (Ogham Stone Concept by the Research Squirrel Ogham Project),278
Q106681122,279 (Ogham Stone Concept by the Research Squirrel Ogham Project),279
Q106681124,280 (Ogham Stone Concept by the Research Squirrel Ogham Project),280
Q106681125,281 (Ogham Stone Concept by the Research Squirrel Ogham Project),281
Q106681126,282 (Ogham Stone Concept by the Research Squirrel Ogham Project),282
Q106681127,283 (Ogham Stone Concept by the Research Squirrel Ogham Project),283
Q106681129,284 (Ogham Stone Concept by the Research Squirrel Ogham Project),284
Q106681157,285 (Ogham Stone Concept by the Research Squirrel Ogham Project),285
Q106681158,286 (Ogham Stone Concept by the Research Squirrel Ogham Project),286
Q106681159,287 (Ogham Stone Concept by the Research Squirrel Ogham Project),287
Q106681160,288 (Ogham Stone Concept by the Research Squirrel Ogham Project),288
Q106681161,289 (Ogham Stone Concept by the Research Squirrel Ogham Project),289
Q106681162,290 (Ogham Stone Concept by the Research Squirrel Ogham Project),290
Q106681164,291 (Ogham Stone Concept by the Research Squirrel Ogham Project),291
Q106681165,292 (Ogham Stone Concept by the Research Squirrel Ogham Project),292
Q106681171,293 (Ogham Stone Concept by the Research Squirrel Ogham Project),293
Q106681172,294 (Ogham Stone Concept by the Research Squirrel Ogham Project),294
Q106681173,295 (Ogham Stone Concept by the Research Squirrel Ogham Project),295
Q106681174,296 (Ogham Stone Concept by the Research Squirrel Ogham Project),296
Q106681175,297 (Ogham Stone Concept by the Research Squirrel Ogham Project),297
Q106681176,298 (Ogham Stone Concept by the Research Squirrel Ogham Project),298
Q106681177,299 (Ogham Stone Concept by the Research Squirrel Ogham Project),299
Q106681178,300 (Ogham Stone Concept by the Research Squirrel Ogham Project),300
Q106681179,301 (Ogham Stone Concept by the Research Squirrel Ogham Project),301
Q106681180,302 (Ogham Stone Concept by the Research Squirrel Ogham Project),302
Q106681181,303 (Ogham Stone Concept by the Research Squirrel Ogham Project),303
Q106681182,304 (Ogham Stone Concept by the Research Squirrel Ogham Project),304
Q106681183,305 (Ogham Stone Concept by the Research Squirrel Ogham Project),305
Q106681184,306 (Ogham Stone Concept by the Research Squirrel Ogham Project),306
Q106681185,307 (Ogham Stone Concept by the Research Squirrel Ogham Project),307
Q106681186,308 (Ogham Stone Concept by the Research Squirrel Ogham Project),308
Q106681187,309 (Ogham Stone Concept by the Research Squirrel Ogham Project),309
Q106681188,310 (Ogham Stone Concept by the Research Squirrel Ogham Project),310
Q106681189,311 (Ogham Stone Concept by the Research Squirrel Ogham Project),311
Q106681190,312 (Ogham Stone Concept by the Research Squirrel Ogham Project),312
Q106681191,313 (Ogham Stone Concept by the Research Squirrel Ogham Project),313
Q106681192,314 (Ogham Stone Concept by the Research Squirrel Ogham Project),314
Q106681194,315 (Ogham Stone Concept by the Research Squirrel Ogham Project),315
Q106681195,316 (Ogham Stone Concept by the Research Squirrel Ogham Project),316
Q106681196,317 (Ogham Stone Concept by the Research Squirrel Ogham Project),317
Q106681197,318 (Ogham Stone Concept by the Research Squirrel Ogham Project),318
Q106681198,319 (Ogham Stone Concept by the Research Squirrel Ogham Project),319
Q106681199,320 (Ogham Stone Concept by the Research Squirrel Ogham Project),320
Q106681200,321 (Ogham Stone Concept by the Research Squirrel Ogham Project),321
Q106681201,322 (Ogham Stone Concept by the Research Squirrel Ogham Project),322
Q106681202,323 (Ogham Stone Concept by the Research Squirrel Ogham Project),323
Q106681203,324 (Ogham Stone Concept by the Research Squirrel Ogham Project),324
Q106681204,325 (Ogham Stone Concept by the Research Squirrel Ogham Project),325
Q106681205,326 (Ogham Stone Concept by the Research Squirrel Ogham Project),326
Q106681367 ,327 (Ogham Stone Concept by the Research Squirrel Ogham Project),327
Q106681206,328 (Ogham Stone Concept by the Research Squirrel Ogham Project),328
Q106681207,329 (Ogham Stone Concept by the Research Squirrel Ogham Project),329
Q106681208,330 (Ogham Stone Concept by the Research Squirrel Ogham Project),330
Q106681209,331 (Ogham Stone Concept by the Research Squirrel Ogham Project),331
Q106681210,332 (Ogham Stone Concept by the Research Squirrel Ogham Project),332
Q106681213,333 (Ogham Stone Concept by the Research Squirrel Ogham Project),333
Q106681214,334 (Ogham Stone Concept by the Research Squirrel Ogham Project),334
Q106681215,335 (Ogham Stone Concept by the Research Squirrel Ogham Project),335
Q106681217,336 (Ogham Stone Concept by the Research Squirrel Ogham Project),336
Q106681218,337 (Ogham Stone Concept by the Research Squirrel Ogham Project),337
Q106681219,338 (Ogham Stone Concept by the Research Squirrel Ogham Project),338
Q106681220,339 (Ogham Stone Concept by the Research Squirrel Ogham Project),339
Q106681221,340 (Ogham Stone Concept by the Research Squirrel Ogham Project),340
Q106681222,341 (Ogham Stone Concept by the Research Squirrel Ogham Project),341
Q106681224,342 (Ogham Stone Concept by the Research Squirrel Ogham Project),342
Q106681225,343 (Ogham Stone Concept by the Research Squirrel Ogham Project),343
Q106681226,344 (Ogham Stone Concept by the Research Squirrel Ogham Project),344
Q106681227,345 (Ogham Stone Concept by the Research Squirrel Ogham Project),345
Q106681228,346 (Ogham Stone Concept by the Research Squirrel Ogham Project),346
Q106681229,347 (Ogham Stone Concept by the Research Squirrel Ogham Project),347
Q106681230,348 (Ogham Stone Concept by the Research Squirrel Ogham Project),348
Q106681369 ,349 (Ogham Stone Concept by the Research Squirrel Ogham Project),349
Q106681231,350 (Ogham Stone Concept by the Research Squirrel Ogham Project),350
Q106681232,351 (Ogham Stone Concept by the Research Squirrel Ogham Project),351
Q106681233,352 (Ogham Stone Concept by the Research Squirrel Ogham Project),352
Q106681234,353 (Ogham Stone Concept by the Research Squirrel Ogham Project),353
Q106681235,354 (Ogham Stone Concept by the Research Squirrel Ogham Project),354
Q106681236,355 (Ogham Stone Concept by the Research Squirrel Ogham Project),355
Q106681237,356 (Ogham Stone Concept by the Research Squirrel Ogham Project),356
Q106681238,357 (Ogham Stone Concept by the Research Squirrel Ogham Project),357
Q106681239,358 (Ogham Stone Concept by the Research Squirrel Ogham Project),358
Q106681240,359 (Ogham Stone Concept by the Research Squirrel Ogham Project),359
Q106681241,360 (Ogham Stone Concept by the Research Squirrel Ogham Project),360
Q106681242,361 (Ogham Stone Concept by the Research Squirrel Ogham Project),361
Q106681243,362 (Ogham Stone Concept by the Research Squirrel Ogham Project),362
Q106681244,363 (Ogham Stone Concept by the Research Squirrel Ogham Project),363
Q106681370 ,364 (Ogham Stone Concept by the Research Squirrel Ogham Project),364
Q106681246,365 (Ogham Stone Concept by the Research Squirrel Ogham Project),365
Q106681247,366 (Ogham Stone Concept by the Research Squirrel Ogham Project),366
Q106681248,367 (Ogham Stone Concept by the Research Squirrel Ogham Project),367
Q106681249,368 (Ogham Stone Concept by the Research Squirrel Ogham Project),368
Q106681250,369 (Ogham Stone Concept by the Research Squirrel Ogham Project),369
Q106681251,370 (Ogham Stone Concept by the Research Squirrel Ogham Project),370
Q106681252,371 (Ogham Stone Concept by the Research Squirrel Ogham Project),371
Q106681253,372 (Ogham Stone Concept by the Research Squirrel Ogham Project),372
Q106681254,373 (Ogham Stone Concept by the Research Squirrel Ogham Project),373
Q106681255,374 (Ogham Stone Concept by the Research Squirrel Ogham Project),374
Q106681256,375 (Ogham Stone Concept by the Research Squirrel Ogham Project),375
Q106681257,376 (Ogham Stone Concept by the Research Squirrel Ogham Project),376
Q106681258,377 (Ogham Stone Concept by the Research Squirrel Ogham Project),377
Q106681259,378 (Ogham Stone Concept by the Research Squirrel Ogham Project),378
Q106681260,379 (Ogham Stone Concept by the Research Squirrel Ogham Project),379
Q106681261,380 (Ogham Stone Concept by the Research Squirrel Ogham Project),380
Q106681262,381 (Ogham Stone Concept by the Research Squirrel Ogham Project),381
Q106681263,382 (Ogham Stone Concept by the Research Squirrel Ogham Project),382
Q106681264,383 (Ogham Stone Concept by the Research Squirrel Ogham Project),383
Q106681265,384 (Ogham Stone Concept by the Research Squirrel Ogham Project),384
