item,itemLabel,itemDescription,country,countryLabel,oghamsite,oghamsiteLabel,geo,so
http://www.wikidata.org/entity/Q70892272,CIIC 1,Ogam Stein CIIC 1,http://www.wikidata.org/entity/Q27,Irland,http://www.wikidata.org/entity/Q85390377,Inchagoill (Ogham Site),Point(-9.316944 53.485556),1
http://www.wikidata.org/entity/Q70892302,CIIC 10,Ogam Stein CIIC 10,http://www.wikidata.org/entity/Q27,Irland,http://www.wikidata.org/entity/Q85390394,Breastagh (Ogham Site),Point(-9.248056 54.248611),10
http://www.wikidata.org/entity/Q70892504,CIIC 100,Ogam Stein CIIC 100,http://www.wikidata.org/entity/Q27,Irland,http://www.wikidata.org/entity/Q85394010,Ballyhank,Point(-8.608333 51.838611),100
http://www.wikidata.org/entity/Q70892506,CIIC 101,Ogam Stein CIIC 101,http://www.wikidata.org/entity/Q27,Irland,http://www.wikidata.org/entity/Q85394010,Ballyhank,Point(-8.608333 51.838611),101
http://www.wikidata.org/entity/Q70892509,CIIC 102,Ogam Stein CIIC 102,http://www.wikidata.org/entity/Q27,Irland,http://www.wikidata.org/entity/Q85394010,Ballyhank,Point(-8.608333 51.838611),102
http://www.wikidata.org/entity/Q69377850,CIIC 103,Ogam Stein CIIC 103,http://www.wikidata.org/entity/Q27,Irland,http://www.wikidata.org/entity/Q69378412,Barrahaurin (Ogham Site),Point(-8.818333 52.015833),1
http://www.wikidata.org/entity/Q69377850,CIIC 103,Ogam Stein CIIC 103,http://www.wikidata.org/entity/Q27,Irland,http://www.wikidata.org/entity/Q69378412,Barrahaurin (Ogham Site),Point(-8.818333 52.015833),103
http://www.wikidata.org/entity/Q70892510,CIIC 104,Ogam Stein CIIC 104,http://www.wikidata.org/entity/Q27,Irland,http://www.wikidata.org/entity/Q85394077,Coolineagh,Point(-8.823889 51.955833),104
http://www.wikidata.org/entity/Q70885728,CIIC 105,Ogam Stein CIIC 105,http://www.wikidata.org/entity/Q27,Irland,http://www.wikidata.org/entity/Q85394077,Coolineagh,Point(-8.823889 51.955833),23
http://www.wikidata.org/entity/Q70885728,CIIC 105,Ogam Stein CIIC 105,http://www.wikidata.org/entity/Q27,Irland,http://www.wikidata.org/entity/Q85394077,Coolineagh,Point(-8.823889 51.955833),105
http://www.wikidata.org/entity/Q70892513,CIIC 106,Ogam Stein CIIC 106,http://www.wikidata.org/entity/Q27,Irland,http://www.wikidata.org/entity/Q85393938,Deelish (Ogham Site),Point(-8.887778 51.940833),106
http://www.wikidata.org/entity/Q70885727,CIIC 107,Ogam Stein CIIC 107,http://www.wikidata.org/entity/Q27,Irland,http://www.wikidata.org/entity/Q85394126,Glenaglogh North,Point(-8.866111 51.991111),107
http://www.wikidata.org/entity/Q70885727,CIIC 107,Ogam Stein CIIC 107,http://www.wikidata.org/entity/Q27,Irland,http://www.wikidata.org/entity/Q85394126,Glenaglogh North,Point(-8.866111 51.991111),22
http://www.wikidata.org/entity/Q70892516,CIIC 108,Ogam Stein CIIC 108,http://www.wikidata.org/entity/Q27,Irland,http://www.wikidata.org/entity/Q85394079,Kilcullen South,Point(-8.81 51.9875),108
http://www.wikidata.org/entity/Q70892518,CIIC 109,Ogam Stein CIIC 109,http://www.wikidata.org/entity/Q27,Irland,http://www.wikidata.org/entity/Q85394014,Kilmartin Lower,Point(-8.789444 51.985556),109
http://www.wikidata.org/entity/Q70892303,CIIC 11,Ogam Stein CIIC 11,http://www.wikidata.org/entity/Q27,Irland,http://www.wikidata.org/entity/Q85390417,Drummin (Ogham Site),Point(-8.362222 53.84),11
http://www.wikidata.org/entity/Q70892523,CIIC 110,Ogam Stein CIIC 110,http://www.wikidata.org/entity/Q27,Irland,http://www.wikidata.org/entity/Q85393940,Knockrour (Ogham Site),Point(-8.838889 51.9575),110
http://www.wikidata.org/entity/Q70892526,CIIC 111,Ogam Stein CIIC 111,http://www.wikidata.org/entity/Q27,Irland,http://www.wikidata.org/entity/Q85393940,Knockrour (Ogham Site),Point(-8.838889 51.9575),111
http://www.wikidata.org/entity/Q70885739,CIIC 112,Ogam Stein CIIC 112,http://www.wikidata.org/entity/Q27,Irland,http://www.wikidata.org/entity/Q69383268,Knockshanawee (Ogham Site),Point(-8.794722 51.868056),112
http://www.wikidata.org/entity/Q70885739,CIIC 112,Ogam Stein CIIC 112,http://www.wikidata.org/entity/Q27,Irland,http://www.wikidata.org/entity/Q69383268,Knockshanawee (Ogham Site),Point(-8.794722 51.868056),27
http://www.wikidata.org/entity/Q70382440,CIIC 113,Ogam Stein CIIC 113,http://www.wikidata.org/entity/Q27,Irland,http://www.wikidata.org/entity/Q69383268,Knockshanawee (Ogham Site),Point(-8.794722 51.868056),5
http://www.wikidata.org/entity/Q70382440,CIIC 113,Ogam Stein CIIC 113,http://www.wikidata.org/entity/Q27,Irland,http://www.wikidata.org/entity/Q69383268,Knockshanawee (Ogham Site),Point(-8.794722 51.868056),113
http://www.wikidata.org/entity/Q70885736,CIIC 114,Ogam Stein CIIC 114,http://www.wikidata.org/entity/Q27,Irland,http://www.wikidata.org/entity/Q69383268,Knockshanawee (Ogham Site),Point(-8.794722 51.868056),26
http://www.wikidata.org/entity/Q70885736,CIIC 114,Ogam Stein CIIC 114,http://www.wikidata.org/entity/Q27,Irland,http://www.wikidata.org/entity/Q69383268,Knockshanawee (Ogham Site),Point(-8.794722 51.868056),114
http://www.wikidata.org/entity/Q69383434,CIIC 115,Ogam Stein CIIC 115,http://www.wikidata.org/entity/Q27,Irland,http://www.wikidata.org/entity/Q69383268,Knockshanawee (Ogham Site),Point(-8.794722 51.868056),2
http://www.wikidata.org/entity/Q69383434,CIIC 115,Ogam Stein CIIC 115,http://www.wikidata.org/entity/Q27,Irland,http://www.wikidata.org/entity/Q69383268,Knockshanawee (Ogham Site),Point(-8.794722 51.868056),115
http://www.wikidata.org/entity/Q70382438,CIIC 116,Ogam Stein CIIC 116,http://www.wikidata.org/entity/Q27,Irland,http://www.wikidata.org/entity/Q69383268,Knockshanawee (Ogham Site),Point(-8.794722 51.868056),6
http://www.wikidata.org/entity/Q70382438,CIIC 116,Ogam Stein CIIC 116,http://www.wikidata.org/entity/Q27,Irland,http://www.wikidata.org/entity/Q69383268,Knockshanawee (Ogham Site),Point(-8.794722 51.868056),116
http://www.wikidata.org/entity/Q69385241,CIIC 117,Ogam Stein CIIC 117,http://www.wikidata.org/entity/Q27,Irland,http://www.wikidata.org/entity/Q69383268,Knockshanawee (Ogham Site),Point(-8.794722 51.868056),3
http://www.wikidata.org/entity/Q69385241,CIIC 117,Ogam Stein CIIC 117,http://www.wikidata.org/entity/Q27,Irland,http://www.wikidata.org/entity/Q69383268,Knockshanawee (Ogham Site),Point(-8.794722 51.868056),117
http://www.wikidata.org/entity/Q70892527,CIIC 118,Ogam Stein CIIC 118,http://www.wikidata.org/entity/Q27,Irland,http://www.wikidata.org/entity/Q85394081,Monataggart,Point(-8.779444 51.974444),118
http://www.wikidata.org/entity/Q70892531,CIIC 119,Ogam Stein CIIC 119,http://www.wikidata.org/entity/Q27,Irland,http://www.wikidata.org/entity/Q85394081,Monataggart,Point(-8.779444 51.974444),119
http://www.wikidata.org/entity/Q70892306,CIIC 12,Ogam Stein CIIC 12,http://www.wikidata.org/entity/Q27,Irland,http://www.wikidata.org/entity/Q85390711,Toberrory (Ogham Site),Point(-8.297778 53.8075),12
http://www.wikidata.org/entity/Q70892533,CIIC 120,Ogam Stein CIIC 120,http://www.wikidata.org/entity/Q27,Irland,http://www.wikidata.org/entity/Q85394081,Monataggart,Point(-8.779444 51.974444),120
http://www.wikidata.org/entity/Q70892534,CIIC 121,Ogam Stein CIIC 121,http://www.wikidata.org/entity/Q27,Irland,http://www.wikidata.org/entity/Q85394081,Monataggart,Point(-8.779444 51.974444),121
http://www.wikidata.org/entity/Q70892536,CIIC 122,Ogam Stein CIIC 122,http://www.wikidata.org/entity/Q27,Irland,http://www.wikidata.org/entity/Q85394114,Mountrivers,Point(-8.829444 51.970833),122
http://www.wikidata.org/entity/Q70892539,CIIC 123,Ogam Stein CIIC 123,http://www.wikidata.org/entity/Q27,Irland,http://www.wikidata.org/entity/Q85394114,Mountrivers,Point(-8.829444 51.970833),123
http://www.wikidata.org/entity/Q70892540,CIIC 124,Ogam Stein CIIC 124,http://www.wikidata.org/entity/Q27,Irland,http://www.wikidata.org/entity/Q85394017,Rooves More,Point(-8.784167 51.886667),124
http://www.wikidata.org/entity/Q70892545,CIIC 125,Ogam Stein CIIC 125,http://www.wikidata.org/entity/Q27,Irland,http://www.wikidata.org/entity/Q85394017,Rooves More,Point(-8.784167 51.886667),125
http://www.wikidata.org/entity/Q70892549,CIIC 126,Ogam Stein CIIC 126,http://www.wikidata.org/entity/Q27,Irland,http://www.wikidata.org/entity/Q85394017,Rooves More,Point(-8.784167 51.886667),126
http://www.wikidata.org/entity/Q70885722,CIIC 127,Ogam Stein CIIC 127,http://www.wikidata.org/entity/Q27,Irland,http://www.wikidata.org/entity/Q85394019,Tullig More,Point(-8.757222 51.946389),127
http://www.wikidata.org/entity/Q70885722,CIIC 127,Ogam Stein CIIC 127,http://www.wikidata.org/entity/Q27,Irland,http://www.wikidata.org/entity/Q85394019,Tullig More,Point(-8.757222 51.946389),20
http://www.wikidata.org/entity/Q70885734,CIIC 128,Ogam Stein CIIC 128,http://www.wikidata.org/entity/Q27,Irland,http://www.wikidata.org/entity/Q85393943,Carrigagulla (Ogham Site),Point(-8.909167 52.0075),25
http://www.wikidata.org/entity/Q70885734,CIIC 128,Ogam Stein CIIC 128,http://www.wikidata.org/entity/Q27,Irland,http://www.wikidata.org/entity/Q85393943,Carrigagulla (Ogham Site),Point(-8.909167 52.0075),128
http://www.wikidata.org/entity/Q70892550,CIIC 129,Ogam Stein CIIC 129,http://www.wikidata.org/entity/Q27,Irland,http://www.wikidata.org/entity/Q85393945,Cooldorragha (Ogham Site),Point(-9.026389 51.508611),129
http://www.wikidata.org/entity/Q70899521,CIIC 13,Ogam Stein CIIC 13,http://www.wikidata.org/entity/Q27,Irland,http://www.wikidata.org/entity/Q85390711,Toberrory (Ogham Site),Point(-8.297778 53.8075),13
http://www.wikidata.org/entity/Q70892553,CIIC 130,Ogam Stein CIIC 130,http://www.wikidata.org/entity/Q27,Irland,http://www.wikidata.org/entity/Q85393948,Crinnaloo North (Ogham Site),Point(-8.928056 52.066667),130
http://www.wikidata.org/entity/Q70892555,CIIC 131,Ogam Stein CIIC 131,http://www.wikidata.org/entity/Q27,Irland,http://www.wikidata.org/entity/Q85394021,Glebe / Shanacloon,Point(-9.115 51.849444),131
http://www.wikidata.org/entity/Q70892556,CIIC 132,Ogam Stein CIIC 132,http://www.wikidata.org/entity/Q27,Irland,http://www.wikidata.org/entity/Q85394021,Glebe / Shanacloon,Point(-9.115 51.849444),132
http://www.wikidata.org/entity/Q70892558,CIIC 133,Ogam Stein CIIC 133,http://www.wikidata.org/entity/Q27,Irland,http://www.wikidata.org/entity/Q85394021,Glebe / Shanacloon,Point(-9.115 51.849444),133
http://www.wikidata.org/entity/Q70892561,CIIC 134,Ogam Stein CIIC 134,http://www.wikidata.org/entity/Q27,Irland,http://www.wikidata.org/entity/Q85394084,Kealvaugh More,Point(-9.228056 51.828333),134
http://www.wikidata.org/entity/Q70892563,CIIC 135,Ogam Stein CIIC 135,http://www.wikidata.org/entity/Q27,Irland,http://www.wikidata.org/entity/Q85394128,Mount Music / Knockoran,Point(-9.083889 51.926111),135
http://www.wikidata.org/entity/Q70892567,CIIC 136,Ogam Stein CIIC 136,http://www.wikidata.org/entity/Q27,Irland,http://www.wikidata.org/entity/Q85394024,Ardfert,Point(-9.772778 52.328889),136
http://www.wikidata.org/entity/Q70892569,CIIC 137,Ogam Stein CIIC 137,http://www.wikidata.org/entity/Q27,Irland,http://www.wikidata.org/entity/Q85394087,Fortwilliam,Point(-9.724167 52.362778),137
http://www.wikidata.org/entity/Q70892572,CIIC 138,Ogam Stein CIIC 138,http://www.wikidata.org/entity/Q27,Irland,http://www.wikidata.org/entity/Q85393952,Aghacarrible (Ogham Site),Point(-10.176111 52.129444),138
http://www.wikidata.org/entity/Q70892574,CIIC 139,Ogam Stein CIIC 139,http://www.wikidata.org/entity/Q27,Irland,http://www.wikidata.org/entity/Q85393952,Aghacarrible (Ogham Site),Point(-10.176111 52.129444),139
http://www.wikidata.org/entity/Q70899522,CIIC 14,Ogam Stein CIIC 14,http://www.wikidata.org/entity/Q27,Irland,http://www.wikidata.org/entity/Q85391730,Kilcumney (Ogham Site),Point(-6.956389 52.631667),14
http://www.wikidata.org/entity/Q70892577,CIIC 140,Ogam Stein CIIC 140,http://www.wikidata.org/entity/Q27,Irland,http://www.wikidata.org/entity/Q85393952,Aghacarrible (Ogham Site),Point(-10.176111 52.129444),140
http://www.wikidata.org/entity/Q70892578,CIIC 141,Ogam Stein CIIC 141,http://www.wikidata.org/entity/Q27,Irland,http://www.wikidata.org/entity/Q85393955,Aglish (Ogham Site),Point(-10.138056 52.133056),141
http://www.wikidata.org/entity/Q70892582,CIIC 142,Ogam Stein CIIC 142,http://www.wikidata.org/entity/Q27,Irland,http://www.wikidata.org/entity/Q85393955,Aglish (Ogham Site),Point(-10.138056 52.133056),142
http://www.wikidata.org/entity/Q70892584,CIIC 143,Ogam Stein CIIC 143,http://www.wikidata.org/entity/Q27,Irland,http://www.wikidata.org/entity/Q85394130,Annagap,Point(-10.063056 52.159167),143
http://www.wikidata.org/entity/Q70892586,CIIC 144,Ogam Stein CIIC 144,http://www.wikidata.org/entity/Q27,Irland,http://www.wikidata.org/entity/Q85394026,Ardrinane,Point(-10.049167 52.143056),144
http://www.wikidata.org/entity/Q70892592,CIIC 145,Ogam Stein CIIC 145,http://www.wikidata.org/entity/Q27,Irland,http://www.wikidata.org/entity/Q85394028,Arraglen,Point(-10.236944 52.2675),145
http://www.wikidata.org/entity/Q70892594,CIIC 146,Ogam Stein CIIC 146,http://www.wikidata.org/entity/Q27,Irland,http://www.wikidata.org/entity/Q85393959,Reask (Ogham Site),Point(-10.382222 52.166667),146
http://www.wikidata.org/entity/Q70892598,CIIC 147,Ogam Stein CIIC 147,http://www.wikidata.org/entity/Q27,Irland,http://www.wikidata.org/entity/Q85393961,Ballineesteenig (Ogham Site),Point(-10.2075 52.140556),147
http://www.wikidata.org/entity/Q70892599,CIIC 148,Ogam Stein CIIC 148,http://www.wikidata.org/entity/Q27,Irland,http://www.wikidata.org/entity/Q85394310,Ballinrannig Townland,Point(-10.386111 52.176111),148
http://www.wikidata.org/entity/Q70892602,CIIC 149,Ogam Stein CIIC 149,http://www.wikidata.org/entity/Q27,Irland,http://www.wikidata.org/entity/Q85394310,Ballinrannig Townland,Point(-10.386111 52.176111),149
http://www.wikidata.org/entity/Q70892312,CIIC 15,Ogam Stein CIIC 15,http://www.wikidata.org/entity/Q27,Irland,http://www.wikidata.org/entity/Q85391717,Clonmore (Ogham Site),Point(-6.573611 52.826389),15
http://www.wikidata.org/entity/Q70892604,CIIC 150,Ogam Stein CIIC 150,http://www.wikidata.org/entity/Q27,Irland,http://www.wikidata.org/entity/Q85394310,Ballinrannig Townland,Point(-10.386111 52.176111),150
http://www.wikidata.org/entity/Q70892606,CIIC 151,Ogam Stein CIIC 151,http://www.wikidata.org/entity/Q27,Irland,http://www.wikidata.org/entity/Q85394310,Ballinrannig Townland,Point(-10.386111 52.176111),151
http://www.wikidata.org/entity/Q70892609,CIIC 152,Ogam Stein CIIC 152,http://www.wikidata.org/entity/Q27,Irland,http://www.wikidata.org/entity/Q85394310,Ballinrannig Townland,Point(-10.386111 52.176111),152
http://www.wikidata.org/entity/Q70892611,CIIC 153,Ogam Stein CIIC 153,http://www.wikidata.org/entity/Q27,Irland,http://www.wikidata.org/entity/Q85394310,Ballinrannig Townland,Point(-10.386111 52.176111),153
http://www.wikidata.org/entity/Q85409935,CIIC 154,Ogham Stein CIIC 154,http://www.wikidata.org/entity/Q27,Irland,http://www.wikidata.org/entity/Q85394310,Ballinrannig Townland,Point(-10.386111 52.176111),154
http://www.wikidata.org/entity/Q70892616,CIIC 155,Ogam Stein CIIC 155,http://www.wikidata.org/entity/Q27,Irland,http://www.wikidata.org/entity/Q85393964,Ballintaggart,Point(-10.031111 52.1725),155
http://www.wikidata.org/entity/Q70892620,CIIC 156,Ogam Stein CIIC 156,http://www.wikidata.org/entity/Q27,Irland,http://www.wikidata.org/entity/Q85393964,Ballintaggart,Point(-10.031111 52.1725),156
http://www.wikidata.org/entity/Q70892623,CIIC 157,Ogam Stein CIIC 157,http://www.wikidata.org/entity/Q27,Irland,http://www.wikidata.org/entity/Q85393964,Ballintaggart,Point(-10.031111 52.1725),157
http://www.wikidata.org/entity/Q70892626,CIIC 158,Ogam Stein CIIC 158,http://www.wikidata.org/entity/Q27,Irland,http://www.wikidata.org/entity/Q85393964,Ballintaggart,Point(-10.031111 52.1725),158
http://www.wikidata.org/entity/Q70892629,CIIC 159,Ogam Stein CIIC 159,http://www.wikidata.org/entity/Q27,Irland,http://www.wikidata.org/entity/Q85393964,Ballintaggart,Point(-10.031111 52.1725),159
http://www.wikidata.org/entity/Q70899524,CIIC 16,Ogam Stein CIIC 16,http://www.wikidata.org/entity/Q27,Irland,http://www.wikidata.org/entity/Q85391648,Rathglass (Ogham Site),Point(-6.716667 52.781944),16
http://www.wikidata.org/entity/Q70892630,CIIC 160,Ogam Stein CIIC 160,http://www.wikidata.org/entity/Q27,Irland,http://www.wikidata.org/entity/Q85393964,Ballintaggart,Point(-10.031111 52.1725),160
http://www.wikidata.org/entity/Q70892632,CIIC 161,Ogam Stein CIIC 161,http://www.wikidata.org/entity/Q27,Irland,http://www.wikidata.org/entity/Q85393964,Ballintaggart,Point(-10.031111 52.1725),161
http://www.wikidata.org/entity/Q70892635,CIIC 162,Ogam Stein CIIC 162,http://www.wikidata.org/entity/Q27,Irland,http://www.wikidata.org/entity/Q85393964,Ballintaggart,Point(-10.031111 52.1725),162
http://www.wikidata.org/entity/Q70892636,CIIC 163,Ogam Stein CIIC 163,http://www.wikidata.org/entity/Q27,Irland,http://www.wikidata.org/entity/Q85393964,Ballintaggart,Point(-10.031111 52.1725),163
http://www.wikidata.org/entity/Q70892643,CIIC 164,Ogam Stein CIIC 164,http://www.wikidata.org/entity/Q27,Irland,http://www.wikidata.org/entity/Q85395620,Ballintermon,Point(-10.031389 52.155278),164
http://www.wikidata.org/entity/Q70892646,CIIC 165,Ogam Stein CIIC 165,http://www.wikidata.org/entity/Q27,Irland,http://www.wikidata.org/entity/Q85395620,Ballintermon,Point(-10.031389 52.155278),165
http://www.wikidata.org/entity/Q70892648,CIIC 166,Ogam Stein CIIC 166,http://www.wikidata.org/entity/Q27,Irland,http://www.wikidata.org/entity/Q85395552,Ballinvoher,Point(-10.159444 52.186944),166
http://www.wikidata.org/entity/Q70892652,CIIC 167,Ogam Stein CIIC 167,http://www.wikidata.org/entity/Q27,Irland,http://www.wikidata.org/entity/Q85395515,Ballyandreen,Point(-10.0375 52.165833),167
http://www.wikidata.org/entity/Q70892653,CIIC 168,Ogam Stein CIIC 168,http://www.wikidata.org/entity/Q27,Irland,http://www.wikidata.org/entity/Q85395515,Ballyandreen,Point(-10.0375 52.165833),168
http://www.wikidata.org/entity/Q70892655,CIIC 169,Ogam Stein CIIC 169,http://www.wikidata.org/entity/Q27,Irland,http://www.wikidata.org/entity/Q85395517,Ballyeightragh,Point(-10.323333 52.160556),169
http://www.wikidata.org/entity/Q70892316,CIIC 17,Ogam Stein CIIC 17,http://www.wikidata.org/entity/Q27,Irland,http://www.wikidata.org/entity/Q85391650,Tuckamine (Ogham Site),Point(-6.727222 52.848056),17
http://www.wikidata.org/entity/Q70892659,CIIC 170,Ogam Stein CIIC 170,http://www.wikidata.org/entity/Q27,Irland,http://www.wikidata.org/entity/Q85395592,Ballymorereagh,Point(-10.3275 52.151389),170
http://www.wikidata.org/entity/Q70892660,CIIC 171,Ogam Stein CIIC 171,http://www.wikidata.org/entity/Q27,Irland,http://www.wikidata.org/entity/Q85395518,Ballynahunt,Point(-10.029722 52.1875),171
http://www.wikidata.org/entity/Q70892662,CIIC 172,Ogam Stein CIIC 172,http://www.wikidata.org/entity/Q27,Irland,http://www.wikidata.org/entity/Q85395519,Ballywiheen / Cahernagat,Point(-10.400833 52.155833),172
http://www.wikidata.org/entity/Q70892669,CIIC 173,Ogam Stein CIIC 173,http://www.wikidata.org/entity/Q27,Irland,http://www.wikidata.org/entity/Q85395554,Brackloon,Point(-10.036389 52.146944),173
http://www.wikidata.org/entity/Q70892670,CIIC 174,Ogam Stein CIIC 174,http://www.wikidata.org/entity/Q27,Irland,http://www.wikidata.org/entity/Q85395555,Brandon Mountain,Point(-10.159444 52.186944),174
http://www.wikidata.org/entity/Q70892674,CIIC 175,Ogam Stein CIIC 175,http://www.wikidata.org/entity/Q27,Irland,http://www.wikidata.org/entity/Q85395594,Burnham East Townland,Point(-10.306944 52.125833),175
http://www.wikidata.org/entity/Q70892676,CIIC 176,Ogam Stein CIIC 176,http://www.wikidata.org/entity/Q27,Irland,http://www.wikidata.org/entity/Q85395556,Camp Ogham Site,Point(-9.910278 52.215),176
http://www.wikidata.org/entity/Q70892679,CIIC 177,Ogam Stein CIIC 177,http://www.wikidata.org/entity/Q27,Irland,http://www.wikidata.org/entity/Q85395556,Camp Ogham Site,Point(-9.910278 52.215),177
http://www.wikidata.org/entity/Q70892682,CIIC 178,Ogam Stein CIIC 178,http://www.wikidata.org/entity/Q27,Irland,http://www.wikidata.org/entity/Q85395557,Coumeenoole North / Dunmore Head,Point(-10.458333 52.111944),178
http://www.wikidata.org/entity/Q70892683,CIIC 179,Ogam Stein CIIC 179,http://www.wikidata.org/entity/Q27,Irland,http://www.wikidata.org/entity/Q85395597,Dingle Ogham Site,Point(-10.27 52.14),179
http://www.wikidata.org/entity/Q70892318,CIIC 18,Ogam Stein CIIC 18,http://www.wikidata.org/entity/Q27,Irland,http://www.wikidata.org/entity/Q85391732,Portmarnock (Ogham Site),Point(-6.1525 53.419722),18
http://www.wikidata.org/entity/Q70892686,CIIC 180,Ogam Stein CIIC 180,http://www.wikidata.org/entity/Q27,Irland,http://www.wikidata.org/entity/Q85395559,Emlagh East,Point(-10.228056 52.133056),180
http://www.wikidata.org/entity/Q70892689,CIIC 181,Ogam Stein CIIC 181,http://www.wikidata.org/entity/Q27,Irland,http://www.wikidata.org/entity/Q85395521,Emlagh West,Point(-10.270556 52.135278),181
http://www.wikidata.org/entity/Q70892693,CIIC 182,Ogam Stein CIIC 182,http://www.wikidata.org/entity/Q27,Irland,http://www.wikidata.org/entity/Q85395522,Glanmore,Point(-10.159444 52.186944),182
http://www.wikidata.org/entity/Q70892695,CIIC 183,Ogam Stein CIIC 183,http://www.wikidata.org/entity/Q27,Irland,http://www.wikidata.org/entity/Q85395523,Glanfahan,Point(-10.437222 52.103333),183
http://www.wikidata.org/entity/Q70892699,CIIC 184,Ogam Stein CIIC 184,http://www.wikidata.org/entity/Q27,Irland,http://www.wikidata.org/entity/Q85395524,Gortnagullanagh,Point(-10.126667 52.140833),184
http://www.wikidata.org/entity/Q70892701,CIIC 185,Ogam Stein CIIC 185,http://www.wikidata.org/entity/Q27,Irland,http://www.wikidata.org/entity/Q85395526,Inishvickillane,Point(-10.607778 52.044444),185
http://www.wikidata.org/entity/Q70892704,CIIC 186,Ogam Stein CIIC 186,http://www.wikidata.org/entity/Q27,Irland,http://www.wikidata.org/entity/Q85395599,Kilfountan,Point(-10.300556 52.153333),186
http://www.wikidata.org/entity/Q70892706,CIIC 187,Ogam Stein CIIC 187,http://www.wikidata.org/entity/Q27,Irland,http://www.wikidata.org/entity/Q85395528,Kilmalkedar,Point(-10.333056 52.188333),187
http://www.wikidata.org/entity/Q70892708,CIIC 188,Ogam Stein CIIC 188,http://www.wikidata.org/entity/Q27,Irland,http://www.wikidata.org/entity/Q85395530,Kinard East,Point(-10.194444 52.120556),188
http://www.wikidata.org/entity/Q70892711,CIIC 189,Ogam Stein CIIC 189,http://www.wikidata.org/entity/Q27,Irland,http://www.wikidata.org/entity/Q85395530,Kinard East,Point(-10.194444 52.120556),189
http://www.wikidata.org/entity/Q70899528,CIIC 19,Ogam Stein CIIC 19,http://www.wikidata.org/entity/Q27,Irland,http://www.wikidata.org/entity/Q85391762,Colbinstown / Killeen Cormac (Ogham Site),Point(-6.756389 53.031111),19
http://www.wikidata.org/entity/Q70892714,CIIC 190,Ogam Stein CIIC 190,http://www.wikidata.org/entity/Q27,Irland,http://www.wikidata.org/entity/Q85395562,Lugnagappul,Point(-10.124722 52.135833),190
http://www.wikidata.org/entity/Q70892719,CIIC 191,Ogam Stein CIIC 191,http://www.wikidata.org/entity/Q27,Irland,http://www.wikidata.org/entity/Q85395562,Lugnagappul,Point(-10.124722 52.135833),191
http://www.wikidata.org/entity/Q70892722,CIIC 192,Ogam Stein CIIC 192,http://www.wikidata.org/entity/Q27,Irland,http://www.wikidata.org/entity/Q85395622,Martramane,Point(-10.023333 52.251944),192
http://www.wikidata.org/entity/Q70892725,CIIC 193,Ogam Stein CIIC 193,http://www.wikidata.org/entity/Q27,Irland,http://www.wikidata.org/entity/Q85395564,Maumanorig,Point(-10.359444 52.144722),193
http://www.wikidata.org/entity/Q70892726,CIIC 194,Ogam Stein CIIC 194,http://www.wikidata.org/entity/Q27,Irland,http://www.wikidata.org/entity/Q85395627,Rathduff,Point(-10.024444 52.167778),194
http://www.wikidata.org/entity/Q85409967,CIIC 194a,Ogham Stein CIIC 194a,http://www.wikidata.org/entity/Q27,Irland,http://www.wikidata.org/entity/Q85395627,Rathduff,Point(-10.024444 52.167778),194a
http://www.wikidata.org/entity/Q70892731,CIIC 195,Ogam Stein CIIC 195,http://www.wikidata.org/entity/Q27,Irland,http://www.wikidata.org/entity/Q85395567,Rathmalode / Loughor,Point(-9.990556 52.1725),195
http://www.wikidata.org/entity/Q70892732,CIIC 196,Ogam Stein CIIC 196,http://www.wikidata.org/entity/Q27,Irland,http://www.wikidata.org/entity/Q85395567,Rathmalode / Loughor,Point(-9.990556 52.1725),196
http://www.wikidata.org/entity/Q70892734,CIIC 197,Ogam Stein CIIC 197,http://www.wikidata.org/entity/Q27,Irland,http://www.wikidata.org/entity/Q69379704,Coolmagort (Ogham Site),Point(-9.642778 52.061111),197
http://www.wikidata.org/entity/Q70892738,CIIC 198,Ogam Stein CIIC 198,http://www.wikidata.org/entity/Q27,Irland,http://www.wikidata.org/entity/Q69379704,Coolmagort (Ogham Site),Point(-9.642778 52.061111),198
http://www.wikidata.org/entity/Q70892739,CIIC 199,Ogam Stein CIIC 199,http://www.wikidata.org/entity/Q27,Irland,http://www.wikidata.org/entity/Q69379704,Coolmagort (Ogham Site),Point(-9.642778 52.061111),199
http://www.wikidata.org/entity/Q70892276,CIIC 2,Ogam Stein CIIC 2,http://www.wikidata.org/entity/Q27,Irland,http://www.wikidata.org/entity/Q85390407,Cloonmorris (Ogham Site),Point(-7.870556 53.816389),2
http://www.wikidata.org/entity/Q70892328,CIIC 20,Ogam Stein CIIC 20,http://www.wikidata.org/entity/Q27,Irland,http://www.wikidata.org/entity/Q85391762,Colbinstown / Killeen Cormac (Ogham Site),Point(-6.756389 53.031111),20
http://www.wikidata.org/entity/Q70892745,CIIC 200,Ogam Stein CIIC 200,http://www.wikidata.org/entity/Q27,Irland,http://www.wikidata.org/entity/Q69379704,Coolmagort (Ogham Site),Point(-9.642778 52.061111),200
http://www.wikidata.org/entity/Q70892748,CIIC 201,Ogam Stein CIIC 201,http://www.wikidata.org/entity/Q27,Irland,http://www.wikidata.org/entity/Q69379704,Coolmagort (Ogham Site),Point(-9.642778 52.061111),201
http://www.wikidata.org/entity/Q70892750,CIIC 202,Ogam Stein CIIC 202,http://www.wikidata.org/entity/Q27,Irland,http://www.wikidata.org/entity/Q69379704,Coolmagort (Ogham Site),Point(-9.642778 52.061111),202
http://www.wikidata.org/entity/Q67978531,CIIC 203,Ogam Stein CIIC 203,http://www.wikidata.org/entity/Q27,Irland,http://www.wikidata.org/entity/Q69379704,Coolmagort (Ogham Site),Point(-9.642778 52.061111),203
http://www.wikidata.org/entity/Q67978531,CIIC 203,Ogam Stein CIIC 203,http://www.wikidata.org/entity/Q27,Irland,http://www.wikidata.org/entity/Q69379704,Coolmagort (Ogham Site),Point(-9.633466 52.060741),203
http://www.wikidata.org/entity/Q70892754,CIIC 204,Ogam Stein CIIC 204,http://www.wikidata.org/entity/Q27,Irland,http://www.wikidata.org/entity/Q85395570,Curraghmore East,Point(-9.621667 52.208611),204
http://www.wikidata.org/entity/Q70892756,CIIC 205,Ogam Stein CIIC 205,http://www.wikidata.org/entity/Q27,Irland,http://www.wikidata.org/entity/Q85395535,Derrygarriv,Point(-9.665 51.974444),205
http://www.wikidata.org/entity/Q70892757,CIIC 206,Ogam Stein CIIC 206,http://www.wikidata.org/entity/Q27,Irland,http://www.wikidata.org/entity/Q85395537,Kilcoolaght East / Kilhullicaha,Point(-9.747222 52.071944),206
http://www.wikidata.org/entity/Q70892761,CIIC 207,Ogam Stein CIIC 207,http://www.wikidata.org/entity/Q27,Irland,http://www.wikidata.org/entity/Q85395537,Kilcoolaght East / Kilhullicaha,Point(-9.747222 52.071944),207
http://www.wikidata.org/entity/Q70892763,CIIC 208,Ogam Stein CIIC 208,http://www.wikidata.org/entity/Q27,Irland,http://www.wikidata.org/entity/Q85395537,Kilcoolaght East / Kilhullicaha,Point(-9.747222 52.071944),208
http://www.wikidata.org/entity/Q70892767,CIIC 209,Ogam Stein CIIC 209,http://www.wikidata.org/entity/Q27,Irland,http://www.wikidata.org/entity/Q85395537,Kilcoolaght East / Kilhullicaha,Point(-9.747222 52.071944),209
http://www.wikidata.org/entity/Q70899529,CIIC 21,Ogam Stein CIIC 21,http://www.wikidata.org/entity/Q27,Irland,http://www.wikidata.org/entity/Q85391762,Colbinstown / Killeen Cormac (Ogham Site),Point(-6.756389 53.031111),21
http://www.wikidata.org/entity/Q70892772,CIIC 210,Ogam Stein CIIC 210,http://www.wikidata.org/entity/Q27,Irland,http://www.wikidata.org/entity/Q85395537,Kilcoolaght East / Kilhullicaha,Point(-9.747222 52.071944),210
http://www.wikidata.org/entity/Q70892774,CIIC 211,Ogam Stein CIIC 211,http://www.wikidata.org/entity/Q27,Irland,http://www.wikidata.org/entity/Q85395537,Kilcoolaght East / Kilhullicaha,Point(-9.747222 52.071944),211
http://www.wikidata.org/entity/Q70892778,CIIC 212,Ogam Stein CIIC 212,http://www.wikidata.org/entity/Q27,Irland,http://www.wikidata.org/entity/Q85395537,Kilcoolaght East / Kilhullicaha,Point(-9.747222 52.071944),212
http://www.wikidata.org/entity/Q70892780,CIIC 213,Ogam Stein CIIC 213,http://www.wikidata.org/entity/Q27,Irland,http://www.wikidata.org/entity/Q85395537,Kilcoolaght East / Kilhullicaha,Point(-9.747222 52.071944),213
http://www.wikidata.org/entity/Q70892784,CIIC 214,Ogam Stein CIIC 214,http://www.wikidata.org/entity/Q27,Irland,http://www.wikidata.org/entity/Q85395538,Kilgobnet,Point(-9.718889 52.068056),214
http://www.wikidata.org/entity/Q70892785,CIIC 215,Ogam Stein CIIC 215,http://www.wikidata.org/entity/Q27,Irland,http://www.wikidata.org/entity/Q85395539,Whitefield,Point(-9.703056 52.080556),215
http://www.wikidata.org/entity/Q70892787,CIIC 216,Ogam Stein CIIC 216,http://www.wikidata.org/entity/Q27,Irland,http://www.wikidata.org/entity/Q85395539,Whitefield,Point(-9.703056 52.080556),216
http://www.wikidata.org/entity/Q70892791,CIIC 217,Ogam Stein CIIC 217,http://www.wikidata.org/entity/Q27,Irland,http://www.wikidata.org/entity/Q85395539,Whitefield,Point(-9.703056 52.080556),217
http://www.wikidata.org/entity/Q70892792,CIIC 218,Ogam Stein CIIC 218,http://www.wikidata.org/entity/Q27,Irland,http://www.wikidata.org/entity/Q85395539,Whitefield,Point(-9.703056 52.080556),218
http://www.wikidata.org/entity/Q85411181,CIIC 218a,Ogham Stein CIIC 218a,http://www.wikidata.org/entity/Q27,Irland,http://www.wikidata.org/entity/Q85395539,Whitefield,Point(-9.703056 52.080556),218a
http://www.wikidata.org/entity/Q70892797,CIIC 219,Ogam Stein CIIC 219,http://www.wikidata.org/entity/Q27,Irland,http://www.wikidata.org/entity/Q85395602,Derrygarrane South,Point(-9.746667 51.91),219
http://www.wikidata.org/entity/Q70899530,CIIC 22,Ogam Stein CIIC 22,http://www.wikidata.org/entity/Q27,Irland,http://www.wikidata.org/entity/Q85391762,Colbinstown / Killeen Cormac (Ogham Site),Point(-6.756389 53.031111),22
http://www.wikidata.org/entity/Q70892799,CIIC 220,Ogam Stein CIIC 220,http://www.wikidata.org/entity/Q27,Irland,http://www.wikidata.org/entity/Q85395573,Darrynane Beg,Point(-10.122222 51.773056),220
http://www.wikidata.org/entity/Q70892801,CIIC 221,Ogam Stein CIIC 221,http://www.wikidata.org/entity/Q27,Irland,http://www.wikidata.org/entity/Q85395540,Dromlusk,Point(-9.786667 51.881111),221
http://www.wikidata.org/entity/Q70892805,CIIC 222,Ogam Stein CIIC 222,http://www.wikidata.org/entity/Q27,Irland,http://www.wikidata.org/entity/Q85395541,Mangerton,Point(-9.875 51.858611),222
http://www.wikidata.org/entity/Q70892807,CIIC 223,Ogam Stein CIIC 223,http://www.wikidata.org/entity/Q27,Irland,http://www.wikidata.org/entity/Q85395605,Parknasilla,Point(-9.875 51.858611),223
http://www.wikidata.org/entity/Q70892808,CIIC 224,Ogam Stein CIIC 224,http://www.wikidata.org/entity/Q27,Irland,http://www.wikidata.org/entity/Q85395543,Dromatouk,Point(-9.525833 51.885278),224
http://www.wikidata.org/entity/Q70892810,CIIC 225,Ogam Stein CIIC 225,http://www.wikidata.org/entity/Q27,Irland,http://www.wikidata.org/entity/Q85395607,Gortmaccaree,Point(-9.551667 51.8475),225
http://www.wikidata.org/entity/Q70892813,CIIC 226,Ogam Stein CIIC 226,http://www.wikidata.org/entity/Q27,Irland,http://www.wikidata.org/entity/Q85395624,Inchinanagh,Point(-9.389167 51.839444),226
http://www.wikidata.org/entity/Q70892814,CIIC 227,Ogam Stein CIIC 227,http://www.wikidata.org/entity/Q27,Irland,http://www.wikidata.org/entity/Q85395546,Lomanagh,Point(-9.413611 51.883333),227
http://www.wikidata.org/entity/Q70892818,CIIC 228,Ogam Stein CIIC 228,http://www.wikidata.org/entity/Q27,Irland,http://www.wikidata.org/entity/Q85395548,Cockhill / Kilnaughtin,Point(-9.421389 52.566667),228
http://www.wikidata.org/entity/Q70892821,CIIC 229,Ogam Stein CIIC 229,http://www.wikidata.org/entity/Q27,Irland,http://www.wikidata.org/entity/Q85395576,Canburrin,Point(-10.166667 51.921111),229
http://www.wikidata.org/entity/Q70899537,CIIC 23,Ogam Stein CIIC 23,http://www.wikidata.org/entity/Q27,Irland,http://www.wikidata.org/entity/Q85391762,Colbinstown / Killeen Cormac (Ogham Site),Point(-6.756389 53.031111),23
http://www.wikidata.org/entity/Q70892823,CIIC 230,Ogam Stein CIIC 230,http://www.wikidata.org/entity/Q27,Irland,http://www.wikidata.org/entity/Q85395549,Cloghanecarhan Townland,Point(-10.176944 51.894167),230
http://www.wikidata.org/entity/Q70892827,CIIC 231,Ogam Stein CIIC 231,http://www.wikidata.org/entity/Q27,Irland,http://www.wikidata.org/entity/Q85395579,Cool East / Killeenadreena,Point(-10.365556 51.912222),231
http://www.wikidata.org/entity/Q70892828,CIIC 232,Ogam Stein CIIC 232,http://www.wikidata.org/entity/Q27,Irland,http://www.wikidata.org/entity/Q85395579,Cool East / Killeenadreena,Point(-10.365556 51.912222),232
http://www.wikidata.org/entity/Q70892829,CIIC 233,Ogam Stein CIIC 233,http://www.wikidata.org/entity/Q27,Irland,http://www.wikidata.org/entity/Q85395550,Dromkeare,Point(-10.113611 51.848056),233
http://www.wikidata.org/entity/Q70892834,CIIC 234,Ogam Stein CIIC 234,http://www.wikidata.org/entity/Q27,Irland,http://www.wikidata.org/entity/Q85395582,Kilkeehagh,Point(-10.029167 52.031111),234
http://www.wikidata.org/entity/Q70892835,CIIC 235,Ogam Stein CIIC 235,http://www.wikidata.org/entity/Q27,Irland,http://www.wikidata.org/entity/Q85395618,Killogrone,Point(-10.175833 51.913333),235
http://www.wikidata.org/entity/Q70892837,CIIC 236,Ogam Stein CIIC 236,http://www.wikidata.org/entity/Q27,Irland,http://www.wikidata.org/entity/Q85395551,Killurly,Point(-10.301944 51.843333),236
http://www.wikidata.org/entity/Q70892842,CIIC 237,Ogam Stein CIIC 237,http://www.wikidata.org/entity/Q27,Irland,http://www.wikidata.org/entity/Q85395551,Killurly,Point(-10.301944 51.843333),237
http://www.wikidata.org/entity/Q70892844,CIIC 238,Ogam Stein CIIC 238,http://www.wikidata.org/entity/Q27,Irland,http://www.wikidata.org/entity/Q85395585,Letter Ogham Site,Point(-10.220833 51.923333),238
http://www.wikidata.org/entity/Q70892846,CIIC 239,Ogam Stein CIIC 239,http://www.wikidata.org/entity/Q27,Irland,http://www.wikidata.org/entity/Q85396891,Letter West,Point(-10.025278 52.013611),239
http://www.wikidata.org/entity/Q70899538,CIIC 24,Ogam Stein CIIC 24,http://www.wikidata.org/entity/Q27,Irland,http://www.wikidata.org/entity/Q85391762,Colbinstown / Killeen Cormac (Ogham Site),Point(-6.756389 53.031111),24
http://www.wikidata.org/entity/Q70892848,CIIC 240,Ogam Stein CIIC 240,http://www.wikidata.org/entity/Q27,Irland,http://www.wikidata.org/entity/Q85396810,Teeromoyle,Point(-10.058889 51.970833),240
http://www.wikidata.org/entity/Q70892851,CIIC 241,Ogam Stein CIIC 241,http://www.wikidata.org/entity/Q27,Irland,http://www.wikidata.org/entity/Q85396894,Kilbonane Townland,Point(-9.673611 52.086111),241
http://www.wikidata.org/entity/Q70892852,CIIC 242,Ogam Stein CIIC 242,http://www.wikidata.org/entity/Q27,Irland,http://www.wikidata.org/entity/Q85396972,Parkavonear,Point(-9.558333 52.077778),242
http://www.wikidata.org/entity/Q85411211,CIIC 242a,Ogham Stein CIIC 242a,http://www.wikidata.org/entity/Q27,Irland,http://www.wikidata.org/entity/Q85396972,Parkavonear,Point(-9.558333 52.077778),242a
http://www.wikidata.org/entity/Q70892854,CIIC 243,Ogam Stein CIIC 243,http://www.wikidata.org/entity/Q27,Irland,http://www.wikidata.org/entity/Q85396812,Rockfield / Laharan,Point(-9.631667 52.128889),243
http://www.wikidata.org/entity/Q70892857,CIIC 244,Ogam Stein CIIC 244,http://www.wikidata.org/entity/Q27,Irland,http://www.wikidata.org/entity/Q85396812,Rockfield / Laharan,Point(-9.631667 52.128889),244
http://www.wikidata.org/entity/Q70892859,CIIC 245,Ogam Stein CIIC 245,http://www.wikidata.org/entity/Q27,Irland,http://www.wikidata.org/entity/Q85396812,Rockfield / Laharan,Point(-9.631667 52.128889),245
http://www.wikidata.org/entity/Q70892864,CIIC 246,Ogam Stein CIIC 246,http://www.wikidata.org/entity/Q27,Irland,http://www.wikidata.org/entity/Q85396812,Rockfield / Laharan,Point(-9.631667 52.128889),246
http://www.wikidata.org/entity/Q85410004,CIIC 246a,Ogham Stein CIIC 246a,http://www.wikidata.org/entity/Q27,Irland,http://www.wikidata.org/entity/Q85396815,Ardcanaght,Point(-9.733611 52.165556),246a
http://www.wikidata.org/entity/Q85410013,CIIC 246b,Ogham Stein CIIC 246b,http://www.wikidata.org/entity/Q27,Irland,http://www.wikidata.org/entity/Q85396815,Ardcanaght,Point(-9.733611 52.165556),246b
http://www.wikidata.org/entity/Q70892869,CIIC 247,Ogam Stein CIIC 247,http://www.wikidata.org/entity/Q27,Irland,http://www.wikidata.org/entity/Q85396974,Ardwanig,Point(-9.662778 52.147778),247
http://www.wikidata.org/entity/Q70892870,CIIC 248,Ogam Stein CIIC 248,http://www.wikidata.org/entity/Q27,Irland,http://www.wikidata.org/entity/Q85396897,Bawnaglanna,Point(-9.438889 52.1425),248
http://www.wikidata.org/entity/Q70892873,CIIC 249,Ogam Stein CIIC 249,http://www.wikidata.org/entity/Q27,Irland,http://www.wikidata.org/entity/Q85396931,Brackhill / Brakel,Point(-9.687778 52.161944),249
http://www.wikidata.org/entity/Q70899541,CIIC 25,Ogam Stein CIIC 25,http://www.wikidata.org/entity/Q27,Irland,http://www.wikidata.org/entity/Q85391762,Colbinstown / Killeen Cormac (Ogham Site),Point(-6.756389 53.031111),25
http://www.wikidata.org/entity/Q70892889,CIIC 250,Ogam Stein CIIC 250,http://www.wikidata.org/entity/Q27,Irland,http://www.wikidata.org/entity/Q85396820,Corkaboy,Point(-9.771944 52.165833),250
http://www.wikidata.org/entity/Q70892894,CIIC 251,Ogam Stein CIIC 251,http://www.wikidata.org/entity/Q27,Irland,http://www.wikidata.org/entity/Q85396823,Crag,Point(-9.5325 52.191667),251
http://www.wikidata.org/entity/Q70892895,CIIC 252,Ogam Stein CIIC 252,http://www.wikidata.org/entity/Q27,Irland,http://www.wikidata.org/entity/Q85396933,Gortatlea,Point(-9.581944 52.226667),252
http://www.wikidata.org/entity/Q70892897,CIIC 253,Ogam Stein CIIC 253,http://www.wikidata.org/entity/Q27,Irland,http://www.wikidata.org/entity/Q85396826,Killorglin Townland,Point(-9.540833 52.233611),253
http://www.wikidata.org/entity/Q70892906,CIIC 254,Ogam Stein CIIC 254,http://www.wikidata.org/entity/Q27,Irland,http://www.wikidata.org/entity/Q85396936,Killorglin (neighbourhood of),Point(-9.540833 52.233611),254
http://www.wikidata.org/entity/Q70892907,CIIC 255,Ogam Stein CIIC 255,http://www.wikidata.org/entity/Q27,Irland,http://www.wikidata.org/entity/Q85396900,Tinnahally,Point(-9.7575 52.124722),255
http://www.wikidata.org/entity/Q70892910,CIIC 256,Ogam Stein CIIC 256,http://www.wikidata.org/entity/Q27,Irland,http://www.wikidata.org/entity/Q85396900,Tinnahally,Point(-9.7575 52.124722),256
http://www.wikidata.org/entity/Q85410047,CIIC 256a,Ogham Stein CIIC 256a,http://www.wikidata.org/entity/Q27,Irland,http://www.wikidata.org/entity/Q85396830,Tralee Ogham Site,Point(-9.710278 52.268056),256a
http://www.wikidata.org/entity/Q70892912,CIIC 257,Ogam Stein CIIC 257,http://www.wikidata.org/entity/Q27,Irland,http://www.wikidata.org/entity/Q85396834,Ballyelan Townland,Point(-8.823889 52.4575),257
http://www.wikidata.org/entity/Q70892914,CIIC 258,Ogam Stein CIIC 258,http://www.wikidata.org/entity/Q27,Irland,http://www.wikidata.org/entity/Q85396837,Ballingarry Townland,Point(-8.377222 52.381944),258
http://www.wikidata.org/entity/Q70892917,CIIC 259,Ogam Stein CIIC 259,http://www.wikidata.org/entity/Q27,Irland,http://www.wikidata.org/entity/Q85396939,Mountrussell Townland,Point(-8.562778 52.328611),259
http://www.wikidata.org/entity/Q70899544,CIIC 26,Ogam Stein CIIC 26,http://www.wikidata.org/entity/Q27,Irland,http://www.wikidata.org/entity/Q85391654,Donaghmore (Ogham Site),Point(-6.551111 53.375278),26
http://www.wikidata.org/entity/Q70892919,CIIC 260,Ogam Stein CIIC 260,http://www.wikidata.org/entity/Q27,Irland,http://www.wikidata.org/entity/Q85396941,Newcastle Townland,Point(-8.105278 52.275833),260
http://www.wikidata.org/entity/Q70892920,CIIC 261,Ogam Stein CIIC 261,http://www.wikidata.org/entity/Q27,Irland,http://www.wikidata.org/entity/Q85396903,Priesttown Townland,Point(-7.758056 52.221667),261
http://www.wikidata.org/entity/Q70885701,CIIC 262,Ogam Stein CIIC 262,http://www.wikidata.org/entity/Q27,Irland,http://www.wikidata.org/entity/Q85396840,Seemochuda Townland,Point(-7.998889 52.199444),262
http://www.wikidata.org/entity/Q70885701,CIIC 262,Ogam Stein CIIC 262,http://www.wikidata.org/entity/Q27,Irland,http://www.wikidata.org/entity/Q85396840,Seemochuda Townland,Point(-7.998889 52.199444),12
http://www.wikidata.org/entity/Q70892923,CIIC 263,Ogam Stein CIIC 263,http://www.wikidata.org/entity/Q27,Irland,http://www.wikidata.org/entity/Q85396905,Ardocheasty,Point(-7.729167 51.944167),263
http://www.wikidata.org/entity/Q70892924,CIIC 264,Ogam Stein CIIC 264,http://www.wikidata.org/entity/Q27,Irland,http://www.wikidata.org/entity/Q85396905,Ardocheasty,Point(-7.729167 51.944167),264
http://www.wikidata.org/entity/Q70892930,CIIC 265,Ogam Stein CIIC 265,http://www.wikidata.org/entity/Q27,Irland,http://www.wikidata.org/entity/Q85396905,Ardocheasty,Point(-7.729167 51.944167),265
http://www.wikidata.org/entity/Q70892932,CIIC 266,Ogam Stein CIIC 266,http://www.wikidata.org/entity/Q27,Irland,http://www.wikidata.org/entity/Q85396907,Dromore Ogham Site,Point(-7.848889 52.064444),266
http://www.wikidata.org/entity/Q70892933,CIIC 267,Ogam Stein CIIC 267,http://www.wikidata.org/entity/Q27,Irland,http://www.wikidata.org/entity/Q85396907,Dromore Ogham Site,Point(-7.848889 52.064444),267
http://www.wikidata.org/entity/Q70892935,CIIC 268,Ogam Stein CIIC 268,http://www.wikidata.org/entity/Q27,Irland,http://www.wikidata.org/entity/Q85396907,Dromore Ogham Site,Point(-7.848889 52.064444),268
http://www.wikidata.org/entity/Q70892937,CIIC 269,Ogam Stein CIIC 269,http://www.wikidata.org/entity/Q27,Irland,http://www.wikidata.org/entity/Q85396845,Cush of Grange,Point(-7.755833 51.988333),269
http://www.wikidata.org/entity/Q70892342,CIIC 27,Ogam Stein CIIC 27,http://www.wikidata.org/entity/Q27,Irland,http://www.wikidata.org/entity/Q85391701,Ballyspellan (Ogham Site),Point(-7.524444 52.76),27
http://www.wikidata.org/entity/Q70892938,CIIC 270,Ogam Stein CIIC 270,http://www.wikidata.org/entity/Q27,Irland,http://www.wikidata.org/entity/Q85396847,Ballyvoony Townland,Point(-7.439167 52.133333),270
http://www.wikidata.org/entity/Q70892940,CIIC 271,Ogam Stein CIIC 271,http://www.wikidata.org/entity/Q27,Irland,http://www.wikidata.org/entity/Q85396847,Ballyvoony Townland,Point(-7.439167 52.133333),271
http://www.wikidata.org/entity/Q70892943,CIIC 272,Ogam Stein CIIC 272,http://www.wikidata.org/entity/Q27,Irland,http://www.wikidata.org/entity/Q85396849,Drumlohan,Point(-7.468056 52.163056),272
http://www.wikidata.org/entity/Q70892944,CIIC 273,Ogam Stein CIIC 273,http://www.wikidata.org/entity/Q27,Irland,http://www.wikidata.org/entity/Q85396849,Drumlohan,Point(-7.468056 52.163056),273
http://www.wikidata.org/entity/Q70892950,CIIC 274,Ogam Stein CIIC 274,http://www.wikidata.org/entity/Q27,Irland,http://www.wikidata.org/entity/Q85396849,Drumlohan,Point(-7.468056 52.163056),274
http://www.wikidata.org/entity/Q70892951,CIIC 275,Ogam Stein CIIC 275,http://www.wikidata.org/entity/Q27,Irland,http://www.wikidata.org/entity/Q85396849,Drumlohan,Point(-7.468056 52.163056),275
http://www.wikidata.org/entity/Q70892952,CIIC 276,Ogam Stein CIIC 276,http://www.wikidata.org/entity/Q27,Irland,http://www.wikidata.org/entity/Q85396849,Drumlohan,Point(-7.468056 52.163056),276
http://www.wikidata.org/entity/Q70892956,CIIC 277,Ogam Stein CIIC 277,http://www.wikidata.org/entity/Q27,Irland,http://www.wikidata.org/entity/Q85396849,Drumlohan,Point(-7.468056 52.163056),277
http://www.wikidata.org/entity/Q70892957,CIIC 278,Ogam Stein CIIC 278,http://www.wikidata.org/entity/Q27,Irland,http://www.wikidata.org/entity/Q85396849,Drumlohan,Point(-7.468056 52.163056),278
http://www.wikidata.org/entity/Q70892959,CIIC 279,Ogam Stein CIIC 279,http://www.wikidata.org/entity/Q27,Irland,http://www.wikidata.org/entity/Q85396849,Drumlohan,Point(-7.468056 52.163056),279
http://www.wikidata.org/entity/Q70892353,CIIC 28,Ogam Stein CIIC 28,http://www.wikidata.org/entity/Q27,Irland,http://www.wikidata.org/entity/Q85391656,Churchclara (Ogham Site),Point(-7.150556 52.651389),28
http://www.wikidata.org/entity/Q70892962,CIIC 280,Ogam Stein CIIC 280,http://www.wikidata.org/entity/Q27,Irland,http://www.wikidata.org/entity/Q85396849,Drumlohan,Point(-7.468056 52.163056),280
http://www.wikidata.org/entity/Q70892964,CIIC 281,Ogam Stein CIIC 281,http://www.wikidata.org/entity/Q27,Irland,http://www.wikidata.org/entity/Q85396849,Drumlohan,Point(-7.468056 52.163056),281
http://www.wikidata.org/entity/Q70892966,CIIC 282,Ogam Stein CIIC 282,http://www.wikidata.org/entity/Q27,Irland,http://www.wikidata.org/entity/Q85396851,Fox's Castle Ogham Site,Point(-7.495 52.155278),282
http://www.wikidata.org/entity/Q70892968,CIIC 283,Ogam Stein CIIC 283,http://www.wikidata.org/entity/Q27,Irland,http://www.wikidata.org/entity/Q85396944,Garranmillon,Point(-7.483333 52.191389),283
http://www.wikidata.org/entity/Q70892970,CIIC 284,Ogam Stein CIIC 284,http://www.wikidata.org/entity/Q27,Irland,http://www.wikidata.org/entity/Q85396944,Garranmillon,Point(-7.483333 52.191389),284
http://www.wikidata.org/entity/Q70892972,CIIC 285,Ogam Stein CIIC 285,http://www.wikidata.org/entity/Q27,Irland,http://www.wikidata.org/entity/Q85396852,Kilbeg Townland,Point(-7.544722 52.110278),285
http://www.wikidata.org/entity/Q70892975,CIIC 286,Ogam Stein CIIC 286,http://www.wikidata.org/entity/Q27,Irland,http://www.wikidata.org/entity/Q85396854,Kilgrovan,Point(-7.549722 52.090556),286
http://www.wikidata.org/entity/Q70892978,CIIC 287,Ogam Stein CIIC 287,http://www.wikidata.org/entity/Q27,Irland,http://www.wikidata.org/entity/Q85396854,Kilgrovan,Point(-7.549722 52.090556),287
http://www.wikidata.org/entity/Q70892979,CIIC 288,Ogam Stein CIIC 288,http://www.wikidata.org/entity/Q27,Irland,http://www.wikidata.org/entity/Q85396854,Kilgrovan,Point(-7.549722 52.090556),288
http://www.wikidata.org/entity/Q70892982,CIIC 289,Ogam Stein CIIC 289,http://www.wikidata.org/entity/Q27,Irland,http://www.wikidata.org/entity/Q85396854,Kilgrovan,Point(-7.549722 52.090556),289
http://www.wikidata.org/entity/Q70892354,CIIC 29,Ogam Stein CIIC 29,http://www.wikidata.org/entity/Q27,Irland,http://www.wikidata.org/entity/Q85391719,Dunbell Big (Ogham Site),Point(-7.172222 52.617778),29
http://www.wikidata.org/entity/Q70892984,CIIC 290,Ogam Stein CIIC 290,http://www.wikidata.org/entity/Q27,Irland,http://www.wikidata.org/entity/Q85396854,Kilgrovan,Point(-7.549722 52.090556),290
http://www.wikidata.org/entity/Q70892987,CIIC 291,Ogam Stein CIIC 291,http://www.wikidata.org/entity/Q27,Irland,http://www.wikidata.org/entity/Q85396911,Kilmolash Townland,Point(-7.804444 52.1025),291
http://www.wikidata.org/entity/Q70892992,CIIC 292,Ogam Stein CIIC 292,http://www.wikidata.org/entity/Q27,Irland,http://www.wikidata.org/entity/Q85396914,Knockboy Townland,Point(-7.6 52.111389),292
http://www.wikidata.org/entity/Q70892993,CIIC 293,Ogam Stein CIIC 293,http://www.wikidata.org/entity/Q27,Irland,http://www.wikidata.org/entity/Q85396914,Knockboy Townland,Point(-7.6 52.111389),293
http://www.wikidata.org/entity/Q70892996,CIIC 294,Ogam Stein CIIC 294,http://www.wikidata.org/entity/Q27,Irland,http://www.wikidata.org/entity/Q85396914,Knockboy Townland,Point(-7.6 52.111389),294
http://www.wikidata.org/entity/Q70892999,CIIC 295,Ogam Stein CIIC 295,http://www.wikidata.org/entity/Q27,Irland,http://www.wikidata.org/entity/Q85396914,Knockboy Townland,Point(-7.6 52.111389),295
http://www.wikidata.org/entity/Q70893002,CIIC 296,Ogam Stein CIIC 296,http://www.wikidata.org/entity/Q27,Irland,http://www.wikidata.org/entity/Q85396914,Knockboy Townland,Point(-7.6 52.111389),296
http://www.wikidata.org/entity/Q70893003,CIIC 297,Ogam Stein CIIC 297,http://www.wikidata.org/entity/Q27,Irland,http://www.wikidata.org/entity/Q85396914,Knockboy Townland,Point(-7.6 52.111389),297
http://www.wikidata.org/entity/Q70893005,CIIC 298,Ogam Stein CIIC 298,http://www.wikidata.org/entity/Q27,Irland,http://www.wikidata.org/entity/Q85396914,Knockboy Townland,Point(-7.6 52.111389),298
http://www.wikidata.org/entity/Q70893008,CIIC 299,Ogam Stein CIIC 299,http://www.wikidata.org/entity/Q27,Irland,http://www.wikidata.org/entity/Q85396914,Knockboy Townland,Point(-7.6 52.111389),299
http://www.wikidata.org/entity/Q70892278,CIIC 3,Ogam Stein CIIC 3,http://www.wikidata.org/entity/Q27,Irland,http://www.wikidata.org/entity/Q85390382,Island (Ogham Site),Point(-8.805 53.781667),3
http://www.wikidata.org/entity/Q70892357,CIIC 30,Ogam Stein CIIC 30,http://www.wikidata.org/entity/Q27,Irland,http://www.wikidata.org/entity/Q85391719,Dunbell Big (Ogham Site),Point(-7.172222 52.617778),30
http://www.wikidata.org/entity/Q70893010,CIIC 300,Ogam Stein CIIC 300,http://www.wikidata.org/entity/Q27,Irland,http://www.wikidata.org/entity/Q85396859,Old Island Ogham Site,Point(-7.59 52.160833),300
http://www.wikidata.org/entity/Q70893016,CIIC 301,Ogam Stein CIIC 301,http://www.wikidata.org/entity/Q27,Irland,http://www.wikidata.org/entity/Q85396862,Tooracurragh,Point(-7.746944 52.267222),301
http://www.wikidata.org/entity/Q70893017,CIIC 302,Ogam Stein CIIC 302,http://www.wikidata.org/entity/Q27,Irland,http://www.wikidata.org/entity/Q85396997,Ballyvellon,Point(-7.226667 52.185),302
http://www.wikidata.org/entity/Q70893020,CIIC 303,Ogam Stein CIIC 303,http://www.wikidata.org/entity/Q27,Irland,http://www.wikidata.org/entity/Q85396916,Ballyquin Townland,Point(-7.385 52.311111),303
http://www.wikidata.org/entity/Q70893023,CIIC 304,Ogam Stein CIIC 304,http://www.wikidata.org/entity/Q27,Irland,http://www.wikidata.org/entity/Q85396978,Crehanagh South,Point(-7.391111 52.330556),304
http://www.wikidata.org/entity/Q70893024,CIIC 305,Ogam Stein CIIC 305,http://www.wikidata.org/entity/Q27,Irland,http://www.wikidata.org/entity/Q85396866,Curraghnagarraha,Point(-7.379167 52.324167),305
http://www.wikidata.org/entity/Q70893028,CIIC 306,Ogam Stein CIIC 306,http://www.wikidata.org/entity/Q27,Irland,http://www.wikidata.org/entity/Q85396870,Knockalafalla,Point(-7.511667 52.326389),306
http://www.wikidata.org/entity/Q70893030,CIIC 307,Ogam Stein CIIC 307,http://www.wikidata.org/entity/Q27,Irland,http://www.wikidata.org/entity/Q85396919,Windgap or Ardmore,Point(-7.487778 52.341944),307
http://www.wikidata.org/entity/Q70893035,CIIC 308,Ogam Stein CIIC 308,http://www.wikidata.org/entity/Q27,Irland,http://www.wikidata.org/entity/Q85396919,Windgap or Ardmore,Point(-7.487778 52.341944),308
http://www.wikidata.org/entity/Q70893037,CIIC 309,Ogam Stein CIIC 309,http://www.wikidata.org/entity/Q27,Irland,http://www.wikidata.org/entity/Q85392806,Carncome (Ogham Site),Point(-6.183333 54.803056),309
http://www.wikidata.org/entity/Q70892359,CIIC 31,Ogam Stein CIIC 31,http://www.wikidata.org/entity/Q27,Irland,http://www.wikidata.org/entity/Q85391658,Fiddaun Upper (Ogham Site),Point(-7.036389 52.518889),31
http://www.wikidata.org/entity/Q70893044,CIIC 310,Ogam Stein CIIC 310,http://www.wikidata.org/entity/Q27,Irland,http://www.wikidata.org/entity/Q85392806,Carncome (Ogham Site),Point(-6.183333 54.803056),310
http://www.wikidata.org/entity/Q70893050,CIIC 313,Ogam Stein CIIC 313,http://www.wikidata.org/entity/Q27,Irland,http://www.wikidata.org/entity/Q85392823,Dungummin (Ogham Site),Point(-7.209444 53.794444),313
http://www.wikidata.org/entity/Q70893052,CIIC 314,Ogam Stein CIIC 314,http://www.wikidata.org/entity/Q27,Irland,http://www.wikidata.org/entity/Q85392816,Station Island (Ogham Site),Point(-7.871111 54.608611),314
http://www.wikidata.org/entity/Q70893056,CIIC 315,Ogam Stein CIIC 315,http://www.wikidata.org/entity/Q27,Irland,http://www.wikidata.org/entity/Q85392831,Mullyknock or Topped Mountain (Ogham Site),Point(-7.5175 54.362222),315
http://www.wikidata.org/entity/Q70892361,CIIC 32,Ogam Stein CIIC 32,http://www.wikidata.org/entity/Q27,Irland,http://www.wikidata.org/entity/Q85391704,Gowran (Ogham Site),Point(-7.066111 52.6325),32
http://www.wikidata.org/entity/Q70892363,CIIC 33,Ogam Stein CIIC 33,http://www.wikidata.org/entity/Q27,Irland,http://www.wikidata.org/entity/Q85391660,Graiguenamanagh (Ogham Site),Point(-6.958056 52.5425),33
http://www.wikidata.org/entity/Q70892365,CIIC 34,Ogam Stein CIIC 34,http://www.wikidata.org/entity/Q27,Irland,http://www.wikidata.org/entity/Q85391706,Legan (Ogham Site),Point(-7.158611 52.538611),34
http://www.wikidata.org/entity/Q70892367,CIIC 35,Ogam Stein CIIC 35,http://www.wikidata.org/entity/Q27,Irland,http://www.wikidata.org/entity/Q85391735,Tullaherin (Ogham Site),Point(-7.121389 52.5775),35
http://www.wikidata.org/entity/Q70892369,CIIC 36,Ogam Stein CIIC 36,http://www.wikidata.org/entity/Q27,Irland,http://www.wikidata.org/entity/Q85391666,Lamoge (Ogham Site),Point(-7.360833 52.443889),36
http://www.wikidata.org/entity/Q70892376,CIIC 37,Ogam Stein CIIC 37,http://www.wikidata.org/entity/Q27,Irland,http://www.wikidata.org/entity/Q85391666,Lamoge (Ogham Site),Point(-7.360833 52.443889),37
http://www.wikidata.org/entity/Q67510124,CIIC 38,Ogam Stein CIIC 38,http://www.wikidata.org/entity/Q27,Irland,http://www.wikidata.org/entity/Q69378747,Ballyboodan (Ogham Site),Point(-7.231111 52.471944),38
http://www.wikidata.org/entity/Q70892378,CIIC 39,Ogam Stein CIIC 39,http://www.wikidata.org/entity/Q27,Irland,http://www.wikidata.org/entity/Q85391668,Barnaveddoge (Ogham Site),Point(-6.476667 53.845),39
http://www.wikidata.org/entity/Q70899515,CIIC 4,Ogam Stein CIIC 4,http://www.wikidata.org/entity/Q27,Irland,http://www.wikidata.org/entity/Q72006009,Kilmannin (Ogham Site),Point(-8.765556 53.773611),4
http://www.wikidata.org/entity/Q70899515,CIIC 4,Ogam Stein CIIC 4,http://www.wikidata.org/entity/Q27,Irland,http://www.wikidata.org/entity/Q72006009,Kilmannin (Ogham Site),Point(-8.765555555 53.7736111),4
http://www.wikidata.org/entity/Q70892380,CIIC 40,Ogam Stein CIIC 40,http://www.wikidata.org/entity/Q27,Irland,http://www.wikidata.org/entity/Q85391671,Painestown / Saneschalstown (Ogham Site),Point(-6.559167 53.673333),40
http://www.wikidata.org/entity/Q70892381,CIIC 41,Ogam Stein CIIC 41,http://www.wikidata.org/entity/Q27,Irland,http://www.wikidata.org/entity/Q85391673,Castlekeeran (Ogham Site),Point(-6.96 53.735833),41
http://www.wikidata.org/entity/Q70892382,CIIC 42,Ogam Stein CIIC 42,http://www.wikidata.org/entity/Q27,Irland,http://www.wikidata.org/entity/Q85391707,Balloughton (Ogham Site),Point(-6.720556 52.250556),42
http://www.wikidata.org/entity/Q70892386,CIIC 43,Ogam Stein CIIC 43,http://www.wikidata.org/entity/Q27,Irland,http://www.wikidata.org/entity/Q85391722,Saltee Island Great (Ogham Site),Point(-6.6177 52.1173),43
http://www.wikidata.org/entity/Q70892388,CIIC 44,Ogam Stein CIIC 44,http://www.wikidata.org/entity/Q27,Irland,http://www.wikidata.org/entity/Q85391675,Cotts (Ogham Site),Point(-6.4275 52.215278),44
http://www.wikidata.org/entity/Q70892390,CIIC 45,Ogam Stein CIIC 45,http://www.wikidata.org/entity/Q27,Irland,http://www.wikidata.org/entity/Q85391677,Killabeg (Ogham Site),Point(-6.530278 52.543611),45
http://www.wikidata.org/entity/Q70892393,CIIC 46,Ogam Stein CIIC 46,http://www.wikidata.org/entity/Q27,Irland,http://www.wikidata.org/entity/Q85391680,Houseland / Hook Point (Ogham Site),Point(-6.887778 52.161389),46
http://www.wikidata.org/entity/Q70892399,CIIC 47,Ogam Stein CIIC 47,http://www.wikidata.org/entity/Q27,Irland,http://www.wikidata.org/entity/Q85391708,Castletimon (Ogham Site),Point(-6.063611 52.909167),47
http://www.wikidata.org/entity/Q70892402,CIIC 48,Ogam Stein CIIC 48,http://www.wikidata.org/entity/Q27,Irland,http://www.wikidata.org/entity/Q85391710,Donard (Ogham Site),Point(-6.617778 53.016944),48
http://www.wikidata.org/entity/Q70892404,CIIC 49,Ogam Stein CIIC 49,http://www.wikidata.org/entity/Q27,Irland,http://www.wikidata.org/entity/Q85391683,Baltinglass (Ogham Site),Point(-6.624444 52.966389),49
http://www.wikidata.org/entity/Q70899516,CIIC 5,Ogam Stein CIIC 5,http://www.wikidata.org/entity/Q27,Irland,http://www.wikidata.org/entity/Q85390384,Rusheens East (Ogham Site),Point(-8.665278 53.896111),5
http://www.wikidata.org/entity/Q70892406,CIIC 50,Ogam Stein CIIC 50,http://www.wikidata.org/entity/Q27,Irland,http://www.wikidata.org/entity/Q85391685,Boleycarrigeen (Ogham Site),Point(-6.608889 53.946944),50
http://www.wikidata.org/entity/Q70892409,CIIC 51,Ogam Stein CIIC 51,http://www.wikidata.org/entity/Q27,Irland,http://www.wikidata.org/entity/Q85391711,Knickeen (Ogham Site),Point(-6.535 52.998056),51
http://www.wikidata.org/entity/Q70892410,CIIC 52,Ogam Stein CIIC 52,http://www.wikidata.org/entity/Q27,Irland,http://www.wikidata.org/entity/Q85393909,Tullycommon (Ogham Site),Point(-9.063611 53.022222),52
http://www.wikidata.org/entity/Q70892412,CIIC 53,Ogam Stein CIIC 53,http://www.wikidata.org/entity/Q27,Irland,http://www.wikidata.org/entity/Q85394775,Ennis Ogham Site,Point(-8.9807 52.8463),53
http://www.wikidata.org/entity/Q70892414,CIIC 54,Ogam Stein CIIC 54,http://www.wikidata.org/entity/Q27,Irland,http://www.wikidata.org/entity/Q85393912,Shantraud (Ogham Site),Point(-8.447778 52.803333),54
http://www.wikidata.org/entity/Q70892416,CIIC 55,Ogam Stein CIIC 55,http://www.wikidata.org/entity/Q27,Irland,http://www.wikidata.org/entity/Q85394096,Coomleagh East / Coomlia,Point(-9.283611 51.733056),55
http://www.wikidata.org/entity/Q70892424,CIIC 56,Ogam Stein CIIC 56,http://www.wikidata.org/entity/Q27,Irland,http://www.wikidata.org/entity/Q85393991,Burnfort,Point(-8.599444 52.068056),56
http://www.wikidata.org/entity/Q70892427,CIIC 57,Ogam Stein CIIC 57,http://www.wikidata.org/entity/Q27,Irland,http://www.wikidata.org/entity/Q72006007,Greenhill (Ogham Site),Point(-8.601944 52.081111),57
http://www.wikidata.org/entity/Q70892430,CIIC 58,Ogam Stein CIIC 58,http://www.wikidata.org/entity/Q27,Irland,http://www.wikidata.org/entity/Q72006007,Greenhill (Ogham Site),Point(-8.601944 52.081111),58
http://www.wikidata.org/entity/Q70892431,CIIC 59,Ogam Stein CIIC 59,http://www.wikidata.org/entity/Q27,Irland,http://www.wikidata.org/entity/Q85393914,Ballynabortagh (Ogham Site),Point(-8.453333 52.010278),59
http://www.wikidata.org/entity/Q70892286,CIIC 6,Ogam Stein CIIC 6,http://www.wikidata.org/entity/Q27,Irland,http://www.wikidata.org/entity/Q85390409,Tullaghaun (Ogham Site),Point(-8.709444 53.728611),6
http://www.wikidata.org/entity/Q70892434,CIIC 60,Ogam Stein CIIC 60,http://www.wikidata.org/entity/Q27,Irland,http://www.wikidata.org/entity/Q85393914,Ballynabortagh (Ogham Site),Point(-8.453333 52.010278),60
http://www.wikidata.org/entity/Q70885730,CIIC 61,Ogam Stein CIIC 61,http://www.wikidata.org/entity/Q27,Irland,http://www.wikidata.org/entity/Q85393915,Bishop's Island (Ogham Site),Point(-8.360556 52.008611),24
http://www.wikidata.org/entity/Q70885730,CIIC 61,Ogam Stein CIIC 61,http://www.wikidata.org/entity/Q27,Irland,http://www.wikidata.org/entity/Q85393915,Bishop's Island (Ogham Site),Point(-8.360556 52.008611),61
http://www.wikidata.org/entity/Q70892436,CIIC 62,Ogam Stein CIIC 62,http://www.wikidata.org/entity/Q27,Irland,http://www.wikidata.org/entity/Q85393918,Dunbulloge (Ogham Site),Point(-8.452778 51.980833),62
http://www.wikidata.org/entity/Q70885723,CIIC 63,Ogam Stein CIIC 63,http://www.wikidata.org/entity/Q27,Irland,http://www.wikidata.org/entity/Q85393995,Glenawillin,Point(-8.175556 51.969444),63
http://www.wikidata.org/entity/Q70885723,CIIC 63,Ogam Stein CIIC 63,http://www.wikidata.org/entity/Q27,Irland,http://www.wikidata.org/entity/Q85393995,Glenawillin,Point(-8.175556 51.969444),21
http://www.wikidata.org/entity/Q70892438,CIIC 64,Ogam Stein CIIC 64,http://www.wikidata.org/entity/Q27,Irland,http://www.wikidata.org/entity/Q85393995,Glenawillin,Point(-8.175556 51.969444),64
http://www.wikidata.org/entity/Q70892442,CIIC 65,Ogam Stein CIIC 65,http://www.wikidata.org/entity/Q27,Irland,http://www.wikidata.org/entity/Q85393922,Rathcobane (Ogham Site),Point(-8.246111 52.005278),65
http://www.wikidata.org/entity/Q70892444,CIIC 66,Ogam Stein CIIC 66,http://www.wikidata.org/entity/Q27,Irland,http://www.wikidata.org/entity/Q85393998,Faunkill and the Woods / BallycrovaneFaunkill and the Woods,Point(-9.935278 51.712222),66
http://www.wikidata.org/entity/Q70892450,CIIC 67,Ogam Stein CIIC 67,http://www.wikidata.org/entity/Q27,Irland,http://www.wikidata.org/entity/Q85394098,Gour,Point(-9.981667 51.628889),67
http://www.wikidata.org/entity/Q70892452,CIIC 68,Ogam Stein CIIC 68,http://www.wikidata.org/entity/Q27,Irland,http://www.wikidata.org/entity/Q85394111,Kilcaskan,Point(-9.711944 51.7275),68
http://www.wikidata.org/entity/Q70892453,CIIC 69,Ogam Stein CIIC 69,http://www.wikidata.org/entity/Q27,Irland,http://www.wikidata.org/entity/Q85394002,Ahalisky,Point(-8.846944 51.678889),69
http://www.wikidata.org/entity/Q70899519,CIIC 7,Ogam Stein CIIC 7,http://www.wikidata.org/entity/Q27,Irland,http://www.wikidata.org/entity/Q85390388,Corrower (Ogham Site),Point(-9.083889 54.074444),
http://www.wikidata.org/entity/Q70892457,CIIC 70,Ogam Stein CIIC 70,http://www.wikidata.org/entity/Q27,Irland,http://www.wikidata.org/entity/Q85394002,Ahalisky,Point(-8.846944 51.678889),70
http://www.wikidata.org/entity/Q70892459,CIIC 71,Ogam Stein CIIC 71,http://www.wikidata.org/entity/Q27,Irland,http://www.wikidata.org/entity/Q85394002,Ahalisky,Point(-8.846944 51.678889),71
http://www.wikidata.org/entity/Q70892460,CIIC 72,Ogam Stein CIIC 72,http://www.wikidata.org/entity/Q27,Irland,http://www.wikidata.org/entity/Q85394004,Aultagh,Point(-9.088056 51.770833),72
http://www.wikidata.org/entity/Q70892463,CIIC 73,Ogam Stein CIIC 73,http://www.wikidata.org/entity/Q27,Irland,http://www.wikidata.org/entity/Q85393926,Carhoovauler (Ogham Site),Point(-8.956111 51.688333),73
http://www.wikidata.org/entity/Q70892466,CIIC 74,Ogam Stein CIIC 74,http://www.wikidata.org/entity/Q27,Irland,http://www.wikidata.org/entity/Q85393926,Carhoovauler (Ogham Site),Point(-8.956111 51.688333),74
http://www.wikidata.org/entity/Q70892468,CIIC 75,Ogam Stein CIIC 75,http://www.wikidata.org/entity/Q27,Irland,http://www.wikidata.org/entity/Q85393928,Keenrath (Ogham Site),Point(-9.185833 51.759444),75
http://www.wikidata.org/entity/Q70892474,CIIC 76,Ogam Stein CIIC 76,http://www.wikidata.org/entity/Q27,Irland,http://www.wikidata.org/entity/Q85394006,Templebryan North,Point(-8.893056 51.645),76
http://www.wikidata.org/entity/Q70892476,CIIC 77,Ogam Stein CIIC 77,http://www.wikidata.org/entity/Q27,Irland,http://www.wikidata.org/entity/Q85393931,Burgatia / Teampuleen Fachtna (Ogham Site),Point(-9.0125 51.577778),77
http://www.wikidata.org/entity/Q70892478,CIIC 78,Ogam Stein CIIC 78,http://www.wikidata.org/entity/Q27,Irland,http://www.wikidata.org/entity/Q85394074,Coolowen,Point(-8.539722 51.957778),78
http://www.wikidata.org/entity/Q70892481,CIIC 79,Ogam Stein CIIC 79,http://www.wikidata.org/entity/Q27,Irland,http://www.wikidata.org/entity/Q85393934,Rathcanning (Ogham Site),Point(-8.075556 51.977222),79
http://www.wikidata.org/entity/Q70892288,CIIC 8,Ogam Stein CIIC 8,http://www.wikidata.org/entity/Q27,Irland,http://www.wikidata.org/entity/Q85390429,Dooghmakeon (Ogham Site),Point(-9.87 53.746389),8
http://www.wikidata.org/entity/Q70892484,CIIC 80,Ogam Stein CIIC 80,http://www.wikidata.org/entity/Q27,Irland,http://www.wikidata.org/entity/Q85393934,Rathcanning (Ogham Site),Point(-8.075556 51.977222),80
http://www.wikidata.org/entity/Q69385424,CIIC 81,Ogam Stein CIIC 81,http://www.wikidata.org/entity/Q27,Irland,http://www.wikidata.org/entity/Q69385525,Garranes (Ogham Site),Point(-8.761667 51.816389),4
http://www.wikidata.org/entity/Q69385424,CIIC 81,Ogam Stein CIIC 81,http://www.wikidata.org/entity/Q27,Irland,http://www.wikidata.org/entity/Q69385525,Garranes (Ogham Site),Point(-8.761667 51.816389),81
http://www.wikidata.org/entity/Q70892485,CIIC 82,Ogam Stein CIIC 82,http://www.wikidata.org/entity/Q27,Irland,http://www.wikidata.org/entity/Q85394270,Ballyknock Townland,Point(-8.071111 52.026944),82
http://www.wikidata.org/entity/Q70885704,CIIC 83,Ogam Stein CIIC 83,http://www.wikidata.org/entity/Q27,Irland,http://www.wikidata.org/entity/Q85394270,Ballyknock Townland,Point(-8.071111 52.026944),14
http://www.wikidata.org/entity/Q70885704,CIIC 83,Ogam Stein CIIC 83,http://www.wikidata.org/entity/Q27,Irland,http://www.wikidata.org/entity/Q85394270,Ballyknock Townland,Point(-8.071111 52.026944),83
http://www.wikidata.org/entity/Q70892488,CIIC 84,Ogam Stein CIIC 84,http://www.wikidata.org/entity/Q27,Irland,http://www.wikidata.org/entity/Q85394270,Ballyknock Townland,Point(-8.071111 52.026944),84
http://www.wikidata.org/entity/Q70885695,CIIC 85,Ogam Stein CIIC 85,http://www.wikidata.org/entity/Q27,Irland,http://www.wikidata.org/entity/Q85394270,Ballyknock Townland,Point(-8.071111 52.026944),9
http://www.wikidata.org/entity/Q70885695,CIIC 85,Ogam Stein CIIC 85,http://www.wikidata.org/entity/Q27,Irland,http://www.wikidata.org/entity/Q85394270,Ballyknock Townland,Point(-8.071111 52.026944),85
http://www.wikidata.org/entity/Q70885716,CIIC 86,Ogam Stein CIIC 86,http://www.wikidata.org/entity/Q27,Irland,http://www.wikidata.org/entity/Q85394270,Ballyknock Townland,Point(-8.071111 52.026944),18
http://www.wikidata.org/entity/Q70885716,CIIC 86,Ogam Stein CIIC 86,http://www.wikidata.org/entity/Q27,Irland,http://www.wikidata.org/entity/Q85394270,Ballyknock Townland,Point(-8.071111 52.026944),86
http://www.wikidata.org/entity/Q70885698,CIIC 87,Ogam Stein CIIC 87,http://www.wikidata.org/entity/Q27,Irland,http://www.wikidata.org/entity/Q85394270,Ballyknock Townland,Point(-8.071111 52.026944),11
http://www.wikidata.org/entity/Q70885698,CIIC 87,Ogam Stein CIIC 87,http://www.wikidata.org/entity/Q27,Irland,http://www.wikidata.org/entity/Q85394270,Ballyknock Townland,Point(-8.071111 52.026944),87
http://www.wikidata.org/entity/Q70885720,CIIC 88,Ogam Stein CIIC 88,http://www.wikidata.org/entity/Q27,Irland,http://www.wikidata.org/entity/Q85394270,Ballyknock Townland,Point(-8.071111 52.026944),88
http://www.wikidata.org/entity/Q70885720,CIIC 88,Ogam Stein CIIC 88,http://www.wikidata.org/entity/Q27,Irland,http://www.wikidata.org/entity/Q85394270,Ballyknock Townland,Point(-8.071111 52.026944),19
http://www.wikidata.org/entity/Q70885690,CIIC 89,Ogam Stein CIIC 89,http://www.wikidata.org/entity/Q27,Irland,http://www.wikidata.org/entity/Q85394270,Ballyknock Townland,Point(-8.071111 52.026944),7
http://www.wikidata.org/entity/Q70885690,CIIC 89,Ogam Stein CIIC 89,http://www.wikidata.org/entity/Q27,Irland,http://www.wikidata.org/entity/Q85394270,Ballyknock Townland,Point(-8.071111 52.026944),89
http://www.wikidata.org/entity/Q70892292,CIIC 9,Ogam Stein CIIC 9,http://www.wikidata.org/entity/Q27,Irland,http://www.wikidata.org/entity/Q85390391,Aghaleague (Ogham Site),Point(-9.330833 54.260278),9
http://www.wikidata.org/entity/Q70885712,CIIC 90,Ogam Stein CIIC 90,http://www.wikidata.org/entity/Q27,Irland,http://www.wikidata.org/entity/Q85394270,Ballyknock Townland,Point(-8.071111 52.026944),16
http://www.wikidata.org/entity/Q70885712,CIIC 90,Ogam Stein CIIC 90,http://www.wikidata.org/entity/Q27,Irland,http://www.wikidata.org/entity/Q85394270,Ballyknock Townland,Point(-8.071111 52.026944),90
http://www.wikidata.org/entity/Q70892490,CIIC 91,Ogam Stein CIIC 91,http://www.wikidata.org/entity/Q27,Irland,http://www.wikidata.org/entity/Q85394270,Ballyknock Townland,Point(-8.071111 52.026944),91
http://www.wikidata.org/entity/Q70885713,CIIC 92,Ogam Stein CIIC 92,http://www.wikidata.org/entity/Q27,Irland,http://www.wikidata.org/entity/Q85394270,Ballyknock Townland,Point(-8.071111 52.026944),17
http://www.wikidata.org/entity/Q70885713,CIIC 92,Ogam Stein CIIC 92,http://www.wikidata.org/entity/Q27,Irland,http://www.wikidata.org/entity/Q85394270,Ballyknock Townland,Point(-8.071111 52.026944),92
http://www.wikidata.org/entity/Q70885692,CIIC 93,Ogam Stein CIIC 93,http://www.wikidata.org/entity/Q27,Irland,http://www.wikidata.org/entity/Q85394270,Ballyknock Townland,Point(-8.071111 52.026944),8
http://www.wikidata.org/entity/Q70885692,CIIC 93,Ogam Stein CIIC 93,http://www.wikidata.org/entity/Q27,Irland,http://www.wikidata.org/entity/Q85394270,Ballyknock Townland,Point(-8.071111 52.026944),93
http://www.wikidata.org/entity/Q70885706,CIIC 94,Ogam Stein CIIC 94,http://www.wikidata.org/entity/Q27,Irland,http://www.wikidata.org/entity/Q85394270,Ballyknock Townland,Point(-8.071111 52.026944),94
http://www.wikidata.org/entity/Q70885706,CIIC 94,Ogam Stein CIIC 94,http://www.wikidata.org/entity/Q27,Irland,http://www.wikidata.org/entity/Q85394270,Ballyknock Townland,Point(-8.071111 52.026944),15
http://www.wikidata.org/entity/Q70885703,CIIC 95,Ogam Stein CIIC 95,http://www.wikidata.org/entity/Q27,Irland,http://www.wikidata.org/entity/Q85394270,Ballyknock Townland,Point(-8.071111 52.026944),13
http://www.wikidata.org/entity/Q70885703,CIIC 95,Ogam Stein CIIC 95,http://www.wikidata.org/entity/Q27,Irland,http://www.wikidata.org/entity/Q85394270,Ballyknock Townland,Point(-8.071111 52.026944),95
http://www.wikidata.org/entity/Q70885697,CIIC 96,Ogam Stein CIIC 96,http://www.wikidata.org/entity/Q27,Irland,http://www.wikidata.org/entity/Q85394270,Ballyknock Townland,Point(-8.071111 52.026944),10
http://www.wikidata.org/entity/Q70885697,CIIC 96,Ogam Stein CIIC 96,http://www.wikidata.org/entity/Q27,Irland,http://www.wikidata.org/entity/Q85394270,Ballyknock Townland,Point(-8.071111 52.026944),96
http://www.wikidata.org/entity/Q70892493,CIIC 97,Ogam Stein CIIC 97,http://www.wikidata.org/entity/Q27,Irland,http://www.wikidata.org/entity/Q85394010,Ballyhank,Point(-8.608333 51.838611),97
http://www.wikidata.org/entity/Q70892498,CIIC 98,Ogam Stein CIIC 98,http://www.wikidata.org/entity/Q27,Irland,http://www.wikidata.org/entity/Q85394010,Ballyhank,Point(-8.608333 51.838611),98
http://www.wikidata.org/entity/Q70892501,CIIC 99,Ogam Stein CIIC 99,http://www.wikidata.org/entity/Q27,Irland,http://www.wikidata.org/entity/Q85394010,Ballyhank,Point(-8.608333 51.838611),99
http://www.wikidata.org/entity/Q70893046,CIIC 311,Ogam Stein CIIC 311,http://www.wikidata.org/entity/Q145,Vereinigtes Knigreich,http://www.wikidata.org/entity/Q85392810,Drumconwell (Ogham Site),Point(-6.655278 54.307222),311
http://www.wikidata.org/entity/Q70893047,CIIC 312,Ogam Stein CIIC 312,http://www.wikidata.org/entity/Q145,Vereinigtes Knigreich,http://www.wikidata.org/entity/Q85392813,Rantavan (Ogham Site),Point(-6.954444 53.805),312
http://www.wikidata.org/entity/Q70893058,CIIC 316,Ogam Stein CIIC 316,http://www.wikidata.org/entity/Q145,Vereinigtes Knigreich,http://www.wikidata.org/entity/Q85392833,Dunalis Upper (Ogham Site),Point(-6.744444 55.116667),316
http://www.wikidata.org/entity/Q70893060,CIIC 317,Ogam Stein CIIC 317,http://www.wikidata.org/entity/Q145,Vereinigtes Knigreich,http://www.wikidata.org/entity/Q85392826,Aghascrebagh (Ogham Site),Point(-7.047778 54.699444),317
