reading_id|insc|stone_id
65000001|LIELUGUAEDONMACCIMENUEH|10000001
65000002|LEGGSDLEnESCADMAQCORRBRIMAQAMMLLOnITT|10000002
65000003|ABULCCAGNI|10000003
65000004|MAQIESEAMAQIDOMANEQI|10000004
65000005|DILOGONN|10000005
65000006|CARRTTACCGAQIMUCAGGI|10000006
65000007|ANMCORREMAQVIUDDGLOMETT|10000007
65000008|ANMNETACUNASCELIVIDETTAS|10000008
65000009|COLABOTMAQIMAQIRITEMAQIMUCOICORIBIRI|10000009
65000010|CUNAGUSSOSMA|10000010
65000011|LUGUDUCMAQIMAQIOC|10000011
65000012|UDDMENSACELINETTASLOGI|10000012
65000013|CUNOVATO|10000013
65000014|BQHAGADL|10000014
65000015|LUDUDECAMAQUSITTALIMUCOIM|10000015
65000016|MICANAVVIMAQLUGUNI|10000016
65000017|VEQIKAMIMAQILUGUNI|10000017
65000018|GRIMIGGNIMAQICERC|10000018
65000019|CULRIGAIMAQIMENUMAQI|10000019
65000020|BRANIMAQQIMUCCOIRAL|10000020
65000021|COLLOS|10000021
65000022|VEQREQMUCOIGLUNLEGGETTENRENMONOIGDUQDEGGEV|10000022
65000023|DALAGNIMAQIDALI|10000023
65000024|VRAICCIMAQIMEDVVI|10000024
65000025|BROINIENASKOINETATTRENALUGOS|10000025
65000026|VERGOSOMACILLOMINACCA|10000026
65000027|MADORAMAQIDEGO|10000027
65000028|MAQIBRICELIALACA|10000028
65000029|ANAVLAMATTIASMUCCOIOELURIAVIAKERAS|10000029
65000030|MAQIERCIASMAQIVALAMNI|10000030
65000031|VEDACUNAMAQITOBIRAMUCOISOGINI|10000031
65000032|MAQILASPOGBTTMACDE|10000032
65000033|DOVETIMAQILOCARENASCELIMAQICULIDOVI|10000033
65000034|VEQOANAIMAQIEQOD|10000034
65000035|QREGASMU|10000035
65000036|SECIDARI|10000036
65000037|LITUBIRIMAQIQECIA|10000037
65000038|LACAVAGNI|10000038
65000039|VAITEVIA|10000039
65000040|ASSICONA|10000040
65000041|MINNACCANNIMAQIAILLUATTAN|10000041
65000042|CTANQLOG|10000042
65000043|ANMVEDLLOIGGOIMACISEDDOINI|10000043
65000044|LADDIGNIMAQQIMUCCOIAN|10000044
65000045|LAIDANNMAQIMACORBO|10000045
65000047|LUGUVVECCAMAQI|10000047
65000048|MAQIMQIOGGODIKA|10000048
65000049|CELIAVIVU|10000049
65000050|TAQMAQO|10000050
65000051|DITAV|10000051
65000052|QRIMITIRRONANNMAQCOMOGANN|10000052
65000053|LUGUQRITMAQIQRITTI|10000053
65000054|MOINENAMAQIOLACON|10000054
65000055|DUBONIRRASMAQQITENACI|10000055
65000056|MQQIQETTIMAQQICUNITTI|10000056
65000057|RENI|10000057
65000058|GRAVICASMAQIMUCOIDOVVINIAS|10000058
65000059|BROINIOAS|10000059
65000060|LUBBAISMAQQIDUNS|10000060
65000061|CCUCAMINIMAQQICATTINI|10000061
65000062|CUNAMAQQICORBBIMAQQIMUCCOIDOVVINIAS|10000062
65000063|AKEVRITTI|10000063
65000064|MAQQIIARIKOIMAQQIMUCCOIDOVVINIAS|10000064
65000065|DOVETIMAQQiCATTINI|10000065
65000066|SUVALLOSMAQQIDUCOVAROS|10000066
65000067|MAQIDECCEDAMAQIGLASICONAS|10000067
65000068|DUNAIDONASMAQIMARIANI|10000068
65000069|TRIAMAQAMAILAGNICURCITTI|10000069
65000070|INISSIONAS|10000070
65000071|CUNAMAQQIAVICORBBI|10000071
65000072|NETTALAMINACCAKOIMAQQIMUCOIDOVINIAS|10000072
65000073|VOENACUNASM|10000073
65000074|DDROGNO|10000074
65000075|COIMAGNIMAQIVITALIN|10000075
65000076|MAQIDROGNOMUCOI|10000076
65000077|IRCCITOS|10000077
65000078|MAQILIAGMAQIERCA|10000078
65000079|MUCOIMUCCI|10000079
65000080|QENILOCIMAQIMAQIAINIAMUC|10000080
65000081|DUGENNGGIMAQIRODDOS|10000081
65000082|TOGITTACCMAQISAGARETTOS|10000082
65000083|MAQQIMUCCOI|10000083
65000085|MAQQIERCCIASMAQQIMUCOIDOVINIA|10000085
65000086|CONUNETTMOQICONURI|10000086
65000087|CCILARIAVICOIVAG|10000087
65000088|ERCMAQIMAQIERCIASMUDOVINIA|10000088
65000089|ETORIGAS|10000089
65000090|SBNGLTDM|10000090
65000091|BRUSCCOSMAQQICALIACIASMAQQIMUCOI|10000091
65000092|TALAGNIMAQ|10000092
65000093|GANICCA|10000093
65000095|MAQQIDECEDDAMAQQICATUVIQQA|10000095
65000096|COBBAAVIVLATIAMIMAQ|10000096
65000097|EQODDISCIFINTEN|10000097
65000098|ANMMAILEINBIRMACIBROCANN|10000098
65000099|MARIANI|10000099
65000100|SAnTILLOTETIAVISRUSA|10000100
65000101|OVANOSAVIIVACATTOS|10000101
65000102|GOSSUCTTIAS|10000102
65000103|GAMICUNAS|10000103
65000104|QENILOCGNIMAQID|10000104
65000105|ANMCOLMANAILITHIR|10000105
65000106|SIDANIMAQIDALO|10000106
65000107|LLONNOCCMAQQ|10000107
65000108|CURCIMAQIMUCOIV|10000108
65000109|ERCAVICCASMAQICO|10000109
65000110|DEGOSMAQIMOCOITOICAKI|10000110
65000111|MAQIRITEASMAQIMAQIDDUMILEASMUCOITOICACI|10000111
65000112|CUNACENA|10000112
65000113|QENUVEN|10000113
65000114|MAQIDDECCEDAMAQIMARIN|10000114
65000115|MAQITTALMAQIVORGOSMAQIMUCOITOICAC|10000115
65000116|MCGEMQDE|10000116
65000117|NIOTTVRECCMAQIGNI|10000117
65000118|MAQIDECEDAMAQ|10000118
65000119|ANMMAGANNMAQINUADAT|10000119
65000120|SMBNAGMAQQIERCIA|10000120
65000121|ANMVIRRANNITIGIRNCEDATTOQAMAQIVEDELMETT|10000121
65000122|ECCMAQILUGUQRRIT|10000122
65000123|UMALL|10000123
65000124|GGOMAQIAGILL|10000124
65000125|MAQQICOLLABOTA|10000125
65000126|DUBEB|10000126
65000127|RITTUVVECCMAQIVEDDONOS|10000127
65000129|URG|10000129
65000130|ANNVENITEGG|10000130
65000131|ALATTOCELIBATTIGNI|10000131
65000132|GOSOCTEASMOSACMAKINI|10000132
65000133|NOCATIMAQIMAQIRECMAQIMUCOIUDDAMI|10000133
65000134|LAGOBBMUCOTUCACAC|10000134
65000136|ANMCRUNANMAQLUQIN|10000136
65000137|EGNIKOIMAQIMUCOIALINI|10000137
65000138|ANMLLATIGNIMAQMINERCMUCOIQCI|10000138
65000139|CATVVIRRMAQILUGUVVEC|10000139
65000140|NEGGNI|10000140
65000141|ANMVINNAGITLET|10000141
65000142|MOnUNILOCIDMAQIALOTTO|10000142
65000143|NOARRAMAQIVORUDRAN|10000143
65000144|ORIBRASSIA|10000144
65000145|OTTINNMAQIVECREC|10000145
65000146|MAQIBROCI|10000146
65000147|ANMCALUMANNMAQ|10000147
65000148|AVSSMAQVS|10000148
65000149|DACAVIDALAGNIMAQICEQQEGGNIMAQIMAQICARATTINN|10000149
65000150|LOGITTIMAQIERPENN|10000150
65000151|ERRLONNAMAQIRUTENI|10000151
65000152|TIDONNAMAQDOMNGINN|10000152
65000153|MAQIR|10000153
65000154|ANMMOLEGOMRIDMACIVECUMEN|10000154
65000155|OTANIMAQILOSAGNI|10000155
65000157|QNETN|10000157
65000158|ANMGATTEGLAN|10000158
65000159|UR|10000159
65000160|MOCURRUTIMAQIVLISACESUCMIR|10000160
65000161|BAIDAGNIMAQIADDILONANAGUNIMUCOBAIDANINIRMNIDAGNIESSICONIDDALAAMITBAIDAGNI|10000161
65000162|BRRUANANN|10000162
65000164|MAQIRITTEMAQICOLABOTMAQIMOCOQERAI|10000164
65000165|COILLABBOTASMAQICORBBIMAQIMOCOIQERAI|10000165
65000166|VnGOLAM|10000166
65000167|CORBAGNIMAQIBIVITI|10000167
65000168|VMAQI|10000168
65000169|LMCBDV|10000169
65000170|COVTET|10000170
65000171|QETIASMAQTRENILU|10000171
65000172|UNCC|10000172
65000173|LA|10000173
65000174|CATTUVVIRRMAQIRITUVVECASMUCOIALLATO|10000174
65000175|VELITASLUGUTTI|10000175
65000176|DUMELIMAQIGLASICONASNIOTTACOBRANORIGAS|10000176
65000177|GALEOTOS|10000177
65000178|MAQIRECTA|10000178
65000179|ANMVURUDDRANNMAQIDOLIGENNCILAMAQQIBAGNI|10000179
65000180|ANMTEGANNMAACDEGLANN|10000180
65000181|BASInB|10000181
65000182|DAQUMAMAQIRAGAVVECC|10000182
65000183|MAILAGNIMAQIGAMATI|10000183
65000184|IVAGENIMAQILAISCEMITA|10000184
65000185|NETTAVRECCKOIMAQIMUCCOITRENALUGGO|10000185
65000187|NETACUNASMAQILOBACCONA|10000187
65000188|ERCAGNIMAQIERCIAS|10000188
65000189|LUGUDECCASMAQIMUCOINETASEGAMONASDOLATIBIGAISGOB|10000189
65000190|NACIMAQI|10000190
65000191|AMADU|10000191
65000192|COLLABOTMUCOILUGAMAQILOBACCONA|10000192
65000193|MEDUSIMACILUMUCOILUGA|10000193
65000194|CATTUVIR|10000194
65000195|MAQIMUCOIIVODACCA|10000195
65000196|CNAEMSECHCELLACHMINODORMUADMAELMAIREMAELUADAIGMALMAIRE|10000196
65000197|QRITMAQILOBACONAAVINEAGRACOLINEA|10000197
65000198|NETAVROQIMAQIQIC|10000198
65000199|MANUMAGUNOGATIMOCOIMACORBO|10000199
65000200|CALUNOVICAMAQIMUCOILITENI|10000200
65000201|MAQIINIMAQIQETTEAS|10000201
65000202|CUNALEGEAMAQICSALARCELIAVIQVECI|10000202
65000203|BIGUMAQILAG|10000203
65000204|BIRMAQIMUCOIROTTAIS|10000204
65000205|MAQINETACUNAS|10000205
65000206|DENAVECAMUCOIMEDALO|10000206
65000207|TASEGAGNIMAQIMUCOIMACORBO|10000207
65000208|BROINIONAS|10000208
65000209|DEAGOSMAQIMUCOINAI|10000209
65000210|AVIDAIMAGNI|10000210
65000211|GOSOCTASMUCOIMACORBO|10000211
65000212|MELAGIA|10000212
65000213|BIVODONMUCOIATAR|10000213
65000214|CUNAMAQILUGUDECAMUCOICUNEA|10000214
65000215|NISIGNIMAQIERI|10000215
65000216|DEBRANIMAQIELTIAVIOGATOS|10000216
65000217|VAGNIMUCOICUNIA|10000217
65000218|BRANITTASMAQIDUCRIDDA|10000218
65000219|MAQIE|10000219
65000221|ERATIMUCOINETASEGAMONAS|10000221
65000222|RGBRCEN|10000222
65000223|CORB|10000223
65000224|QECCIASMUCOIBROENIONAS|10000224
65000225|CIRMAQIMUC|10000225
65000226|VORTIGURN|10000226
65000227|VEDABARMAQLSMMOCOIORDREA|10000227
65000228|MAQIMOnEDIASMAQIMUIBITI|10000228
65000229|CUNALEGIAVIQUNACANOS|10000229
65000230|NAVALLOAVVIGENITTAC|10000230
65000231|CUNNETASMAQIGOCOINETASEGAMONAS|10000231
65000232|DOMOKI|10000232
65000233|CUMNIMAQIMUCOIVALUVI|10000233
65000234|CATABARMOCOVIRICORB|10000234
65000235|VOCAGNIMAQICURIT|10000235
65000237|LUGUDIMAQILDQAMOCOIDONMA|10000237
65000238|MODDAGNIMAQIGATTAGNIMUCOILUGUNI|10000238
65000240|TORAESCEUSASMAQIMUCOIMEUTINI|10000240
65000241|DRUGNOMAQIMUCOINAMI|10000241
65000242|CAGINADIMAQIVOBARACI|10000242
65000243|DINEGLOMAQIQETAIS|10000243
65000244|OSBBAR|10000244
65000245|OVOMANI|10000245
65000247|NETTACUNAS|10000247
65000248|BROCAGNIMAQIMU|10000248
65000249|DOTETTOMAQIMAGLANI|10000249
65000250|MAQIERACIASMAQIDIMAQAMUCOI|10000250
65000252|LOBBIKOIMAQQIMUCCOIRINI|10000252
65000253|VIR|10000253
65000254|SEVERRITMAQIMUCOIROTTAIS|10000254
65000255|DOVATUCIAVITULOTANAGIA|10000255
65000256|CORBIKOIMAQILABRID|10000256
65000257|BRANOGENI|10000257
65000258|LUGADDONMAQILUGUDECDDISIMOCQUSEL|10000258
65000259|MAQICAIRATINIAVIINEQAGLAS|10000259
65000260|COVAGNIMAQIMUCOILUGUNI|10000260
65000262|LONAMNIAVIBARI|10000262
65000263|IARNI|10000263
65000265|SEDANIMAQQICATTABBOTTAVVIDERCMASOC|10000265
65000266|NETACARINETACAGI|10000266
65000267|IAQINIKOIMAQIMUC|10000267
65000268|CCIMAQINI|10000268
65000269|ALATTOSMAQIBR|10000269
65000270|VOTI|10000270
65000271|MAQINILI|10000271
65000273|ATUCMLU|10000273
65000274|THURGRIMRISTIKRUSTHINABENDACHTARTOROQRIM|10000274
65000275|ANMSAINAMAQOGALAMUCOITEMOCA|10000275
65000276|SAGITTARI|10000276
65000277|TRENUMAQIMUCOIQRITTI|10000277
65000278|CATTUBUTTASMAQ|10000278
65000279|UIVAIBESRTAGNI|10000279
65000280|QASIGNiMAQI|10000280
65000281|MAILAGNI|10000281
65000282|OLAGNIMAQ|10000282
65000283|DOCRANORI|10000283
65000284|COLOMAGNIAVIDUCURIBRUSCOMAQIDOVALESCI|10000284
65000285|LODIMONI|10000285
65000286|LOGAMAQISDANBI|10000286
65000287|MAQIDECCEDDASAVITURANIAS|10000287
65000288|CARI|10000288
65000289|LUGUQRITLONAS|10000289
65000290|GIRAGNI|10000290
65000292|CUNAGUSOSMAQiMUCOIVIRAGNI|10000291
65000293|COIMAGNIMAQIMOCOIGA|10000292
65000294|UBEDABOALTASI|10000293
65000295|DOMNGEN|10000294
65000296|CONANNMAQIS|10000295
65000297|ANMCASONIMAQIRODAGNI|10000296
65000298|ANMTENASMACiV|10000297
65000301|ELUNAMUC|10000300
65000302|OVI|10000301
65000303|M|10000302
65000304|CASSITTASMAQIMUCOICALLITI|10000303
65000305|MAILAGUROMAQIVILEB|10000304
65000306|LAMADILICCIMACMAILBROCC|10000305
65000307|ERACOBIMAQIERAQETAI|10000306
65000308|GRILAGNIMAQISCILAGNI|10000307
65000309|CLIUCOANASMAQIMAQIRENI|10000308
65000310|DRUTIQULIMAQIMAQIRODAGNI|10000309
65000311|BRANANMAQIOQOLI|10000310
65000312|BOGAIMAQIBIRACO|10000311
65000313|MAQACTOMAQGARMAQIMUCOIZ|10000312
65000314|CRONUNMACBAIT|10000313
65000315|BLATEGSI|10000314
65000316|ACTIMAQIMAGO|10000315
65000317|ERCAIDANA|10000316
65000318|DOMMOMACIVEDUCERI|10000317
65000319|NAMMEDDOGENI|10000318
65000320|COVALOTI|10000319
65000321|LLMAQIVORRTIGURNDOIBI|10000320
65000322|CORBAGNIKOIMAQIMOCCOICOROTANI|10000321
65000323|SACATTINI|10000322
65000291|MAQCERANIAVIATHECETAIMIN|10000323
65000488|MAQACTOMAQGAR|20000001
65000486|QAAMQMARO|20000001
65000487|MAQACTOMAQGAR|20000001
65000489|DOTETTOMAQIMAGLANI|20000002
65000490|LADDIGNIMAQQIMUCCOIAN|20000003
65000491|LADDIGNIMAQQIMUCCOIANADO|20000003
65000493|LAIDANNMAQIMACORBI|20000004
65000492|LAIDANNMAQIMACORBO|20000004
65000494|LUGUVVECCAMAQI|20000005
65000495|LUGUVVEMOCCOMAQIMEQO|20000005
65000497|LOUGGODIKAMAQIMAQO|20000006
65000496|MAQIMAQIOGGODIKA|20000006
65000499|HQLIOVIVUD|20000007
65000498|CELIAVIVUD|20000007
65000500|GIRAGNI|20000008
65000501|CUNAGUSOSMAQIMUCOIVIRAGNI|20000009
65000502|CUNAGUSOSMAQIMUCOIVIRAGNI|20000009
65000503|CUNAGUSOSMAQIMUCOIVIRAGNI|20000009
65000507|COIMAGNIMAQIMOCIGA|20000010
65000505|COIMAGNIMAQIMOCOIG|20000010
65000506|COIMAGNIMAQIMOCOI|20000010
65000504|COIMAGNIMAQIMOCOIGA|20000010
65000509|LUGUDECCASMAQIMUCOINETASEGAMONASDOLATIBIGAISGOB|20000011
65000508|LUGUDECCASMAQIMUCOINETASEGAMONASDOLATIBIGAISGOB|20000011
65000511|ANACIMAQI|20000012
65000510|NACIMAQI|20000012
65000512|AMADU|20000013
65000513|TAQMAQO|20000014
65000514|RETAGINMAQIDOVU|20000015
65000515|VMAQI|20000016
65000516|LMCBLTCLLTQAN|20000017
65000517|CTANQLOG|20000018
65000519|VITAL|20000019
65000518|DITAV|20000019
65000521|QRIMITIRONANMAQCOMOGANN|20000020
65000522|QRIMITIRRONANNMAQCOMOGANN|20000020
65000520|QRIMITIRONANNMAQCOMOGANN|20000020
65000524|UBEDABOALTASI|20000021
65000523|ODUDBOLDSE|20000021
65000525|COVTET|20000022
65000527|ARTAGNIAVIDITIBEAS|20000023
65000526|UIVAIBESRTAGNI|20000023
65000528|MAILAGNI|20000024
65000531|DIOBI|20000025
65000530|LLMAQIVORRTIGURN|20000025
65000529|AILELLAMAQIVORRTIGURN|20000025
65000534|CORBAGNIKOIMAQIMOCOITORIANI|20000026
65000533|CORBAGNIKCOICOROTANI|20000026
65000532|CORBAGNIKOIMAQIMOCCOICOROTANI|20000026
65000535|SACATTINI|20000027
65000536|SACATTINI|20000027
65000538|ABULCCAGNI|20000028
65000539|ULCCAGNI|20000028
65000537|ULCCAGNI|20000028
65000543|MAQIESEAMAQIDOMANEQI|20000029
65000540|MAQIESIMAQIDOMANEQI|20000029
65000542|BAUMAD|20000029
65000541|MAQIMAD|20000029
65000547|LUGUNI|20000030
65000545|DILOGONN|20000030
65000544|TECNAI|20000030
65000546|IDLOGONN|20000030
65000549|MAILAGUROMAQIVILEB|20000031
65000548|MAILAGUROMAILIL|20000031
65000550|BLOTEGSI|20000032
65000551|BLATEGSI|20000032
65000553|ACTOMAQIMAGO|20000033
65000552|ACTOMAQIDMAGO|20000033
65000554|ERCAIDANA|20000034
65000557|DOMMOMACUVEDUCERI|20000035
65000555|DOMMOMACIVEDUCERI|20000035
65000556|DOMMMACIERI|20000035
65000559|ANMMEDDOGENI|20000036
65000558|ANMMEDDOGENI|20000036
65000560|COSALUTI|20000037
65000561|COVALOTI|20000037
65000564|LAMADULICCIMACMAICBROCC|20000038
65000562|MDULICCIMACIEBR|20000038
65000563|LAMADILICCIMACMAICBROCC|20000038
65000565|ERACOBIMAQIERAQETAI|20000039
65000567|GRILAGNIMAQISCILAGNI|20000040
65000566|GILAGNIMAQISCILAGNI|20000040
65000568|CLIUCOANASMAQIMAQITRENI|20000041
65000569|DRUTIQULIMAQIMAQIRODAGNI|20000042
65000570|DRUTIQOLIMAQIMAQIQORINI|20000042
65000572|BRANANMAQIOQOLI|20000043
65000573|BRANANMAQIOQOLI|20000043
65000571|BRANANMAQIOQOLI|20000043
65000577|BOGAIMAQIBIRACO|20000044
65000576|BOGAIMAQIBIRAC|20000044
65000574|BOGAIMAQIBIRACO|20000044
65000575|MOGAIMAQIBIRACO|20000044
65000578|CRONUNMACBAIT|20000045
65000579|MAQICORABIRMAQITANBNETASALAGIAMAQIMUCOI|20000046
65000580|CORBIKOIMAQILABRID|20000047
65000581|GLANNANIMAQIBBRANNAD|20000048
65000582|GLANNANIMAQIBBRANNAD|20000048
65000584|MOINENAMAQIOLACON|20000049
65000585|MOINENAMAQIOLACON|20000049
65000583|MOINENAMAQIOLACON|20000049
65000588|CARRICAIMAQQITENACI|20000051
65000587|DUBONIRRASMAQQITENACI|20000051
65000589|MAQQIQETTIAMAQQICUNITTI|20000052
65000591|MAQQICUNITTIMAQQIQETTIA|20000052
65000590|MAQQIQUETTIMAQQICUNITTI|20000052
65000594|NAVICASMAQIMUCOIS|20000053
65000592|GRAVICASMAQIMUCOIDOVVINAS|20000053
65000595|GRAVICASMAQIMUCOIS|20000053
65000593|GRAVICASMAQIMUCO|20000053
65000596|BROINIONAS|20000054
65000598|LUBBIAS|20000055
65000599|GEBBAISMAQQITANAIS|20000055
65000597|LUBBAISMAQQIDUNS|20000055
65000601|CCICAMINIMAQQICATTINI|20000056
65000600|CCICAMINIMAQQICATTINI|20000056
65000603|CUNAMAQQICORBBIMAQQ|20000057
65000602|CUNAMAQQICORBBIMAQQS|20000057
65000606|CARRTTACCGAQIMOCCAGGI|20000059
65000605|CARRTTACCGAQIMUCAGGI|20000059
65000607|CARRTTACCMMAQIMUCAGGI|20000059
65000608|CARRTTACCMMAQIMUCAGG|20000059
65000609|BRONOGENI|20000060
65000610|CUMNIMAQIMUCOIVALUCI|20000061
65000611|CUMNIMAQIMUCOIVALUVI|20000061
65000612|QETIASMAQTRENILU|20000062
65000613|DQMAMAQIRAGAVVECC|20000063
65000614|DAQUAMAQIRAGAVVECC|20000063
65000615|VOTI|20000064
65000616|MAQIDROGNOMUCOI|20000065
65000617|MADIDROGNOMU|20000065
65000618|IRCCITOS|20000066
65000619|DTMACRG|20000067
65000620|MAILAGNIMAQIGAMATI|20000068
65000621|CCIMAQ|20000069
65000622|INI|20000069
65000623|CMAQ|20000069
65000624|UNCC|20000070
65000625|OLAGNIMAQ|20000071
65000626|COIMAGNIMAQIVITALIN|20000072
65000629|DUGEUNNGGMAQIRODDOS|20000073
65000627|DUGENNGGIMAQIREDDOS|20000073
65000628|DUGENNGGIMAQIRODDOS|20000073
65000630|DUGEUNNGGMAQIRODDOS|20000073
65000631|LUGUQRITMAQIQRITTI|20000074
65000632|LUGOQRITMAQIQRITTI|20000074
65000633|AKEVRITTI|20000075
65000634|MAQQIIARIKIMAQQIMUCCOIDOVVINIAS|20000076
65000635|MAQQIIARIKOIMAQQIMUCCOIDOVVINIAS|20000076
65000636|DOVETIMAQQICATTINI|20000077
65000637|SUVALLOSMAQQIDUCOVAROS|20000078
65000638|SUVALLOSMAQDUCOVAROS|20000078
65000639|MAQIDECCEDAMAQIGLASICONAS|20000079
65000642|CURCITTI|20000080
65000640|TRIAMAQAMAILAGNI|20000080
65000641|TRIAMAQAMAILAGNICURCITTI|20000080
65000643|INISSIONAS|20000081
65000645|CULIMAQQIAVICORBI|20000082
65000644|CUNAMAQQIAVICORBBI|20000082
65000648|NETTALAMINCAKOIMAQQIMUCOIDOV|20000083
65000647|NTLAMINACCAKOIMAQQIMUCOIDOV|20000083
65000649|NETTALAMINACCAKOIMAQQIMUCOIDO|20000083
65000646|NETTALAMINACCAKOIMAQQIMUCOIDOVINIAS|20000083
65000650|VOENACUNASM|20000084
65000651|VOEVACUNA|20000084
65000653|ROGNO|20000085
65000652|DGWOGNO|20000085
65000654|QRITOMAQILOBACONAAVINEAGRACOLINEA|20000086
65000655|NETAVROQIMAQIQIC|20000087
65000656|QENILOCIMAQIMAQIAINIAMUC|20000088
65000657|CATABARMOCOVIRICORB|20000089
65000659|MAQULIAGMAQIERCA|20000091
65000661|MAQQIMUCCOI|20000092
65000664|LEIGGOOSADIULENGESQAMAQCORRBRIMAQAMMLLORATTA|20000093
65000662|LEGGSDLEGwESCAD|20000093
65000666|MAQCORRBRIMAQAMMLLOGT|20000093
65000665|MAQCORRBRIMAQAMMLLOGwITT|20000093
65000663|LOGOSDAULEGOVC|20000093
65000667|MAQQIERCCIASMAQQIMUCOIDOVINIA|20000094
65000668|MAQLUG|20000095
65000670|N|20000097
65000669|Q|20000097
65000671|SAGITTARI|20000098
65000672|TOGITACCMAQISAGARETTOS|20000099
65000673|TOGITTACCMAQISAGARE|20000099
65000674|CONUNETTMOQICONURI|20000100
65000675|CONUNETTMAQICONERI|20000100
65000677|ANI|20000101
65000676|CCILARIAVICOIVAG|20000101
65000678|DOMNGEN|20000102
65000679|CONANNMS|20000103
65000680|SCAMAGNI|20000104
65000681|ANMCALUMANNMAQ|20000105
65000682|ANMCALUMANNMAC|20000105
65000685|MUCMAC|20000107
65000684|TASEGAGNIMAQIMUCOIMACORBO|20000107
65000687|BECCDINNMACIRITVVSS|20000108
65000688|BECCDINNMACIRITVVECASS|20000108
65000686|BECCDINNMACIRITTECC|20000108
65000690|EQQEGGNIMAQIMAQICARATTINN|20000109
65000689|DACAVIDALAGNI|20000109
65000692|BOCHT|20000111
65000693|NADAV|20000112
65000694|RENI|20000113
65000695||20000114
65000696|QENOVEAAQITAMAGT|20000115
65000697|CATTUVVIRRMAQIRITUVVECASMUCOIALLATO|20000116
65000698|MAQIBROCI|20000117
65000699|OVANOSAVIIVACATTOS|20000118
65000700|MAQIDDECCEDAMAQIMARIN|20000119
65000701|MAQQICOLLABOTA|20000120
65000702|ADDES|20000120
65000703|EGNIKOIMAQIMUCOIALINI|20000121
65000704|AVSMAQVS|20000122
65000705|UR|20000123
65000706|LA|20000124
65000708|ANMCORREAMAQVVEDDELMEATT|20000125
65000707|ANMCORREMAQVIUDDMETT|20000125
65000709|ANMNETACUNASCELIVIDETTAS|20000126
65000710|LOGITTIMAQIERPENN|20000127
65000711|ERLONNAMAQIRUTENI|20000128
65000712|ERRLONNMMAQIRUTENI|20000128
65000713|VEQOANAIMAQIEQOD|20000129
65000714|DEGOSMAQIMOCOITOICAKI|20000130
65000715|MAQIRITEASMAQIMAQIDDUMILEASMUCOITOICACI|20000131
65000716|CUNACENA|20000132
65000717|MAQITTALMAQIVORGOSMAQIMUCOITOICAC|20000133
65000718|MCGEMQDE|20000134
65000721|NIOTTVRECCMAQIGN|20000135
65000720|NIOTTVREICCMAQIGNI|20000135
65000719|NIOTTVRECCMAQIGNI|20000135
65000722|MAQIDECEDAMAQ|20000136
65000727|AECETAIMIN|20000139
65000723|MAQCERANIAVIATHECETAIMIN|20000139
65000728|AVIAOECETAIMIN|20000139
65000724|NQAECETAIMIN|20000139
65000726|AVIATHECETAIMIN|20000139
65000725|MACERANIAVIAOECETAIMIN|20000139
65000729|IARNI|20000140
65000730|VELITASLUGUTTI|20000142
65000731|TORAESCEUSASMAQIMUCOIMEUTINI|20000143
65000732|CAGINADIMAQIVOBARACI|20000144
65000733|VOCAGNIMAQICURIT|20000145
65000735|DOVETIMAQILOCARENASCELIMAQICULIDOVI|20000147
65000736|SECIDARI|20000148
65000737|AFMOLA|20000149
65000740|CONNIMAQIMUCOILUGUNI|20000150
65000741|COVAGNIMAQIMUCOILUGUNI|20000150
65000739|COVAGNIMAQIMUCOILUGUNI|20000150
65000738|COVAGNIMAQIMUCOILUGUNI|20000150
65000742|NETACARINETACAGI|20000151
65000743|NETACARINETACAMI|20000151
65000744|NETACARINETACAGINI|20000151
65000747|ANMMAGANNMAQINDAD|20000153
65000746|ANMMAGANNMAQINUADAT|20000153
65000749|OTMAQIMAQIRITECOICORIBIRI|20000154
65000750|OTMAQIMAQIRITECOICORIBII|20000154
65000748|COLABOTMAQIMAQIRITEMAQIMUCOICORIBIRI|20000154
65000751|ANMCRUNANMAQLUQIN|20000155
65000753|ANMLLATIGQMRC|20000156
65000752|ANMLLATIGNIMAQMINERCMUCOIQCI|20000156
65000754|SMBNAGMAQQIERCIA|20000157
65000755|ETORIGAS|20000158
65000757|TIDONNAMAQDOMNGNN|20000159
65000756|TIDONNAMAQDOMNGINN|20000159
65000758|IAQINIKOIMAQIMUC|20000160
65000760|IAQINIKOIMAQIMOBUCOI|20000160
65000759|IAQINIKOI|20000160
65000761|DOCRANORI|20000161
65000762|NETTAVRECCKOIMAQIMUCCOITRENALUGGO|20000162
65000763|NETTAVROICCKOIMAQIMUCCOITRENALUGGO|20000162
65000764|MOESAC|20000163
65000765|MOESAC|20000163
65000766|MOUNIN|20000164
65000767|ADARUNMACICOLALI|20000165
65000769|MRBGSGS|20000166
65000768|OVIMAQI|20000166
65000770|DINEGLOMAQIQETAIS|20000167
65000772|CATVVIRRMAQILUGUVVEC|20000168
65000773|CATVVIRRMAQILUGUVVE|20000168
65000771|CATVVIRRMAQILUGUVVEC|20000168
65000774|COLLABOTMUCOILUGAMAQILOBACCONA|20000169
65000775|MEDUSIMACILUMUCOILUGA|20000170
65000776|CATTUVIR|20000171
65000777|MOGWUNILOCIDMAQIALOTTO|20000172
65000778|MANUMAGUNOGATIMOCOIMACORBO|20000173
65000780|SOVALINI|20000174
65000779|DEAGOSMAQIMUCOINAI|20000174
65000781|CALUNOVICAMAQIMUCOILITENI|20000175
65000782|MAQIINIMAQIQETTEAS|20000176
65000783|CUNALEGEAMAQICSALARCELIAVIQVECI|20000177
65000784|BIGUMAQILAG|20000178
65000785|BIRMAQIMUCOIROTTAIS|20000179
65000786|MAQINETACUNAS|20000180
65000787|DENAVECAMUCOIMEDALO|20000181
65000788|BROINIONAS|20000182
65000789|CUNAATO|20000183
65000790|CUNOVATO|20000183
65000791|BROCAGNIMAQIMU|20000184
65000792|BRANITTASMAQIDUCRIDDA|20000185
65000793|BRANITTASMAQIDUCRIDDA|20000185
65000795|NAVVALLOAVVIGENITTAC|20000186
65000794|NAVALLOAVVIGENITTAC|20000186
65000796|OVOMANI|20000187
65000797|BRUSCOSMAQQICALIACI|20000188
65000798|BRUSCCOSMAQQICALIACIASMAQQIMUCOI|20000188
65000801|DRUG|20000191
65000800|DRUGNOMAQIMUCOINAMI|20000191
65000802|MAQIDECCEDDASAVITURANIAS|20000192
65000803|ANMVEDLLOIGOIMACISEDDOINI|20000193
65000804|AVIDAIMAGNI|20000194
65000805|GOSOCTASMUCOIMACORBO|20000195
65000806|MELAGIA|20000196
65000807|CASSITTASMAQIMUCOICALLITI|20000197
65000808|CASSIOTTASMAQIMUCOICALLITI|20000197
65000809|BRANADDOVMAMAQIQOLIMUCOIDOVI|20000198
65000810|BRANADDOVMAMAQIQOLIMUCOIDOVIV|20000198
65000811|LITUBIRIMAQIEIA|20000199
65000812|LACAVAGNI|20000200
65000813|VAITEVIA|20000201
65000816|BRUSCMQIDOVALESCI|20000202
65000817|BRSCDOVALESC|20000202
65000815|COLOMAGNVD|20000202
65000814|COLOMAGNAVDUCAR|20000202
65000820|LADIMANI|20000203
65000818|LODIMONI|20000203
65000819|LADENI|20000203
65000822|LBMCBDV|20000204
65000821|LMCBDV|20000204
65000824|CUNAGUSSOSUMAQ|20000206
65000825|CUNAGUSSOSMA|20000206
65000828|GANICCA|20000207
65000826|GANICCA|20000207
65000827|GANICCA|20000207
65000830|MAQQIDECEDDAMAQQICATUVUQ|20000209
65000831|MAQQIDECEDDAMAQQICATUV|20000209
65000832|CARI|20000210
65000836|IERACIASDMAQAMUCO|20000211
65000835|MAQIERACIASMAQIDIMAQAMUCO|20000211
65000837|MAQIERCACIASMAQIDIMAQAMUCOI|20000211
65000834|MAQIERACIASMAQIDIMAQAMUCOI|20000211
65000838|DIMAQIMUCOIIVODACCA|20000212
65000840|TRENOMAQIMUCOIQRITTI|20000213
65000839|TRENUMAQIMUCOIQRITTI|20000213
65000841|CATTUBUTTASMAQ|20000214
65000843|LONAMNIAVIBARI|20000215
65000842|LONMIVBARI|20000215
65000845|NOARRAMAQIVORUDRAN|20000217
65000846|DUMELIMAQIGLASICONASNIOTTACOBRANOR|20000218
65000847|DUMELIMAQIGLASICONASNIOTTACOBRANOR|20000218
65000850|SEDANTABBOTTAVVIDERCMASOC|20000219
65000848|SEDANIMAQQICATTABBOTTAVVIDERCMASOC|20000219
65000849|SEDANDABBOTTAVVIDERCMASOC|20000219
65000852|ORIBRASSIA|20000221
65000853|BBAVIVLATIAMIMAQ|20000223
65000855|CUNALEGIAVQUNACANOS|20000224
65000854|CUNALEGIAVIQUNACANOS|20000224
65000856|ORAITARANMAINSCADLAN|20000225
65000857|ANMCASONIMAQIRODAGNI|20000226
65000859|EQODD|20000227
65000858|EQODDI|20000227
65000861|LUGADDONMAQILUGUDEC|20000229
65000860|LUGADDONMAQILUGUDEC|20000229
65000862|DDISIMOCQUSEL|20000229
65000863|LUGUDUCMAQIMAQIOCCI|20000230
65000864|MARIANI|20000231
65000866|ACURCITIVEVODDIUNGWAC|20000232
65000865|SAGWTILLOTETIAVISRUSA|20000232
65000867|BIVODONMUCOIATAR|20000233
65000868|BIVODONMUCOIATAR|20000233
65000869|BAGNIMAQIADDILONA|20000234
65000874|AMITBAIDAGNINIRMNIDAGNIESSICONIDDALA|20000234
65000871|NAGNMUCOBAIDANI|20000234
65000872|NAGUNIMUCQOBAIDAN|20000234
65000870|BAGNMAQIADDILONA|20000234
65000873|NIRMNIDAGNIESSICONIDDALAAMITBAIDAGNI|20000234
65000875|LUGUQRITLONAS|20000235
65000876|CEDATTOQAMAQITELEDMEVVI|20000236
65000877|CEDATTOQAMAQITELEDMEVVI|20000236
65000878|GGOMAQIAGILL|20000239
65000879|DUBEBQN|20000240
65000881|RTTTAVVECCMAQIVEDDONOS|20000241
65000880|RITTUVVECCMAQIVEDDONOS|20000241
65000882|LM|20000242
65000883|URG|20000243
65000884|ANNVENITEGG|20000245
65000885|LUGUQQRITTAS|20000246
65000886|DUGONNGGUQS|20000246
65000887|HATA|20000247
65000888|ANMMOLEGOMRIDMACIVECUMEN|20000248
65000889|CUNAMAQILUGUDECAMUCOICUNEA|20000249
65000890|NISIGNIMAQIERI|20000250
65000891|NISIGNIMAQERI|20000250
65000892|DEBRANIMAQIELTIAVIOGATOS|20000251
65000893|VAGNIMUCOICUNIA|20000252
65000894|MAQIE|20000253
65000895|UMAQICUMOGODUUMUCO|20000254
65000896|MAQIROA|20000255
65000897|DOVATTACAVIILEH|20000256
65000898|BENDACHTTOROQR|20000257
65000899|BEANDACHTTOROQR|20000257
65000900|NN|20000258
65000902|GALEOTOS|20000259
65000901|U|20000259
65000903|MAQIRECTA|20000260
65000907|OTANIMAQILOSAGN|20000263
65000906|OTANIMAQILOSAGNI|20000263
65000909|ASSICONA|20000265
65000910|UDDMENSACELINETTASLOGI|20000266
65000911|ERTMCNETASONAS|20000268
65000912|RGBARCEN|20000269
65000913|CORB|20000270
65000914|QCCMCRE|20000271
65000915|CIRMAQIMUC|20000272
65000916|VORTIGURN|20000273
65000917|VEDABARMQLSMMOCOIODRREA|20000274
65000918|EMOGwEDIASMAQIMUIBITI|20000275
65000919|MAQINILI|20000276
65000920|LUGUDIMAQILDQAMOCOIDONMA|20000277
65000921|SENAQMAQCQCNA|20000278
65000922|BQHAGADL|20000279
65000924|IMAQIC|20000280
65000926|CANAVVIMAQLN|20000281
65000925|MICANAVVIMAQLUGUN|20000281
65000927|VEQIXAMBIMAQILUGUNI|20000282
65000929|GRIGNCERC|20000283
65000928|GRIMIGGNICERC|20000283
65000930|CULRIGAIMAQIMENUMAQ|20000284
65000931|BRANIMAQQIMUCCRL|20000285
65000933|COLLI|20000286
65000932|COLLOS|20000286
65000934|QUTQ|20000287
65000935|NUVN|20000287
65000936|SEVERRITTTAIS|20000288
65000937|DOVATUCIAVITULOTANAGIA|20000289
65000938|LOBBXMAQQIMUCRN|20000290
65000940|QNETNA|20000291
65000939|QNETNO|20000291
65000941|ANMGATTXGLAN|20000292
65000942|ANMGLAN|20000292
65000943|COLMANMACICOMGANN|20000293
65000944|CROCCANMAQIDOMONIGART|20000294
65000945|OTTINNMAQIVECR|20000295
65000947|GOSSUCTTIAS|20000296
65000948|GOSSUCTTIAS|20000296
65000946|GOSSUCTTIAS|20000296
65000949|GAMICUNAS|20000297
65000950|GAMICUNAS|20000297
65000951|GAMICUNAS|20000297
65000952|ONEGGNI|20000298
65000953|AMNCOLOLThMANALITIR|20000299
65000954|MADORAMAQIDEGO|20000300
65000955|MAQIBRICELIALACA|20000301
65000956|IVAGENIMAQILAISCEMITA|20000302
65000958|TENRENMONOIGDUQDEGGEV|20000303
65000957|MM|20000303
65000959|DALAGNIMAQIDALI|20000304
65000960|BROINIENASKOINETATTRENALUGOS|20000305
65000961|VERGOSOMACILLOMINACCA|20000306
65000962|QENILOCGNIMAQID|20000307
65000963|MINNACCANNIMAQIAILLUATTAN|20000308
65000964||20000309
65000965|MAQI|20000310
65000966|MAQI|20000311
65000967|MAQI|20000312
65000968|CUNNETASMAQIGUCNETASEGAMONAS|20000313
65000969|MAQICAIRATINIAVIINEQAGLAS|20000314
65000970|MAQIMUCOI|20000314
65000971|BRRUANANN|20000315
65000972|GGUUSS|20000315
65000973|GGVVSS|20000316
65000974|SBNGLTDM|20000317
65000975|NETACUNASMAQILOBAC|20000318
65000976|ANMVINNAGITLET|20000319
65000977|LOGAMAQISDANBI|20000320
65000978|OSBBAR|20000321
65000979|NMSILLANNMAQFATTILLOGG|20000322
65000980|CLHQOC|20000323
65000981|QREGASMU|20000325
65000982|MAQIRITTEMAQICOLABOTMQMCQR|20000326
65000983|COILLABBOTASMAQICORBBIMAQIMOCOIQERAI|20000327
65000984|VGwGOLAM|20000328
65000985|CORBAGNIMAQIBIVITI|20000329
65000986|CORBAGNMAQIMUCOIC|20000330
65000988|ANAVLAMATTIASMUCOIOELURIAVIAKERAS|20000333
65000989|MAQIERCIASMAQIVALAMNI|20000334
65000990|VEDACUNAQITOBIRAMUCOISOGINI|20000335
65000992|LENAMU|20000336
65000991|ELUNAMUC|20000336
65000993|M|20000337
65000994|SIDANIMAQIDALO|20000338
65000995|SDNMQDALA|20000338
65000997|LLONNOCCMAQQ|20000339
65000996|LLONNOCCMAQQ|20000339
65000998|SONNOCCMAQQ|20000339
65001000|COMMAGGAGNIMUISAMMGNN|20000340
65000999|COMMAGGAAGNIMISAMMNN|20000340
65001001|COMMAGGAGNIMUISAMMGNN|20000340
65001003|OLSSIGVUG|20000341
65001002|LISSEIGVOG|20000341
65001005|CURCIMAQIMUCOIVO|20000343
65001007|ERCAVICCASMAQICO|20000344
65001006|ERCAVICCASMAQICO|20000344
65001008|ALATTOSMAQIBR|20000345
65001010|ERCAGNIMAQCI|20000346
65001009|ERCAGNIMAQIERCIAS|20000346
65001011|MAQICUNALIGMAQICOILLIMUCOICOSCISN|20000347
65001012|AMNTENASMACIV|20000349
65001013|MOCURRUTIMAQIVLISACESCMIR|20000350
65001014|MOCURRIVLISACESUCMIR|20000350
65001015|VEDDELLEMETTOMUCILOGIDDEASAVVIMUNICCONA|20000351
65001016|CILAMAQIBAGNI|20000352
65001017|AMNVURUDDRANNMAQIDOLIGENN|20000352
65001018|AMNTXGANNMACDEGLANN|20000353
65001019|MAQILASPOGBTTMACDE|20000354
65001021|MUCOIMUCCI|20000355
65001020|MUCOIMUCCI|20000355
65001022|NETTACU|20000356
65001023|DOMOKI|20000357
65001024|BAEDAN|20000358
65001025|BASIGWB|20000359
65001026|CASENIMAQV|20000361
65001027|ALATTOCELIBATTIGNI|20000362
65001028|ALATTOCELIBATTIGQI|20000362
65001030|GOSOCTEASMOSACMAKEANI|20000363
65001029|GOSOCTEASMOSACMAKINI|20000363
65001031|NOCATIMAQIMAQIRECMAQIMUCOIUDDAMI|20000364
65001032|LAGOBBMUCOTUCACAC|20000365
65001033|MUCOTUCACAC|20000365
65001034|QAMROMACULLO|20000366
65001035|QAMROMCULLO|20000366
65001036|MODDAGNIMAQIGATTAGNIMUCOILUGUNI|20000367
65000324|LGGSDLENGESCADMAQCORRBRIMAQAMMLLONGITT|30000001
65000325|ABULCCAGNI|30000002
65000326|MAQIESEAMAQIDOMANEQI|30000003
65000327|DILOGONN|30000004
65000328|COMMAGGAGNIMUCOIISAMMNN|30000005
65000329|OLISSEGVOG|30000006
65000330|CUNOVATO|30000007
65000331|VEQREQMOQOIGLUNLEGGET|30000008
65000332|DALAGNIMAQIDALI|30000009
65000333|VRAICCIMAQIMEDVVI|30000010
65000334|BROINIENASKOINETTATTRENALUGOS|30000011
65000335|MAQREGASMUCOI|30000012
65000336|CTANQLOG|30000013
65000337|MAQIMAQIOGGODIKA|30000014
65000338|CELIAVIVUD|30000015
65000339|QRIMITIRRONANNMAQCOMOGANN|30000016
65000340|LUGUQRITMAQIQRITTI|30000017
65000341|MOINENAMAQIOLACON|30000018
65000342|RENI|30000019
65000343|GRAVICASMAQIMUCOIDOVVINIAS|30000020
65000344|BROINIONAS|30000021
65000345|GLUBBIASMAQQIDNIAS|30000022
65000346|CCICAMINIMAQQICATTINI|30000023
65000347|CUNAMAQQICORBBIMAQQIMUCCOIDOVVINIAS|30000024
65000348|AKEVRITTI|30000025
65000349|MAQQIIARIKOIMAQQIMUCCOIDOVVINIAS|30000026
65000350|DOVETIMAQQICATTINI|30000027
65000351|SUVALLOSMAQQIDUCOVAROS|30000028
65000352|MAQIDECCEDAMAQIGLASICONAS|30000029
65000353|DUNAIDONASMAQIMARIANI|30000030
65000354|TRIAMAQAMAILAGNICURCITTI|30000031
65000355|INISSIONAS|30000032
65000356|CUNAMAQQIAVICORBBI|30000033
65000357|NETTALAMINACCAKOIMAQQIMUCOIDOVINIAS|30000034
65000358|COIMAGNIMAQIVITALIN|30000035
65000359|MUCOIMUCCI|30000036
65000360|QENILOCIMAQIMAQIAINIAMUCOI|30000037
65000361|DUGENNGIMAQIRODOS|30000038
65000362|TOGITTACCMAQISAGARETTOS|30000039
65000363|MAQIMUCCOI|30000040
65000364|MAQQIERCCIAMAQQIMUCOIDOVINIA|30000041
65000365|ERCMAQIMAQIERCIASMUDOVINIA|30000042
65000366|BRUSCCOSMAQQICALIACI|30000043
65000367|TALAGNIMAQI|30000044
65000368|COBBAAVIVLATIAMIMAQ|30000045
65000369|EQODDI|30000046
65000370|ANMMAILEINBIRMACIBROCANN|30000047
65000371|MARIANI|30000048
65000372|SANGTILLOTETIAVISRUSA|30000049
65000373|OVANOSAVIIVACATTOS|30000050
65000374|GOSSUCTTIAS|30000051
65000375|GAMICUNAS|30000052
65000376|QENILOCAGNIMAQID|30000053
65000377|ANMCOLOLTHMANALITHIR|30000054
65000378|CURCIMAQIMUCOIVO|30000055
65000379|ERCAVICCASMAQICO|30000056
65000380|DEGOSMAQIMOCOITOICAKI|30000057
65000381|MAQIRITEASMAQIMAQIDDUMILEASMUCOITOICACI|30000058
65000382|CUNACENA|30000059
65000383|MAQIDDECCEDAMAQIMARIN|30000060
65000384|MAQITTALMAQIVORGOSMAQIMUCOITOICAC|30000061
65000385|MCGEMAQDE|30000062
65000386|NIOTTVRECCMAQIGNI|30000063
65000387|MAQIDECEDAMAQI|30000064
65000388|SBNAGMAQQIRCIA|30000065
65000389|ANMVIRRACCANNITIGIRNCTEDATTOQAMAQIVEDELMETTO|30000066
65000390|ECCMAQILUGUQRRIT|30000067
65000391|UMALL|30000068
65000392|AGGOMAQIAGILL|30000069
65000393|DUBEBQN|30000070
65000394|RITTAVVECCMAQIVEDDONOS|30000071
65000395|LM|30000072
65000396|URG|30000073
65000397|ALATTOCELIBATTIGNI|30000074
65000398|GOSOCTEASMOSACMAKINI|30000075
65000399|NOCATIMAQIMAQIRETMAQIMUCOIUDDAMI|30000076
65000400|LAGOBBMUCOTUCACAC|30000077
65000401|EGNIKOIMAQIMUCOIAI|30000078
65000402|ANMLLATIGNIMAQMINERCMUCOIQCI|30000079
65000403|ANMVINNAGITLET|30000080
65000404|AVSSMAQVS|30000081
65000405|EQQEGGNIMAQIMAQICARATTINN|30000082
65000406|BAIDAGNIMAQIADDILONANAGUNIMUCOBAIDANINIRMNIDAGNIESSICONIDDALAAMITBAIDAGNI|30000083
65000407|BRRUAENANN|30000084
65000408|VMAQI|30000085
65000409|LMCBLTCLLT|30000086
65000410|LA|30000087
65000411|DUMELIMAQIGLASICONASNIOTTACOBRANORA|30000088
65000412|GALEOTOS|30000089
65000413|CILAMAQQIBAGNIANMVURUDDRANNMAQIDOLIGENN|30000090
65000414|ANMTEGANNMACDEGLANN|30000091
65000415|NETTAVROICCMAQIMUCCOITRENALUGGO|30000092
65000416|LUGUDECCASMAQIMUCOINETASEGAMONASDOLATIBIGAISGOB|30000093
65000417|NACIMAQI|30000094
65000418|AMADU|30000095
65000419|COLLABOTMUCOILUGAMAQILOBACCONA|30000096
65000420|MEDUSIMACILUMUCOILUGA|30000097
65000421|CATTUVIR|30000098
65000422|MANUMAGUNOGATIMOCOIMACORBO|30000099
65000423|CALUNOVICAMAQIMUCOILITENI|30000100
65000424|MAQIINIMAQIQETTEAS|30000101
65000425|CUNALEGEAMAQICSALARCELIAVIQVECI|30000102
65000426|BIGUMAQILAG|30000103
65000427|BIRMAQIMUCOIROTTAIS|30000104
65000428|MAQINETAS|30000105
65000429|DENAVECAMUCOIMEDALO|30000106
65000430|TASEGAGNIMAQIMUCOIMACORBO|30000107
65000431|BROINIONAS|30000108
65000432|DEAGOSMAQIMUCOINAI|30000109
65000433|BIVODONMUCOIATAR|30000110
65000434|ERATIMUCOINETASEGAMONAS|30000111
65000435|RGBCARCEN|30000112
65000436|CORB|30000113
65000437|QECCIASMUCOIBROENIONAS|30000114
65000438|CIRMAQIMUC|30000115
65000439|VORTIGURN|30000116
65000440|VEDABARMAQILSMMOCOIODRREA|30000117
65000441|MAQIMONGEDIASMAQIMUIBITI|30000118
65000442|CUNANETASMAQIMMUCOINETASEGAMONAS|30000119
65000443|DRUGNOMAQIMUCOINAMI|30000120
65000444|MAQIERACIASMAQIDIMAQAMUCOI|30000121
65000445|LOBBIKOIMAQQIMUCCOIRINI|30000122
65000446|VIR|30000123
65000447|SEVERRITMAQIROTTAIS|30000124
65000448|DOVATUCQIAVITULOTANAGIA|30000125
65000449|CORBIKOIMAQILABRID|30000126
65000450|LUGADDONMAQILUGUDECDDISIMOCQUSEL|30000127
65000451|MAQICAIRATINIAVIINEQAGLAS|30000128
65000452|SEDANIMAQICATTABBOTTAVVIDERCMASOC|30000129
65000453|NETACARINETACAGI|30000130
65000454|IAQINIKOIMAQIMUCOI|30000131
65000455|CCIMAQINI|30000132
65000456|VOTI|30000133
65000457|MAQINILI|30000134
65000458|TRENUMAQIMUCOIQRITTI|30000135
65000459|CATTUBUTTASMAQI|30000136
65000460|MAQIDECCEDDASAVITURANIAS|30000137
65000461|GIRAGNI|30000138
65000462|CUNAGUSOSMAQIMUCOIVIRAGNI|30000139
65000463|COIMAGNIMAQIMOCOIG|30000140
65000464|TULENAMUCRAN|30000141
65000465|M|30000142
65000466|LLMAQIVORRTIGURN|30000143
65000467|CORBAGNIKOIMAQIMOCCOICOROTANI|30000144
65000468|SACATTINI|30000145
65000469|OCGIC|30000146
65000470|MAQICORABIRMAQITANBNETASALAGIAMAQIMUCOI|30000147
65000471|ANMMAQQILASIREMAQQIBIRRAC|30000148
65000472|BECCDINNMACIRITTECC|30000149
65000473|GELAGNIAVI|30000150
65000474|VEDDELLEMETTOMUCILOGIDDEASAVVIMUNICCONA|30000151
65000475|RETAGINMAQIDOVU|30000152
65000476|RAVASAKOIMAQQIDTLSENN|30000153
65000477|UMAQICUMUGODUUMUCO|30000154
65000478|UMUT|30000155
65000479|SENAQMAQIMUCOIENA|30000156
65000480|VEDILIMETOMAQITOQITAQ|30000157
65000481|ANMSILLANNMAQVATTILLOGG|30000158
65000482|VAS|30000159
65000483|NS|30000160
65000484|MAQICUNALIGEASMAQICOILLIMUCOICOSCIEAS|30000161
65000485|DTMUCOIRGN|30000162
