item,label,site,geo,inscription
Q70892367,CIIC 35 (Ogham Stone Concept by RAS Macalister),Q85391735,POINT(-7.121389 52.5775),VIR...
Q70892369,CIIC 36 (Ogham Stone Concept by RAS Macalister),Q85391666,POINT(-7.360833 52.443889),SEVERRIT [MAQI MUCOI RO]TTAIS
Q70892376,CIIC 37 (Ogham Stone Concept by RAS Macalister),Q85391666,POINT(-7.360833 52.443889),DOVATUCI [A]VI TULOTANAGIA
Q70892378,CIIC 39 (Ogham Stone Concept by RAS Macalister),Q85391668,POINT(-6.476667 53.845),BRANOGENI
Q70892380,CIIC 40 (Ogham Stone Concept by RAS Macalister),Q85391671,POINT(-6.559167 53.673333),MAQI-CAIRATINI AVI INEQAGLAS
Q70892381,CIIC 41 (Ogham Stone Concept by RAS Macalister),Q85391673,POINT(-6.96 53.735833),COVAGNI MAQI MUCOI LUGUNI
Q70892382,CIIC 42 (Ogham Stone Concept by RAS Macalister),Q85391707,POINT(-6.720556 52.250556),n/a
Q70892386,CIIC 43 (Ogham Stone Concept by RAS Macalister),Q85391722,POINT(-6.6177 52.1173),LONAMNI AVI BARI
Q70892388,CIIC 44 (Ogham Stone Concept by RAS Macalister),Q85391675,POINT(-6.4275 52.215278),IARNI
Q70892390,CIIC 45 (Ogham Stone Concept by RAS Macalister),Q85391677,POINT(-6.530278 52.543611),n/a
Q70892393,CIIC 46 (Ogham Stone Concept by RAS Macalister),Q85391680,POINT(-6.887778 52.161389),SEDAN[I MAQQI CAT]TABBOTT AVVI DERCMASOC
Q70892399,CIIC 47 (Ogham Stone Concept by RAS Macalister),Q85391708,POINT(-6.063611 52.909167),NETA-CARI NETA CAGI
Q70892402,CIIC 48 (Ogham Stone Concept by RAS Macalister),Q85391710,POINT(-6.617778 53.016944),IAQINI KOI MAQI MUC ....
Q70892404,CIIC 49 (Ogham Stone Concept by RAS Macalister),Q85391683,POINT(-6.624444 52.966389),..CCI MAQ..INI..
Q70892406,CIIC 50 (Ogham Stone Concept by RAS Macalister),Q85391685,POINT(-6.608898 52.947012),VOTI
Q70892409,CIIC 51 (Ogham Stone Concept by RAS Macalister),Q85391711,POINT(-6.535 52.998056),MAQI NILI
Q70892410,CIIC 52 (Ogham Stone Concept by RAS Macalister),Q85393909,POINT(-9.063611 53.022222),n/a
Q70892412,CIIC 53 (Ogham Stone Concept by RAS Macalister),Q85394775,POINT(-8.9807 52.8463),ATUCMLU
Q70892414,CIIC 54 (Ogham Stone Concept by RAS Macalister),Q85393912,POINT(-8.447778 52.803333),[TH]URGRIM RISTI [KR]US THINA BENDACHT [AR] TOROQR[IM]
Q70892416,CIIC 55 (Ogham Stone Concept by RAS Macalister),Q85394096,POINT(-9.283611 51.733056),ANM SAINA MAQ OGALA MUCOI TEMOCA
Q70892424,CIIC 56 (Ogham Stone Concept by RAS Macalister),Q85393991,POINT(-8.599444 52.068056),SAGITTARI
Q70892427,CIIC 57 (Ogham Stone Concept by RAS Macalister),Q72006007,POINT(-8.601944 52.081111),TRENU MAQI MUCOI QRITTI
Q70892430,CIIC 58 (Ogham Stone Concept by RAS Macalister),Q72006007,POINT(-8.601944 52.081111),CATTUBUTTAS MAQ[...
Q70892431,CIIC 59 (Ogham Stone Concept by RAS Macalister),Q85393914,POINT(-8.453333 52.010278),]UIVAIBES ]RTAGNI
Q70892434,CIIC 60 (Ogham Stone Concept by RAS Macalister),Q85393914,POINT(-8.453333 52.010278),MAILAGN(I)
Q70892436,CIIC 62 (Ogham Stone Concept by RAS Macalister),Q85393918,POINT(-8.452778 51.980833),DOCRANORI
Q70892438,CIIC 64 (Ogham Stone Concept by RAS Macalister),Q85393995,POINT(-8.175556 51.969444),LODIMONI
Q70892442,CIIC 65 (Ogham Stone Concept by RAS Macalister),Q85393922,POINT(-8.246111 52.005278),LOGA MAQI SDANBI
Q70892444,CIIC 66 (Ogham Stone Concept by RAS Macalister),Q85393998,POINT(-9.935278 51.712222),MAQI-DECCEDDAS AVI TURANIAS
Q70892450,CIIC 67 (Ogham Stone Concept by RAS Macalister),Q85394098,POINT(-9.981667 51.628889),CARI
Q70892452,CIIC 68 (Ogham Stone Concept by RAS Macalister),Q85394111,POINT(-9.711944 51.7275),LUGUQRIT [.........] LONAS
Q70892453,CIIC 69 (Ogham Stone Concept by RAS Macalister),Q85394002,POINT(-8.846944 51.678889),GIRAGNI
Q70892457,CIIC 70 (Ogham Stone Concept by RAS Macalister),Q85394002,POINT(-8.846944 51.678889),CUNAGUSOS MAQi MUCOI VIRAGNI
Q70892459,CIIC 71 (Ogham Stone Concept by RAS Macalister),Q85394002,POINT(-8.846944 51.678889),COIMAGNI MAQI MOCOI GA...
Q70892460,CIIC 72 (Ogham Stone Concept by RAS Macalister),Q85394004,POINT(-9.088056 51.770833),UBEDABO ALTASI
Q70892463,CIIC 73 (Ogham Stone Concept by RAS Macalister),Q85393926,POINT(-8.956111 51.688333),DOMNGEN
Q70892466,CIIC 74 (Ogham Stone Concept by RAS Macalister),Q85393926,POINT(-8.956111 51.688333),CONANN M[AQI] S...
Q70892468,CIIC 75 (Ogham Stone Concept by RAS Macalister),Q85393928,POINT(-9.185833 51.759444),ANM CASONI [MAQ]I RODAGNI
Q70892474,CIIC 76 (Ogham Stone Concept by RAS Macalister),Q85394006,POINT(-8.893056 51.645),ANM TENAS MACi V[...
Q70892476,CIIC 77 (Ogham Stone Concept by RAS Macalister),Q85393931,POINT(-9.0125 51.577778),n/a
Q70892478,CIIC 78 (Ogham Stone Concept by RAS Macalister),Q85394074,POINT(-8.539722 51.957778),n/a
Q70892481,CIIC 79 (Ogham Stone Concept by RAS Macalister),Q85393934,POINT(-8.075556 51.977222),ELUNA MU[C...
Q70892484,CIIC 80 (Ogham Stone Concept by RAS Macalister),Q85393934,POINT(-8.075556 51.977222),[M]
Q70892485,CIIC 82 (Ogham Stone Concept by RAS Macalister),Q85394270,POINT(-8.071111 52.026944),MAILAGURO MAQ[I...]VILEB[...
Q70892488,CIIC 84 (Ogham Stone Concept by RAS Macalister),Q85394270,POINT(-8.071111 52.026944),ERACOBI MAQI ERAQETAI
Q70892490,CIIC 91 (Ogham Stone Concept by RAS Macalister),Q85394270,POINT(-8.071111 52.026944),BLATEGSI
Q70892493,CIIC 97 (Ogham Stone Concept by RAS Macalister),Q85394010,POINT(-8.608333 51.838611),...]LL MAQI VORRTIGURN DOIBI
Q70892498,CIIC 98 (Ogham Stone Concept by RAS Macalister),Q85394010,POINT(-8.608333 51.838611),CORBAGNI K[OI] M[A]Q[I] MOCCOI COROTANI
Q70892501,CIIC 99 (Ogham Stone Concept by RAS Macalister),Q85394010,POINT(-8.608333 51.838611),SACATTINI
Q70892506,CIIC 101 (Ogham Stone Concept by RAS Macalister),Q85394010,POINT(-8.608333 51.838611),MAQI-ESEA MAQI DOMANEQI
Q70892504,CIIC 100 (Ogham Stone Concept by RAS Macalister),Q85394010,POINT(-8.608333 51.838611),AB ULCCAGNI
Q70892509,CIIC 102 (Ogham Stone Concept by RAS Macalister),Q85394010,POINT(-8.608333 51.838611),DILOGONN
Q70892510,CIIC 104 (Ogham Stone Concept by RAS Macalister),Q85394077,POINT(-8.823889 51.955833),ANM CORRE MAQVI UDD[GLO]METT
Q70892513,CIIC 106 (Ogham Stone Concept by RAS Macalister),Q85393938,POINT(-8.887778 51.940833),[COLAB]OT MAQI MAQI-RITE [MAQI MU]COI CORIBIRI
Q70892516,CIIC 108 (Ogham Stone Concept by RAS Macalister),Q85394079,POINT(-8.81 51.9875),LUGUDUC MAQI MAQI-OC [...
Q70892518,CIIC 109 (Ogham Stone Concept by RAS Macalister),Q85394014,POINT(-8.789444 51.985556),UDDMENSA CELI NETTASLOGI
Q70892523,CIIC 110 (Ogham Stone Concept by RAS Macalister),Q85393940,POINT(-8.838889 51.9575),B..Q.....HAGA......DL
Q70892526,CIIC 111 (Ogham Stone Concept by RAS Macalister),Q85393940,POINT(-8.838889 51.9575),LUDUDECA MAQU SI[TT?]ALI MUCOI M...
Q70892527,CIIC 118 (Ogham Stone Concept by RAS Macalister),Q85394081,POINT(-8.779444 51.974444),VEQREQ MUCOI GLUNLEGGET TENREN MONOI GDUQDEGGEV
Q70892531,CIIC 119 (Ogham Stone Concept by RAS Macalister),Q85394081,POINT(-8.779444 51.974444),DALAGNI MAQI DALI
Q70892533,CIIC 120 (Ogham Stone Concept by RAS Macalister),Q85394081,POINT(-8.779444 51.974444),BROINIENAS KOI NETA TTRENALUGOS.
Q70892534,CIIC 121 (Ogham Stone Concept by RAS Macalister),Q85394081,POINT(-8.779444 51.974444),VERGOSO MACI LLOMINACCA.
Q70892536,CIIC 122 (Ogham Stone Concept by RAS Macalister),Q85394114,POINT(-8.829444 51.970833),MADORA MAQI DEGO
Q70892539,CIIC 123 (Ogham Stone Concept by RAS Macalister),Q85394114,POINT(-8.829444 51.970833),MAQI-BRI.....CELI ALACA...
Q70892540,CIIC 124 (Ogham Stone Concept by RAS Macalister),Q85394017,POINT(-8.784167 51.886667),ANAVLAMATTIAS MUCCOI [..]OELURI AVI AKERAS
Q70892545,CIIC 125 (Ogham Stone Concept by RAS Macalister),Q85394017,POINT(-8.784167 51.886667),MAQI-ERCIAS MAQI VALAMNI
Q70892549,CIIC 126 (Ogham Stone Concept by RAS Macalister),Q85394017,POINT(-8.784167 51.886667),VEDACUNA [MAQI] TOBIRA MUCOI SOGINI
Q70892550,CIIC 129 (Ogham Stone Concept by RAS Macalister),Q85393945,POINT(-9.026388888 51.841944444),VEQOANAI MAQI EQOD[..
Q70892553,CIIC 130 (Ogham Stone Concept by RAS Macalister),Q85393948,POINT(-8.928056 52.066667),SECIDARI
Q70892555,CIIC 131 (Ogham Stone Concept by RAS Macalister),Q85394021,POINT(-9.115 51.849444),LITUBIRI MAQI QECIA
Q70892556,CIIC 132 (Ogham Stone Concept by RAS Macalister),Q85394021,POINT(-9.115 51.849444),LACAVAGNI
Q70892558,CIIC 133 (Ogham Stone Concept by RAS Macalister),Q85394021,POINT(-9.115 51.849444),VAITEVIA
Q70892561,CIIC 134 (Ogham Stone Concept by RAS Macalister),Q85394084,POINT(-9.228056 51.828333),ASSICONA
Q70892563,CIIC 135 (Ogham Stone Concept by RAS Macalister),Q85394128,POINT(-9.083889 51.926111),MINNACCANNI MAQI AILLUATTAN
Q70892567,CIIC 136 (Ogham Stone Concept by RAS Macalister),Q85394024,POINT(-9.772778 52.328889),CT[A]N ... QLOG
Q70892569,CIIC 137 (Ogham Stone Concept by RAS Macalister),Q85394087,POINT(-9.724167 52.362778),ANM VEDLLOIGGOI MACI SEDDOINI
Q70892572,CIIC 138 (Ogham Stone Concept by RAS Macalister),Q85393952,POINT(-10.176111 52.129444),LADDIGNI MAQQI MUCCOI AN...
Q70892574,CIIC 139 (Ogham Stone Concept by RAS Macalister),Q85393952,POINT(-10.176111 52.129444),LAIDANN MAQI MACORBO
Q70892577,CIIC 140 (Ogham Stone Concept by RAS Macalister),Q85393952,POINT(-10.176111 52.129444),LUGUVVECCA MAQI[...
Q70892578,CIIC 141 (Ogham Stone Concept by RAS Macalister),Q85393955,POINT(-10.138056 52.133056),MAQI MQ[I-...O]GGODIKA.
Q70892582,CIIC 142 (Ogham Stone Concept by RAS Macalister),Q85393955,POINT(-10.138056 52.133056),...] CELI AVI VU[..
Q70892584,CIIC 143 (Ogham Stone Concept by RAS Macalister),Q85394130,POINT(-10.063056 52.159167),TAQMAQO
Q70892586,CIIC 144 (Ogham Stone Concept by RAS Macalister),Q85394026,POINT(-10.049167 52.143056),DITAV
Q70892592,CIIC 145 (Ogham Stone Concept by RAS Macalister),Q85394028,POINT(-10.236944 52.2675),QRIMITIR RON[A]NN MAQ COMOGANN
Q70892594,CIIC 146 (Ogham Stone Concept by RAS Macalister),Q85393959,POINT(-10.382222 52.166667),LUGUQRIT MA[QI] QRITT[I]
Q70892598,CIIC 147 (Ogham Stone Concept by RAS Macalister),Q85393961,POINT(-10.2075 52.140556),MOINENA MAQI OLACON
Q70892599,CIIC 148 (Ogham Stone Concept by RAS Macalister),Q85394310,POINT(-10.386111 52.176111),DUBONIRRAS MAQQI TENAC[I]
Q70892602,CIIC 149 (Ogham Stone Concept by RAS Macalister),Q85394310,POINT(-10.386111 52.176111),MQQI-QETTI MAQQI CUNITTI
Q70892604,CIIC 150 (Ogham Stone Concept by RAS Macalister),Q85394310,POINT(-10.386111 52.176111),GRAVICAS MAQI MUCOI DOVVINIAS
Q70892606,CIIC 151 (Ogham Stone Concept by RAS Macalister),Q85394310,POINT(-10.386111 52.176111),BROINIOAS
Q70892609,CIIC 152 (Ogham Stone Concept by RAS Macalister),Q85394310,POINT(-10.386111 52.176111),LUBBAIS MAQQI DUN....S
Q70892611,CIIC 153 (Ogham Stone Concept by RAS Macalister),Q85394310,POINT(-10.386111 52.176111),CCUCAMINI MAQQI CATTINI
Q70892616,CIIC 155 (Ogham Stone Concept by RAS Macalister),Q85393964,POINT(-10.031111 52.1725),AKEVRITTI
Q70892620,CIIC 156 (Ogham Stone Concept by RAS Macalister),Q85393964,POINT(-10.031111 52.1725),MAQQI-IARI KOI MAQQI MUCCOI DOVVINIAS
Q70892623,CIIC 157 (Ogham Stone Concept by RAS Macalister),Q85393964,POINT(-10.031111 52.1725),DOVETI MAQQi CATTINI
Q70892626,CIIC 158 (Ogham Stone Concept by RAS Macalister),Q85393964,POINT(-10.031111 52.1725),SUVALLOS MAQQI DUCOVAROS
Q70892629,CIIC 159 (Ogham Stone Concept by RAS Macalister),Q85393964,POINT(-10.031111 52.1725),MAQI - DECCEDA MAQI GLASICONAS
Q70892630,CIIC 160 (Ogham Stone Concept by RAS Macalister),Q85393964,POINT(-10.031111 52.1725),TRIA MAQA MAILAGNI CURCITTI
Q70892632,CIIC 161 (Ogham Stone Concept by RAS Macalister),Q85393964,POINT(-10.031111 52.1725),INISSIONAS
Q70892635,CIIC 162 (Ogham Stone Concept by RAS Macalister),Q85393964,POINT(-10.031111 52.1725),CUNAMAQQI AVI CORBBI
Q106674255,22. Colbinstown IV (Ogham Stone Concept by the Ogham in 3D Project),Q85391762,POINT(-6.756389 53.031111),EGNI KOI MAQI MUC/OI AI
Q70892714,CIIC 190 (Ogham Stone Concept by RAS Macalister),Q85395562,POINT(-10.124722 52.135833),GOSSUCTTIAS
Q70892719,CIIC 191 (Ogham Stone Concept by RAS Macalister),Q85395562,POINT(-10.124722 52.135833),GAMICUNAS
Q70892722,CIIC 192 (Ogham Stone Concept by RAS Macalister),Q85395622,POINT(-10.023333 52.251944),QENILOCGNI MAQI D...
Q70892725,CIIC 193 (Ogham Stone Concept by RAS Macalister),Q85395564,POINT(-10.359444 52.144722),ANM COLMAN AILITHIR
Q70892726,CIIC 194 (Ogham Stone Concept by RAS Macalister),Q85395627,POINT(-10.024444 52.167778),SIDANI MAQI DALO
Q70892731,CIIC 195 (Ogham Stone Concept by RAS Macalister),Q85395567,POINT(-9.990556 52.1725),CURCI MAQI MUCOI V[...
Q70892732,CIIC 196 (Ogham Stone Concept by RAS Macalister),Q85395567,POINT(-9.990556 52.1725),ERCAVICCAS MAQI CO[...
Q70892734,CIIC 197 (Ogham Stone Concept by RAS Macalister),Q69379704,POINT(-9.642778 52.061111),DEGOS MAQI MOCOI TOICAKI
Q70892738,CIIC 198 (Ogham Stone Concept by RAS Macalister),Q69379704,POINT(-9.642778 52.061111),MAQI-RITEAS MAQI MAQI-DDUMILEAS MUCOI TOICACI
Q70892739,CIIC 199 (Ogham Stone Concept by RAS Macalister),Q69379704,POINT(-9.642778 52.061111),CUNACENA
Q70892745,CIIC 200 (Ogham Stone Concept by RAS Macalister),Q69379704,POINT(-9.642778 52.061111),MAQI-TTAL MAQI VORGOS MAQI MUCOI TOICAC
Q70892748,CIIC 201 (Ogham Stone Concept by RAS Macalister),Q69379704,POINT(-9.642778 52.061111),MC[ ]GE [ ]M [..] Q[ ] ..[ ]D [ ]E
Q70892750,CIIC 202 (Ogham Stone Concept by RAS Macalister),Q69379704,POINT(-9.642778 52.061111),NIOTTVRECC MAQI [....]GNI
Q70892754,CIIC 204 (Ogham Stone Concept by RAS Macalister),Q85395570,POINT(-9.621667 52.208611),ANM MAGANN MAQI NUADAT
Q70892756,CIIC 205 (Ogham Stone Concept by RAS Macalister),Q85395535,POINT(-9.665 51.974444),S[M]....BNAG MA[Q?]QI ERCIA
Q70892757,CIIC 206 (Ogham Stone Concept by RAS Macalister),Q85395537,POINT(-9.747222 52.071944),ANM VIRR[...]ANNI TIGIRN CEDATTOQA MAQI VEDELMET[T]
Q70892761,CIIC 207 (Ogham Stone Concept by RAS Macalister),Q85395537,POINT(-9.747222 52.071944),....]ECC MAQI L[UGUQ]RRIT
Q70892763,CIIC 208 (Ogham Stone Concept by RAS Macalister),Q85395537,POINT(-9.747222 52.071944),UMALL
Q70892767,CIIC 209 (Ogham Stone Concept by RAS Macalister),Q85395537,POINT(-9.747222 52.071944),...]GGO MAQI AGILL[....
Q70892772,CIIC 210 (Ogham Stone Concept by RAS Macalister),Q85395537,POINT(-9.747222 52.071944),DUBE[B?]
Q70892774,CIIC 211 (Ogham Stone Concept by RAS Macalister),Q85395537,POINT(-9.747222 52.071944),RITTUVVECC MAQI VEDDONOS
Q70892778,CIIC 212 (Ogham Stone Concept by RAS Macalister),Q85395537,POINT(-9.747222 52.071944),n/a
Q70892780,CIIC 213 (Ogham Stone Concept by RAS Macalister),Q85395537,POINT(-9.747222 52.071944),URG
Q106674253,217. Whitefield III (Ogham Stone Concept by the Ogham in 3D Project),Q85395539,POINT(-9.703056 52.080556),NOCATI MAQI MAQI-RET/ MAQI MUCOI UDDAMI
Q106674256,220. Derrynane (Ogham Stone Concept by the Ogham in 3D Project),Q85395573,POINT(-10.122222 51.773056),ANM LLATIGNI MAQ MINERC/ MUCOI QCI?
Q106674257,223. Parknasilla (Ogham Stone Concept by the Ogham in 3D Project),Q85395605,POINT(-9.875 51.858611),ANM VINNAGITLET
Q106674258,23. Colbinstown V (Ogham Stone Concept by the Ogham in 3D Project),Q85391762,POINT(-6.756389 53.031111),AVSSMAQVS
Q106674259,230. Cloghanecarhan (Ogham Stone Concept by the Ogham in 3D Project),Q85395549,POINT(-10.176944 51.894167),EQQEGGNI MAQI MAQI-CARATTINN
Q106674260,241. Kilbonane (Ogham Stone Concept by the Ogham in 3D Project),Q85396894,POINT(-9.673611 52.086111),BAIDAGNI MAQI ADDILONA NAGUNI MUCO BAIDANI NIR[???]MNIDAGNIESSICONIDDALA/ AMIT BAIDAGNI
Q106674261,242. Parkavonear (Ogham Stone Concept by the Ogham in 3D Project),Q85396972,POINT(-9.558333 52.077778),BRRUA/ENANN
Q106674263,246a. Ardcanaght I (Ogham Stone Concept by the Ogham in 3D Project),Q85396815,POINT(-9.733611 52.165556),V MAQI
Q106674264,246b. Ardcanaght II (Ogham Stone Concept by the Ogham in 3D Project),Q85396815,POINT(-9.733611 52.165556),LMCBLTCL/LT
Q106674265,25. Colbinstown VII (Ogham Stone Concept by the Ogham in 3D Project),Q85391762,POINT(-6.756389 53.031111),LA
Q106674266,252. Gurrane (Ogham Stone Concept by the Ogham in 3D Project),Q85396933,POINT(-9.581944 52.226667),DUMELI MAQI GLASICONAS NIOTTA COBRANORA
Q106674267,253. Killorglin (Ogham Stone Concept by the Ogham in 3D Project),Q85396826,POINT(-9.540833 52.233611),GALEOTOS
Q106674268,255. Tinnahally I (Ogham Stone Concept by the Ogham in 3D Project),Q85396900,POINT(-9.7575 52.124722),CILA MAQQI BAGN/I ANM VURUDDRANN MAQ/I DO/LIGENN
Q106674269,256. Tinnahally II (Ogham Stone Concept by the Ogham in 3D Project),Q85396900,POINT(-9.7575 52.124722),ANM TEGANN MAC DEGL/ANN
Q106674270,26. Donaghmore (Ogham Stone Concept by the Ogham in 3D Project),Q85391654,POINT(-6.551111 53.375278),NETTAVROICC/ MAQI MUCCOI TRENALUGGO
Q106674271,263. Ardmore I (Ogham Stone Concept by the Ogham in 3D Project),Q85396905,POINT(-7.729167 51.944167),LUGUDECCAS MAQI/MU/COI NETA-SEGAMONAS/ DOLATI BIGAISGOB...
Q106674272,264. Ardmore II (Ogham Stone Concept by the Ogham in 3D Project),Q85396905,POINT(-7.729167 51.944167),...NACI MAQI ...
Q106674273,265. Ardmore III (Ogham Stone Concept by the Ogham in 3D Project),Q85396905,POINT(-7.729167 51.944167),AMADU
Q106674274,266. Dromore I (Ogham Stone Concept by the Ogham in 3D Project),Q85396907,POINT(-7.848889 52.064444),COLLABOT MUCOI LUGA/ MAQI LOBACCONA
Q106674277,267. Dromore II (Ogham Stone Concept by the Ogham in 3D Project),Q85396907,POINT(-7.848889 52.064444),MEDUSI MACI LU/ MUCOI LUGA
Q106674278,268. Dromore III (Ogham Stone Concept by the Ogham in 3D Project),Q85396907,POINT(-7.848889 52.064444),CATTUVIR
Q106674279,272. Drumlohan I (Ogham Stone Concept by the Ogham in 3D Project),Q85396849,POINT(-7.468056 52.163056),MANU MAGUNO GATI MOCOI MACORBO
Q106674280,273. Drumlohan II (Ogham Stone Concept by the Ogham in 3D Project),Q85396849,POINT(-7.468056 52.163056),CALUNOVICA MAQI MUCOI LITENI
Q106674281,274. Drumlohan III (Ogham Stone Concept by the Ogham in 3D Project),Q85396849,POINT(-7.468056 52.163056),MAQI-INI MAQI QETTEAS
Q106674282,275. Drumlohan IV (Ogham Stone Concept by the Ogham in 3D Project),Q85396849,POINT(-7.468056 52.163056),CUNALEGEA MAQI C[....]SALAR CELI AVI QVECI
Q106674283,276. Drumlohan V (Ogham Stone Concept by the Ogham in 3D Project),Q85396849,POINT(-7.468056 52.163056),BIGU MAQI LAG
Q106674284,277. Drumlohan VI (Ogham Stone Concept by the Ogham in 3D Project),Q85396849,POINT(-7.468056 52.163056),BIR MAQI MUCOI ROTTAIS
Q106674285,278. Drumlohan VII (Ogham Stone Concept by the Ogham in 3D Project),Q85396849,POINT(-7.468056 52.163056),MAQI NETAS
Q106674286,279. Drumlohan VIII (Ogham Stone Concept by the Ogham in 3D Project),Q85396849,POINT(-7.468056 52.163056),DENAVECA MUCOI MEDALO
Q106674287,28. Churchclara I (Ogham Stone Concept by the Ogham in 3D Project),Q85391656,POINT(-7.150556 52.651389),TASEGAGNI/ MAQ/ I MUCOI MACORBO
Q106674288,280. Drumlohan IX (Ogham Stone Concept by the Ogham in 3D Project),Q85396849,POINT(-7.468056 52.163056),BROINIONAS
Q106674290,281. Drumlohan X (Ogham Stone Concept by the Ogham in 3D Project),Q85396849,POINT(-7.468056 52.163056),DEAGOS MAQI MUCOI NAI
Q106674292,285. Kilbeg (Ogham Stone Concept by the Ogham in 3D Project),Q85396852,POINT(-7.544722 52.110278),BIVODON MUCOI ATAR
Q106674293,292. Knockboy I (Ogham Stone Concept by the Ogham in 3D Project),Q85396914,POINT(-7.6 52.111389),ERATI MUCOI NETA-S/EGAMONAS
Q106674294,293. Knockboy II (Ogham Stone Concept by the Ogham in 3D Project),Q85396914,POINT(-7.6 52.111389),RGBCARCEN
Q106674296,294. Knockboy III (Ogham Stone Concept by the Ogham in 3D Project),Q85396914,POINT(-7.6 52.111389),CORB
Q106674297,295. Knockboy IV (Ogham Stone Concept by the Ogham in 3D Project),Q85396914,POINT(-7.6 52.111389),QECCIAS MUCOI BROENIONAS
Q106674298,296. Knockboy V (Ogham Stone Concept by the Ogham in 3D Project),Q85396914,POINT(-7.6 52.111389),CIR MAQI MUC
Q106674299,297. Knockboy VI (Ogham Stone Concept by the Ogham in 3D Project),Q85396914,POINT(-7.6 52.111389),VORTIGURN
Q106674302,298. Knockboy VII (Ogham Stone Concept by the Ogham in 3D Project),Q85396914,POINT(-7.6 52.111389),VEDABAR MAQILSM/ MOCOI ODR/REA
Q106674304,299. Knockboy VIII (Ogham Stone Concept by the Ogham in 3D Project),Q85396914,POINT(-7.6 52.111389),MAQI MONGEDIAS/ MAQI/ MUIBITI
Q106674305,300. Island (Ogham Stone Concept by the Ogham in 3D Project),Q85396859,POINT(-7.59 52.160833),CUNANETAS MAQ/I MMUC/OI NETA-SEGAMONAS
Q106674306,31. Fiddaun Upper (Ogham Stone Concept by the Ogham in 3D Project),Q85391658,POINT(-7.036389 52.518889),DRUGNO MAQI/ MUCOI NAMI
Q106674307,32. Gowran (Ogham Stone Concept by the Ogham in 3D Project),Q85391704,POINT(-7.066111 52.6325),MAQI ERACIAS MAQI/ DIMAQA MUCOI
Q106674309,34. Legan (Ogham Stone Concept by the Ogham in 3D Project),Q85391706,POINT(-7.158611 52.538611),LOBBI KOI MAQQI MUC/COI R/INI
Q106674310,35. Tullaherin I (Ogham Stone Concept by the Ogham in 3D Project),Q85391735,POINT(-7.121389 52.5775),VIR
Q106674311,36. Lamoge I (Ogham Stone Concept by the Ogham in 3D Project),Q85391666,POINT(-7.360833 52.443889),SEVERRIT/ MAQI/ ROTTAIS
Q106674312,37. Lamoge II (Ogham Stone Concept by the Ogham in 3D Project),Q85391666,POINT(-7.360833 52.443889),DOVATUC/QI AV/I/ TULOTANAGIA
Q106674313,38. Ballyboodan (Ogham Stone Concept by the Ogham in 3D Project),Q69378747,POINT(-7.231111 52.471944),CORBI KOI MAQI LABRID
Q106674314,4. Kilmannin (Ogham Stone Concept by the Ogham in 3D Project),Q72006009,POINT(-8.765556 53.773611),LUGADDON MAQ/I LUGU/DEC DDISI/ MOCQUS/EL
Q106674315,40. Painestown (Ogham Stone Concept by the Ogham in 3D Project),Q85391671,POINT(-6.559167 53.673333),MAQI-CAIRATINI AVI INEQAGLAS
Q106674316,46. Houseland (Ogham Stone Concept by the Ogham in 3D Project),Q85391680,POINT(-6.887778 52.161389),SEDANI MAQI CATTABBOTT AVVI DERCMASOC
Q106674317,47. Castletimon (Ogham Stone Concept by the Ogham in 3D Project),Q85391708,POINT(-6.063611 52.909167),NETACARI NETACAGI
Q106674319,48. Donard (Ogham Stone Concept by the Ogham in 3D Project),Q85391710,POINT(-6.617778 53.016944),IAQINI KOI/ MAQI MUCOI
Q106674320,49. Baltinglass (Ogham Stone Concept by the Ogham in 3D Project),Q85391683,POINT(-6.624444 52.966389),CCI MAQ INI
Q106674323,50. Boleycarrigeen (Ogham Stone Concept by the Ogham in 3D Project),Q85391685,POINT(-6.608898 52.947012),VOTI
Q106674324,51. Knickeen (Ogham Stone Concept by the Ogham in 3D Project),Q85391711,POINT(-6.535 52.998056),MAQI NILI
Q106674325,57. Greenhill I (Ogham Stone Concept by the Ogham in 3D Project),Q72006007,POINT(-8.601944 52.081111),TRENU MAQI MUCOI QRITTI
Q106674327,58. Greenhill II (Ogham Stone Concept by the Ogham in 3D Project),Q72006007,POINT(-8.601944 52.081111),CATTUBUTTAS MAQI
Q106674328,66. Faunkill and the Woods (Ogham Stone Concept by the Ogham in 3D Project),Q85393998,POINT(-9.935278 51.712222),MAQI-DECCEDDAS AVI TURANIAS
Q106674329,69. Ahalisky I (Ogham Stone Concept by the Ogham in 3D Project),Q85394002,POINT(-8.846944 51.678889),GIRAGNI
Q106674330,70. Ahalisky II (Ogham Stone Concept by the Ogham in 3D Project),Q85394002,POINT(-8.846944 51.678889),CUNAGUSOS MAQI MUCOI VIRA/GNI
Q106674331,71. Ahalisky III (Ogham Stone Concept by the Ogham in 3D Project),Q85394002,POINT(-8.846944 51.678889),COIMAGNI MAQI MOCOI G
Q106674332,79. Rathcanning I (Ogham Stone Concept by the Ogham in 3D Project),Q85393934,POINT(-8.075556 51.977222),TULENA MUC RAN
Q106674334,80. Rathcanning II (Ogham Stone Concept by the Ogham in 3D Project),Q85393934,POINT(-8.075556 51.977222),?M?
Q106674335,97. Ballyhank I (Ogham Stone Concept by the Ogham in 3D Project),Q85394010,POINT(-8.608333 51.838611),LL MAQI VORR/TIGUR/N
Q106674336,98. Ballyhank II (Ogham Stone Concept by the Ogham in 3D Project),Q85394010,POINT(-8.608333 51.838611),CORBAGNI/ KOI MAQI MOC/COI COROTANI
Q106674337,99. Ballyhank III (Ogham Stone Concept by the Ogham in 3D Project),Q85394010,POINT(-8.608333 51.838611),SACATTI/NI
Q106674340,Ardfert II (Ogham Stone Concept by the Ogham in 3D Project),Q85394024,POINT(-9.772778 52.328889),OC/GIC
Q106674341,Ballybarrack.xml(Ogham Stone Concept by the Ogham in 3D Project),Q106626868,POINT(-6.43833 53.98278),MAQI-CORABIR MAQI TANB NETA-SALAGIA MAQI MUCOI
Q106674342,Bunkilla.xml(Ogham Stone Concept by the Ogham in 3D Project),Q106626869,POINT(-8.69389 51.97722),ANM MAQQI-LASIRE MAQQI BIRRAC...?
Q106674343,Church Island (Ogham Stone Concept by the Ogham in 3D Project),Q106626870,POINT(-10.2832 51.9376),BECCDINN MACI/ R/ITTECC
Q106674344,Churchclara II (Ogham Stone Concept by the Ogham in 3D Project),Q85391656,POINT(-7.150556 52.651389),GELAGNI AVI
Q106674345,Cloghabrody.xml(Ogham Stone Concept by the Ogham in 3D Project),Q106626871,POINT(-7.13778 52.53472),VEDDELLEMETTO MU/CI/ LOGIDDEAS/ AVVI MUNICCONA
Q106674346,Coumlanders.xml(Ogham Stone Concept by the Ogham in 3D Project),Q106626872,POINT(-10.175484 52.125339),RETAGIN MAQI DOVU
Q106674347,Drummin II (Ogham Stone Concept by the Ogham in 3D Project),Q85390417,POINT(-8.362222 53.84),RAVASA KOI MAQQI D/TL SENN
Q106674348,Kilgrovan VI (Ogham Stone Concept by the Ogham in 3D Project),Q85396854,POINT(-7.549722 52.090556),...U MAQI CUMUGODU/U MUCO
Q106674349,Kilgrovan VII (Ogham Stone Concept by the Ogham in 3D Project),Q85396854,POINT(-7.549722 52.090556),UMU T
Q106674350,Knockmahon I (Ogham Stone Concept by the Ogham in 3D Project),Q106626874,POINT(-7.35056 52.14028),SENAQ MAQI/ MUCOI ENA
Q106674351,Knockmahon II (Ogham Stone Concept by the Ogham in 3D Project),Q106626874,POINT(-7.35056 52.14028),VEDILIMETO/ MAQI/ TOQITAQ
Q106674352,Ratass.xml(Ogham Stone Concept by the Ogham in 3D Project),Q106626875,POINT(-9.67583 52.2675),ANM SILLANN MAQ VATTILLOGG
Q106674353,Rathkenny IV (Ogham Stone Concept by the Ogham in 3D Project),Q106626866,POINT(-9.72028 52.33167),V A S
Q106674355,Scattery Island (Ogham Stone Concept by the Ogham in 3D Project),Q106626876,POINT(-9.51861 52.61278),NS
Q106674356,Shankill.xml(Ogham Stone Concept by the Ogham in 3D Project),Q106626901,POINT(-7.0275 52.69528),MAQICUNALIGEAS/ MAQI COILLI/ MUCOI COSCI/EAS
Q106674357,Tullaherin II (Ogham Stone Concept by the Ogham in 3D Project),Q85391735,POINT(-7.121389 52.5775),DT MUCOI RGN
Q106675295,AGHAL/1 (Ogham Stone Concept by CISP),Q85390391,POINT(-9.330833 54.260278),--][Q][--][AAMQMARO][--
Q106675296,AGHAS/1 (Ogham Stone Concept by CISP),Q85392826,POINT(-7.047778 54.699444),DOTETTOMAQ[IMAGLANI]
Q106675297,AGHIB/1 (Ogham Stone Concept by CISP),Q85393952,POINT(-10.176111 52.129444),LADDIGNIMAQQIMUCCOIAN[--
Q106675298,AGHIB/2 (Ogham Stone Concept by CISP),Q85393952,POINT(-10.176111 52.129444),LAIDANNMAQIMACORBO
Q106675299,AGHIB/3 (Ogham Stone Concept by CISP),Q85393952,POINT(-10.176111 52.129444),LUGUVVECCAMAQI[--
Q106675300,AGLIS/1 (Ogham Stone Concept by CISP),Q85393955,POINT(-10.138056 52.133056),--]MAQIMAQ[I][--][O]GGODIKA
Q106675302,AGLIS/2 (Ogham Stone Concept by CISP),Q85393955,POINT(-10.138056 52.133056),--]CELIAVIVU[D!][--
Q106675303,AHLIS/1 (Ogham Stone Concept by CISP),Q85394002,POINT(-8.846944 51.678889),GIRAGNI
Q106675304,AHLIS/2 (Ogham Stone Concept by CISP),Q85394002,POINT(-8.846944 51.678889),CUNAGUSOSMAQIMUCOIVIRA 
Q106675305,AHLIS/3 (Ogham Stone Concept by CISP),Q85394002,POINT(-8.846944 51.678889),COIMAGNIMAQIMOCOIGA[--
Q106675306,AMORE/1 (Ogham Stone Concept by CISP),Q85396905,POINT(-7.729167 51.944167),LUGUDECCASMAQI 
Q106675307,AMORE/2 (Ogham Stone Concept by CISP),Q85396905,POINT(-7.729167 51.944167),--]NACIMAQI[--
Q106675308,AMORE/3 (Ogham Stone Concept by CISP),Q85396905,POINT(-7.729167 51.944167),AMADU
Q106675310,ANSCL/1 (Ogham Stone Concept by CISP),Q106628059,POINT(-10.061076 52.152143),RETAGINMAQIDOV[U!][--
Q106675311,ARDCT/1 (Ogham Stone Concept by CISP),Q85396815,POINT(-9.733611 52.165556),--]VMAQI[--
Q70892784,CIIC 214 (Ogham Stone Concept by RAS Macalister),Q85395538,POINT(-9.718889 52.068056),ANNVENI TEGG[....
Q70892785,CIIC 215 (Ogham Stone Concept by RAS Macalister),Q85395539,POINT(-9.703056 52.080556),ALATTO CELI BATTIGNI
Q70892787,CIIC 216 (Ogham Stone Concept by RAS Macalister),Q85395539,POINT(-9.703056 52.080556),GOSOCTEAS MOSAC MAKINI
Q70892791,CIIC 217 (Ogham Stone Concept by RAS Macalister),Q85395539,POINT(-9.703056 52.080556),NOCATI MAQI MAQI-REC [....] MAQI MUCOI UDDAMI
Q70892792,CIIC 218 (Ogham Stone Concept by RAS Macalister),Q85395539,POINT(-9.703056 52.080556),L[A]G[O]BB[... MUCO - TUCACAC
Q70892797,CIIC 219 (Ogham Stone Concept by RAS Macalister),Q85395602,POINT(-9.746667 51.91),ANM CRUNAN MAQ LUQIN
Q70892799,CIIC 220 (Ogham Stone Concept by RAS Macalister),Q85395573,POINT(-10.122222 51.773056),ANM LLATIGNI MAQ M[I]N[E]RC M[UCOI] Q[...]CI
Q70892801,CIIC 221 (Ogham Stone Concept by RAS Macalister),Q85395540,POINT(-9.786667 51.881111),CATVVIRR MAQI LUGUVVEC
Q70892805,CIIC 222 (Ogham Stone Concept by RAS Macalister),Q85395541,POINT(-9.875 51.858611),.....]NEGGNI
Q70892807,CIIC 223 (Ogham Stone Concept by RAS Macalister),Q85395605,POINT(-9.875 51.858611),ANM VINNAGITLET...
Q70892808,CIIC 224 (Ogham Stone Concept by RAS Macalister),Q85395543,POINT(-9.525833 51.885278),MOŊUNILOCID MAQI ALOTTO
Q70892810,CIIC 225 (Ogham Stone Concept by RAS Macalister),Q85395607,POINT(-9.551667 51.8475),NOARRA MAQI VORUDRAN
Q70892813,CIIC 226 (Ogham Stone Concept by RAS Macalister),Q85395624,POINT(-9.389167 51.839444),ORIBRASSIA
Q70892814,CIIC 227 (Ogham Stone Concept by RAS Macalister),Q85395546,POINT(-9.413611 51.883333),OTTINN MAQI VECR[EC]
Q70892818,CIIC 228 (Ogham Stone Concept by RAS Macalister),Q85395548,POINT(-9.421389 52.566667),MAQI BROCI
Q70892821,CIIC 229 (Ogham Stone Concept by RAS Macalister),Q85395576,POINT(-10.166667 51.921111),ANM CALUMANN MAQ[...
Q70892823,CIIC 230 (Ogham Stone Concept by RAS Macalister),Q85395549,POINT(-10.176944 51.894167),D[...]A[.C?.] AVI DALAGNI [MAQI C...?] EQQEGGNI MAQI MAQI-CARATTINN
Q70892827,CIIC 231 (Ogham Stone Concept by RAS Macalister),Q85395579,POINT(-10.365556 51.912222),LOGITTI MAQI ERPENN
Q70892828,CIIC 232 (Ogham Stone Concept by RAS Macalister),Q85395579,POINT(-10.365556 51.912222),....]ERRLONNA MAQI R[U]T[E]N[I]
Q70892829,CIIC 233 (Ogham Stone Concept by RAS Macalister),Q85395550,POINT(-10.113611 51.848056),TIDONN[A] MAQ DOMNGINN
Q70892834,CIIC 234 (Ogham Stone Concept by RAS Macalister),Q85395582,POINT(-10.029167 52.031111),MAQI R[.....
Q70892835,CIIC 235 (Ogham Stone Concept by RAS Macalister),Q85395618,POINT(-10.175833 51.913333),ANM MOLEGOMRID MACI VECUMEN
Q70892837,CIIC 236 (Ogham Stone Concept by RAS Macalister),Q85395551,POINT(-10.301944 51.843333),...]OTANI M[A]QI LOSAGNI
Q70892842,CIIC 237 (Ogham Stone Concept by RAS Macalister),Q85395551,POINT(-10.301944 51.843333),n/a
Q70892844,CIIC 238 (Ogham Stone Concept by RAS Macalister),Q85395585,POINT(-10.220833 51.923333),......]QNETN[.....
Q70892846,CIIC 239 (Ogham Stone Concept by RAS Macalister),Q85396891,POINT(-10.025278 52.013611),ANM GATTEGLAN
Q70892848,CIIC 240 (Ogham Stone Concept by RAS Macalister),Q85396810,POINT(-10.058889 51.970833),MOCURRUTI MAQI VLISACESUCMIR
Q70892851,CIIC 241 (Ogham Stone Concept by RAS Macalister),Q85396894,POINT(-9.673611 52.086111),B[AID]AGNI MAQI ADDILONA NAGUNI MUCO BAIDANI NIR***MN[I]DAGNIESSICONIDDALA AMIT BAIDAGNI
Q70892852,CIIC 242 (Ogham Stone Concept by RAS Macalister),Q85396972,POINT(-9.558333 52.077778),BRRUANANN
Q70892854,CIIC 243 (Ogham Stone Concept by RAS Macalister),Q85396812,POINT(-9.631667 52.128889),MAQI-RITTE MAQI COLABOT MAQI MOCO QERAI
Q70892857,CIIC 244 (Ogham Stone Concept by RAS Macalister),Q85396812,POINT(-9.631667 52.128889),COILLABBOTAS MAQI CORBBI MAQI MOCOI QERAI
Q70892859,CIIC 245 (Ogham Stone Concept by RAS Macalister),Q85396812,POINT(-9.631667 52.128889),VŊGOLAM
Q70892864,CIIC 246 (Ogham Stone Concept by RAS Macalister),Q85396812,POINT(-9.631667 52.128889),CORBAGNI MAQI BIVITI
Q70892869,CIIC 247 (Ogham Stone Concept by RAS Macalister),Q85396974,POINT(-9.662778 52.147778),COVTET
Q70892870,CIIC 248 (Ogham Stone Concept by RAS Macalister),Q85396897,POINT(-9.438889 52.1425),...QET[IA?]S M[A?]Q TRENIL[U?...]
Q70892873,CIIC 249 (Ogham Stone Concept by RAS Macalister),Q85396931,POINT(-9.687778 52.161944),UN[...]CC
Q70892889,CIIC 250 (Ogham Stone Concept by RAS Macalister),Q85396820,POINT(-9.771944 52.165833),CATTUVVIRR MAQI RITUVVECAS MUCOI ALLATO
Q70892894,CIIC 251 (Ogham Stone Concept by RAS Macalister),Q85396823,POINT(-9.5325 52.191667),VELITAS LUGUTTI
Q70892895,CIIC 252 (Ogham Stone Concept by RAS Macalister),Q85396933,POINT(-9.581944 52.226667),DUMELI MAQI GLASICONAS NIOTTA COBRANOR[IGAS]
Q70892897,CIIC 253 (Ogham Stone Concept by RAS Macalister),Q85396826,POINT(-9.540833 52.233611),GALEOTOS
Q70892906,CIIC 254 (Ogham Stone Concept by RAS Macalister),Q85396936,POINT(-9.540833 52.233611),MAQI RECTA
Q70892907,CIIC 255 (Ogham Stone Concept by RAS Macalister),Q85396900,POINT(-9.7575 52.124722),ANM VURUDDRANN MAQ[I] DOLIGENN CI[...]LA MAQ[Q?]I [..]BAGNI
Q70892910,CIIC 256 (Ogham Stone Concept by RAS Macalister),Q85396900,POINT(-9.7575 52.124722),ANM TEGANN MAAC DEGLANN
Q70892912,CIIC 257 (Ogham Stone Concept by RAS Macalister),Q85396834,POINT(-8.823889 52.4575),D[A]Q[U]MA MAQI RAGAVVECC
Q70892914,CIIC 258 (Ogham Stone Concept by RAS Macalister),Q85396837,POINT(-8.377222 52.381944),MAILAGNI MAQI GAMATI
Q70892917,CIIC 259 (Ogham Stone Concept by RAS Macalister),Q85396939,POINT(-8.562778 52.328611),IVAGENI MAQI LAISCEMITA
Q70892919,CIIC 260 (Ogham Stone Concept by RAS Macalister),Q85396941,POINT(-8.105278 52.275833),n/a
Q70892920,CIIC 261 (Ogham Stone Concept by RAS Macalister),Q85396903,POINT(-7.758056 52.221667),NETACUNAS MAQI LOBAC[CONA]
Q70892923,CIIC 263 (Ogham Stone Concept by RAS Macalister),Q85396905,POINT(-7.729167 51.944167),LUGUDECCAS MAQI [....MU]COI NETA-SEGAMONAS DOLATI BIGA-ISGOB[...
Q70892924,CIIC 264 (Ogham Stone Concept by RAS Macalister),Q85396905,POINT(-7.729167 51.944167),....] NACI MAQI [...
Q70892930,CIIC 265 (Ogham Stone Concept by RAS Macalister),Q85396905,POINT(-7.729167 51.944167),AMADU
Q70892932,CIIC 266 (Ogham Stone Concept by RAS Macalister),Q85396907,POINT(-7.848889 52.064444),COLLABOT MUCOI LUGA MAQI LOBACCONA
Q70892933,CIIC 267 (Ogham Stone Concept by RAS Macalister),Q85396907,POINT(-7.848889 52.064444),MEDUSI MACI LU MUCOI LUGA
Q70892935,CIIC 268 (Ogham Stone Concept by RAS Macalister),Q85396907,POINT(-7.848889 52.064444),CATTUVIR
Q70892937,CIIC 269 (Ogham Stone Concept by RAS Macalister),Q85396845,POINT(-7.755833 51.988333),MAQI MUCOI IVODACCA.
Q70892938,CIIC 270 (Ogham Stone Concept by RAS Macalister),Q85396847,POINT(-7.439167 52.133333),QRIT[....] MAQ[I LO]BACONA AVI NEAGRACOLINEA
Q70892940,CIIC 271 (Ogham Stone Concept by RAS Macalister),Q85396847,POINT(-7.439167 52.133333),NETAVROQI MAQI QIC[...
Q70892943,CIIC 272 (Ogham Stone Concept by RAS Macalister),Q85396849,POINT(-7.468056 52.163056),MANU MAGUNO GATI MOCOI MACORBO
Q70892944,CIIC 273 (Ogham Stone Concept by RAS Macalister),Q85396849,POINT(-7.468056 52.163056),CALUNOVIC[A] MAQI MUCOI LIT[ENI].
Q70892950,CIIC 274 (Ogham Stone Concept by RAS Macalister),Q85396849,POINT(-7.468056 52.163056),MAQI-INI[... MAQI QE]TTEAS.
Q70892951,CIIC 275 (Ogham Stone Concept by RAS Macalister),Q85396849,POINT(-7.468056 52.163056),CUNALEGEA MAQI C[....]SALAR CELI AVI QVECI
Q70892952,CIIC 276 (Ogham Stone Concept by RAS Macalister),Q85396849,POINT(-7.468056 52.163056),BIGU MAQI LAG[...
Q70892956,CIIC 277 (Ogham Stone Concept by RAS Macalister),Q85396849,POINT(-7.468056 52.163056),BIR MAQI MUCOI ROTTAIS
Q70892957,CIIC 278 (Ogham Stone Concept by RAS Macalister),Q85396849,POINT(-7.468056 52.163056),....]MAQI NE[TACUN]AS
Q70892959,CIIC 279 (Ogham Stone Concept by RAS Macalister),Q85396849,POINT(-7.468056 52.163056),DENAVEC[A MU]COI MEDALO.
Q70892962,CIIC 280 (Ogham Stone Concept by RAS Macalister),Q85396849,POINT(-7.468056 52.163056),BRO[INION]AS
Q70892964,CIIC 281 (Ogham Stone Concept by RAS Macalister),Q85396849,POINT(-7.468056 52.163056),DEAGOS MAQI MUCO[I......]NAI
Q70892966,CIIC 282 (Ogham Stone Concept by RAS Macalister),Q85396851,POINT(-7.495 52.155278),AVI DAIMAGNI
Q70892968,CIIC 283 (Ogham Stone Concept by RAS Macalister),Q85396944,POINT(-7.483333 52.191389),GOSOCTAS MUCOI MACORBO
Q70892970,CIIC 284 (Ogham Stone Concept by RAS Macalister),Q85396944,POINT(-7.483333 52.191389),MELAGIA
Q70892972,CIIC 285 (Ogham Stone Concept by RAS Macalister),Q85396852,POINT(-7.544722 52.110278),BIVODON MUCOI ATAR
Q70892975,CIIC 286 (Ogham Stone Concept by RAS Macalister),Q85396854,POINT(-7.549722 52.090556),[CU]NAMAQI LUGUDECA MUC[OI] CUNEA
Q70892978,CIIC 287 (Ogham Stone Concept by RAS Macalister),Q85396854,POINT(-7.549722 52.090556),NISIGNI MAQI ER[......]I
Q70892979,CIIC 288 (Ogham Stone Concept by RAS Macalister),Q85396854,POINT(-7.549722 52.090556),DEBRANI MAQI ELTI AVI OGATOS
Q70892982,CIIC 289 (Ogham Stone Concept by RAS Macalister),Q85396854,POINT(-7.549722 52.090556),...]VAGNI MUCOI CUNIA
Q70892984,CIIC 290 (Ogham Stone Concept by RAS Macalister),Q85396854,POINT(-7.549722 52.090556),MAQI E[..
Q70892987,CIIC 291 (Ogham Stone Concept by RAS Macalister),Q85396911,POINT(-7.804444 52.1025),n/a
Q70892992,CIIC 292 (Ogham Stone Concept by RAS Macalister),Q85396914,POINT(-7.6 52.111389),....]ER[A]T[I] M[U]C[OI] NETA-S[EGAM]ONAS
Q70892993,CIIC 293 (Ogham Stone Concept by RAS Macalister),Q85396914,POINT(-7.6 52.111389),...]RG[...]BRCEN[...
Q70892996,CIIC 294 (Ogham Stone Concept by RAS Macalister),Q85396914,POINT(-7.6 52.111389),CORB
Q70892999,CIIC 295 (Ogham Stone Concept by RAS Macalister),Q85396914,POINT(-7.6 52.111389),Q[E]CC[IAS] M[U]C[OI B]R[O]E[NIONAS]
Q70893002,CIIC 296 (Ogham Stone Concept by RAS Macalister),Q85396914,POINT(-7.6 52.111389),...]CIR MAQI MUC[...
Q70893003,CIIC 297 (Ogham Stone Concept by RAS Macalister),Q85396914,POINT(-7.6 52.111389),VORTIGURN
Q70893005,CIIC 298 (Ogham Stone Concept by RAS Macalister),Q85396914,POINT(-7.6 52.111389),VEDABAR M[A]Q[.....]LSM MOCOI ORD[....]REA.
Q70893008,CIIC 299 (Ogham Stone Concept by RAS Macalister),Q85396914,POINT(-7.6 52.111389),[MAQI?] MOŊEDIAS MAQI MUIBITI
Q70893010,CIIC 300 (Ogham Stone Concept by RAS Macalister),Q85396859,POINT(-7.59 52.160833),CUNNETAS MAQI GOC[OI] NETA-SEGAMONAS
Q70893016,CIIC 301 (Ogham Stone Concept by RAS Macalister),Q85396862,POINT(-7.746944 52.267222),DOMOKI
Q70893017,CIIC 302 (Ogham Stone Concept by RAS Macalister),Q85396997,POINT(-7.226667 52.185),CUMNI MAQI MUCOI VALUVI
Q70893020,CIIC 303 (Ogham Stone Concept by RAS Macalister),Q85396916,POINT(-7.385 52.311111),CATABAR MOCO VIRICORB
Q70893023,CIIC 304 (Ogham Stone Concept by RAS Macalister),Q85396978,POINT(-7.391111 52.330556),VOCAGNI MAQI CUR(I)T
Q70893024,CIIC 305 (Ogham Stone Concept by RAS Macalister),Q85396866,POINT(-7.379167 52.324167),n/a
Q70893028,CIIC 306 (Ogham Stone Concept by RAS Macalister),Q85396870,POINT(-7.511667 52.326389),LUGUDI MAQI L..D...QA MOCOI DONM(A)
Q70893030,CIIC 307 (Ogham Stone Concept by RAS Macalister),Q85396919,POINT(-7.487778 52.341944),MODDAGN[I] MAQI GATTAGN[I] MUCOI LUGUNI
Q70893035,CIIC 308 (Ogham Stone Concept by RAS Macalister),Q85396919,POINT(-7.487778 52.341944),n/a
Q70893037,CIIC 309 (Ogham Stone Concept by RAS Macalister),Q85392806,POINT(-6.183333 54.803056),TORAESCEUSAS MAQI MUCOI MEUTINI
Q70893044,CIIC 310 (Ogham Stone Concept by RAS Macalister),Q85392806,POINT(-6.183333 54.803056),CAGINADI MAQI VOBARACI
Q70893046,CIIC 311 (Ogham Stone Concept by RAS Macalister),Q85392810,POINT(-6.655278 54.307222),DINEGLO MAQI QETAIS
Q70893047,CIIC 312 (Ogham Stone Concept by RAS Macalister),Q85392813,POINT(-6.954444 53.805),OSBBAR
Q70893050,CIIC 313 (Ogham Stone Concept by RAS Macalister),Q85392823,POINT(-7.209444 53.794444),OVOMAN(I?)
Q70893052,CIIC 314 (Ogham Stone Concept by RAS Macalister),Q85392816,POINT(-7.871111 54.608611),n/a
Q106675309,ANGAP/1 (Ogham Stone Concept by CISP),Q85394130,POINT(-10.063056 52.159167),--]TAQMAQO[--
Q106675312,ARDCT/2 (Ogham Stone Concept by CISP),Q85396815,POINT(-9.733611 52.165556),LMCBLTCL 
Q106675313,ARDFE/1 (Ogham Stone Concept by CISP),Q85394024,POINT(-9.772778 52.328889),CT[A]N[--] 
Q106675314,ARDNE/1 (Ogham Stone Concept by CISP),Q85394026,POINT(-10.049167 52.143056),--][D!]ITA[V!][--
Q106675315,ARRAG/1 (Ogham Stone Concept by CISP),Q85394028,POINT(-10.236944 52.2675),QRIMITIRON 
Q106675316,AUTAG/1 (Ogham Stone Concept by CISP),Q85394004,POINT(-9.088056 51.770833),UBEDABOALTASI
Q106675318,AYWAG/1 (Ogham Stone Concept by CISP),Q85396974,POINT(-9.662778 52.147778),COVTET
Q106675319,BABOR/1 (Ogham Stone Concept by CISP),Q85393914,POINT(-8.453333 52.010278),--]UIVAIBES 
Q106675320,BABOR/2 (Ogham Stone Concept by CISP),Q85393914,POINT(-8.453333 52.010278),MAILAGN[I]
Q106675321,BAHAN/1 (Ogham Stone Concept by CISP),Q85394010,POINT(-8.608333 51.838611),--]LLMAQIVORRTIGURN
Q106675322,BAHAN/2 (Ogham Stone Concept by CISP),Q85394010,POINT(-8.608333 51.838611),CORBAGNI 
Q106675323,BAHAN/3 (Ogham Stone Concept by CISP),Q85394010,POINT(-8.608333 51.838611),SACATTI 
Q106675324,BAHAN/4 (Ogham Stone Concept by CISP),Q85394010,POINT(-8.608333 51.838611),ABULCCAGNI
Q106675326,BAHAN/5 (Ogham Stone Concept by CISP),Q85394010,POINT(-8.608333 51.838611),MAQIESE 
Q106675328,BAHAN/6 (Ogham Stone Concept by CISP),Q85394010,POINT(-8.608333 51.838611),DILOGONN
Q106675329,BAKNK/1 (Ogham Stone Concept by CISP),Q85394270,POINT(-8.071111 52.026944),MAILAGUROMAQ[I][--]VILEB[--
Q106675330,BAKNK/10 (Ogham Stone Concept by CISP),Q85394270,POINT(-8.071111 52.026944),BLATEGSI
Q106675331,BAKNK/11 (Ogham Stone Concept by CISP),Q85394270,POINT(-8.071111 52.026944),ACTOMAQI 
Q106675332,BAKNK/12 (Ogham Stone Concept by CISP),Q85394270,POINT(-8.071111 52.026944),ERCAIDANA
Q106675333,BAKNK/13 (Ogham Stone Concept by CISP),Q85394270,POINT(-8.071111 52.026944),DOMMOMACIVEDUCERI
Q106675334,BAKNK/14 (Ogham Stone Concept by CISP),Q85394270,POINT(-8.071111 52.026944),ANMMEDDOGENI
Q106675335,BAKNK/15 (Ogham Stone Concept by CISP),Q85394270,POINT(-8.071111 52.026944),COVALOTI
Q106675336,BAKNK/2 (Ogham Stone Concept by CISP),Q85394270,POINT(-8.071111 52.026944),LAMADILICCIMACMAI 
Q106675337,BAKNK/3 (Ogham Stone Concept by CISP),Q85394270,POINT(-8.071111 52.026944),ERACOBIMAQIERAQETAI
Q106675338,BAKNK/4 (Ogham Stone Concept by CISP),Q85394270,POINT(-8.071111 52.026944),GRILAGNIMAQISCILAGNI
Q106675339,BAKNK/5 (Ogham Stone Concept by CISP),Q85394270,POINT(-8.071111 52.026944),CLIUCOANA 
Q106675340,BAKNK/6 (Ogham Stone Concept by CISP),Q85394270,POINT(-8.071111 52.026944),DRUTIQULIMAQIMAQIRODAGNI
Q106675341,BAKNK/7 (Ogham Stone Concept by CISP),Q85394270,POINT(-8.071111 52.026944),BRANANMAQIOQOLI
Q106675343,BAKNK/8 (Ogham Stone Concept by CISP),Q85394270,POINT(-8.071111 52.026944),BOGAIMAQIB 
Q106675345,BAKNK/9 (Ogham Stone Concept by CISP),Q85394270,POINT(-8.071111 52.026944),CRONUNMACBAIT
Q106675346,BALBA/1 (Ogham Stone Concept by CISP),Q106626868,POINT(-6.43833 53.98278),MAQICOR[A]B[I]RM[A]Q[I]TAN[.]B!][-- 
Q106675347,BALBO/1 (Ogham Stone Concept by CISP),Q69378747,POINT(-7.231111 52.471944),CORBI{K}OIMAQILABRID[--
Q106675348,BALBR/1 (Ogham Stone Concept by CISP),Q106628064,POINT(-9.746467 52.32801),GLANNANIMAQ 
Q106675349,BALEE/1 (Ogham Stone Concept by CISP),Q85393961,POINT(-10.2075 52.140556),MOINENAMAQIOLACON
Q106675350,BALGH/1 (Ogham Stone Concept by CISP),Q85391707,POINT(-6.720556 52.250556),[--]
Q106675351,BALIG/1 (Ogham Stone Concept by CISP),Q85394310,POINT(-10.386111 52.176111),DUBONIRRAS 
Q106675352,BALIG/2 (Ogham Stone Concept by CISP),Q85394310,POINT(-10.386111 52.176111),MAQQIQUETTI 
Q106675353,BALIG/3 (Ogham Stone Concept by CISP),Q85394310,POINT(-10.386111 52.176111),GRAVICASMAQI 
Q106675354,BALIG/4 (Ogham Stone Concept by CISP),Q85394310,POINT(-10.386111 52.176111),BROINIONAS
Q106675355,BALIG/5 (Ogham Stone Concept by CISP),Q85394310,POINT(-10.386111 52.176111),LUBBAISMAQQIDUN[--]S
Q106675356,BALIG/6 (Ogham Stone Concept by CISP),Q85394310,POINT(-10.386111 52.176111),CCICAMINIMAQQICATTINI
Q106675357,BALIG/7 (Ogham Stone Concept by CISP),Q85394310,POINT(-10.386111 52.176111),CUNAMAQQICORBBIMAQQ 
Q106675358,BALIG/8 (Ogham Stone Concept by CISP),Q85394310,POINT(-10.386111 52.176111),[--]
Q106675359,BARHA/1 (Ogham Stone Concept by CISP),Q69378412,POINT(-8.818333 52.015833),CARRTTACCGAQIMUCAGG[I]
Q106675360,BAROG/1 (Ogham Stone Concept by CISP),Q85391668,POINT(-6.476667 53.845),BRONOGENI
Q106675361,BAVEL/1 (Ogham Stone Concept by CISP),Q85396997,POINT(-7.226667 52.185),CUMNI 
Q106675362,BAWGL/1 (Ogham Stone Concept by CISP),Q85396897,POINT(-9.438889 52.1425),--]QET[IA]SM[A]QTRENIL[U][--
Q106675363,BAYEL/1 (Ogham Stone Concept by CISP),Q85396834,POINT(-8.823889 52.4575),--]D[-]QMAMAQI 
Q106675365,BCARE/1 (Ogham Stone Concept by CISP),Q85391685,POINT(-6.608898 52.947012),VOTI
Q106675366,BDREN/1 (Ogham Stone Concept by CISP),Q85395515,POINT(-10.0375 52.165833),--][MAQI]DROGNOMU[COI][--
Q106675367,BDREN/2 (Ogham Stone Concept by CISP),Q85395515,POINT(-10.0375 52.165833),IRCCITOS
Q106675369,BGARR/1 (Ogham Stone Concept by CISP),Q85396837,POINT(-8.377222 52.381944),MAILAGNIMAQIGAMATI
Q106675370,BGLAS/1 (Ogham Stone Concept by CISP),Q85391683,POINT(-6.624444 52.966389),--]CCIMAQ[--
Q106675371,BHILL/1 (Ogham Stone Concept by CISP),Q85396931,POINT(-9.687778 52.161944),--]UN[--]CC[--
Q106675372,BIISL/1 (Ogham Stone Concept by CISP),Q85393915,POINT(-8.360556 52.008611),--]OLAGNIMAQ[--
Q106675373,BLHER/1 (Ogham Stone Concept by CISP),Q85395552,POINT(-10.159444 52.186944),COIMAGNIMAQIVI 
Q106675374,BLHUN/1 (Ogham Stone Concept by CISP),Q85395518,POINT(-10.029722 52.1875),DUGENNGGI 
Q106675375,BLNIG/1 (Ogham Stone Concept by CISP),Q85393959,POINT(-10.382222 52.166667),LUGUQRITMA[QI] 
Q106675376,BLTAG/1 (Ogham Stone Concept by CISP),Q85393964,POINT(-10.031111 52.1725),AKEVRITTI
Q106675377,BLTAG/2 (Ogham Stone Concept by CISP),Q85393964,POINT(-10.031111 52.1725),MAQQIIARIKIMA 
Q106675378,BLTAG/3 (Ogham Stone Concept by CISP),Q85393964,POINT(-10.031111 52.1725),DOVETIMAQQI 
Q106675379,BLTAG/4 (Ogham Stone Concept by CISP),Q85393964,POINT(-10.031111 52.1725),SUVALLOSMAQ 
Q106675380,BLTAG/5 (Ogham Stone Concept by CISP),Q85393964,POINT(-10.031111 52.1725),MAQIDECCEDA 
Q106675382,BLTAG/6 (Ogham Stone Concept by CISP),Q85393964,POINT(-10.031111 52.1725),TRIAMAQAMAILAGNI
Q106675383,BLTAG/7 (Ogham Stone Concept by CISP),Q85393964,POINT(-10.031111 52.1725),INISSIONAS
Q106675384,BLTAG/8 (Ogham Stone Concept by CISP),Q85393964,POINT(-10.031111 52.1725),CUNAMAQQIA 
Q106675385,BLTAG/9 (Ogham Stone Concept by CISP),Q85393964,POINT(-10.031111 52.1725),NETTALAMINACCAKO 
Q106675386,BLTER/1 (Ogham Stone Concept by CISP),Q85395620,POINT(-10.031389 52.155278),VOENACUNASM[--
Q106675388,BLTER/2 (Ogham Stone Concept by CISP),Q85395620,POINT(-10.031389 52.155278),[DGW!]OGNO
Q106675389,BLVOO/1 (Ogham Stone Concept by CISP),Q85396847,POINT(-7.439167 52.133333),QRIT[-- 
Q106675390,BLVOO/2 (Ogham Stone Concept by CISP),Q85396847,POINT(-7.439167 52.133333),NETAVRO 
Q106675391,BLYGH/1 (Ogham Stone Concept by CISP),Q85395592,POINT(-10.3275 52.151389),QENILOCIMAQIMAQIAINIAMUC[--
Q106675392,BQUIN/1 (Ogham Stone Concept by CISP),Q85396916,POINT(-7.385 52.311111),CATABARMOCOVIRICORB
Q106675393,BRAGH/1 (Ogham Stone Concept by CISP),Q85395517,POINT(-10.323333 52.160556),[--]
Q106675394,BRAGH/2 (Ogham Stone Concept by CISP),Q85395517,POINT(-10.323333 52.160556),MAQ[U!]LIAGMAQI 
Q106675395,BRCKN/1 (Ogham Stone Concept by CISP),Q85395554,POINT(-10.036389 52.146944),--][MAQ]QIMUCC[OI][--
Q106675396,BREAS/1 (Ogham Stone Concept by CISP),Q85390394,POINT(-9.248056 54.248611),L[E]GG[--]SD[--]LEGwESCAD
Q106675398,BRHAM/1 (Ogham Stone Concept by CISP),Q85395594,POINT(-10.306944 52.125833),MAQQIERCCIASMAQQIMUCOIDOVINIA
Q106675399,BRHKL/1 (Ogham Stone Concept by CISP),Q106628062,POINT(-9.736282 52.067482),--]MAQ[--]LUG[--
Q106675400,BRMOU/1 (Ogham Stone Concept by CISP),Q85395555,POINT(-10.159444 52.186944),nan
Q106675401,BURGA/1 (Ogham Stone Concept by CISP),Q85393931,POINT(-9.0125 51.577778),--][Q][--
Q106675402,BURNF/1 (Ogham Stone Concept by CISP),Q85393991,POINT(-8.599444 52.068056),SAGITTARI
Q106675403,BWEEN/1 (Ogham Stone Concept by CISP),Q85395519,POINT(-10.400833 52.155833),TOGITACCMAQISAGARET 
Q106675404,CAMP/1 (Ogham Stone Concept by CISP),Q85395556,POINT(-9.910278 52.215),{C}O{N}U{N}E{TTM}O{Q}I{C}O{N}U{R}I
Q106675405,CAMP/2 (Ogham Stone Concept by CISP),Q85395556,POINT(-9.910278 52.215),--]CCILARIAV[I][--]COIVAG[--
Q106675406,CARHA/1 (Ogham Stone Concept by CISP),Q85393926,POINT(-8.956111 51.688333),DOMNGEN
Q106675407,CARHA/2 (Ogham Stone Concept by CISP),Q85393926,POINT(-8.956111 51.688333),CONANNM[...]S[--
Q106675408,CARHA/3 (Ogham Stone Concept by CISP),Q85393926,POINT(-8.956111 51.688333),SCAMAGNI
Q106675409,CARIN/1 (Ogham Stone Concept by CISP),Q85395576,POINT(-10.166667 51.921111),ANMCALUMANNMAQ[--
Q106675410,CHFLD/1 (Ogham Stone Concept by CISP),Q106628058,POINT(-10.170106 52.140298),[--]
Q106675411,CHLAR/1 (Ogham Stone Concept by CISP),Q85391656,POINT(-7.150556 52.651389),TASEGAGNI 
Q106675412,CHUIS/1 (Ogham Stone Concept by CISP),Q106626870,POINT(-10.2832 51.9376),BECCDINNMACI 
Q106675414,CLCAH/1 (Ogham Stone Concept by CISP),Q85395549,POINT(-10.176944 51.894167),D[...]A[.C.]AVIDALAGNI [--
Q106675415,CLHEE/1 (Ogham Stone Concept by CISP),Q106628049,POINT(-9.134153 51.904032),[--]
Q106675416,CLMAC/152 (Ogham Stone Concept by CISP),Q106628033,POINT(-7.985726 53.326779),BOCHT
Q106675417,CLMAC/262 (Ogham Stone Concept by CISP),Q106628033,POINT(-7.985726 53.326779),NADAV[--
Q106675418,CLMOR/1 (Ogham Stone Concept by CISP),Q85391717,POINT(-6.573611 52.826389),--]RENI
Q106675419,CLMOR/2 (Ogham Stone Concept by CISP),Q85391717,POINT(-6.573611 52.826389),[--]
Q106675422,COHIL/1 (Ogham Stone Concept by CISP),Q85395548,POINT(-9.421389 52.566667),--MA]Q[I]BROCI
Q106675423,COLIN/1 (Ogham Stone Concept by CISP),Q85391762,POINT(-6.756389 53.031111),OVANOSAVII 
Q106675420,CLOOM/1 (Ogham Stone Concept by CISP),Q85390407,POINT(-7.870556 53.816389),nan
Q106675421,COBOY/1 (Ogham Stone Concept by CISP),Q85396820,POINT(-9.771944 52.165833),CATTUVVIRRMAQIRIT 
Q106675424,COLIN/2 (Ogham Stone Concept by CISP),Q85391762,POINT(-6.756389 53.031111),MAQIDDE[CCEDA] 
Q106675425,COLIN/3 (Ogham Stone Concept by CISP),Q85391762,POINT(-6.756389 53.031111),--]MAQQICOLLABOTA
Q106675426,COLIN/4 (Ogham Stone Concept by CISP),Q85391762,POINT(-6.756389 53.031111),--]EGNIKOIMAQIMUC 
Q106675427,COLIN/5 (Ogham Stone Concept by CISP),Q85391762,POINT(-6.756389 53.031111),AV[.]S[.]MAQV[.]S
Q106675428,COLIN/6 (Ogham Stone Concept by CISP),Q85391762,POINT(-6.756389 53.031111),--]UR[--
Q106675429,COLIN/7 (Ogham Stone Concept by CISP),Q85391762,POINT(-6.756389 53.031111),--]LA
Q106675430,COOGH/1 (Ogham Stone Concept by CISP),Q85394077,POINT(-8.823889 51.955833),ANMCORREMAQVIUDD[...]METT
Q106675431,COOGH/2 (Ogham Stone Concept by CISP),Q85394077,POINT(-8.823889 51.955833),ANMN[ETAC]U[N]AS[CE]L[I]VIDETTAS
Q106675432,COOLE/1 (Ogham Stone Concept by CISP),Q85395579,POINT(-10.365556 51.912222),L[OGIT]TIMAQIERPENN
Q106675433,COOLE/2 (Ogham Stone Concept by CISP),Q85395579,POINT(-10.365556 51.912222),--]ERLONNAMAQIR[U]T[ENI]
Q106675435,COOLH/1 (Ogham Stone Concept by CISP),Q85393945,POINT(-9.026388888 51.841944444),VEQOANAIMAQIEQOD[--
Q106675436,COOLM/1 (Ogham Stone Concept by CISP),Q69379704,POINT(-9.642778 52.061111),DEGO{S}MAQIMOCOITOICAKI
Q106675437,COOLM/2 (Ogham Stone Concept by CISP),Q69379704,POINT(-9.642778 52.061111),MAQIRITEASMAQIMAQIDDUMILEAS 
Q106675438,COOLM/3 (Ogham Stone Concept by CISP),Q69379704,POINT(-9.642778 52.061111),CUNACENA
Q106675439,COOLM/4 (Ogham Stone Concept by CISP),Q69379704,POINT(-9.642778 52.061111),MAQITTALMAQIVORGOSMA 
Q106675440,COOLM/5 (Ogham Stone Concept by CISP),Q69379704,POINT(-9.642778 52.061111),--]MC[--]GE[--] 
Q106675441,COOLM/6 (Ogham Stone Concept by CISP),Q69379704,POINT(-9.642778 52.061111),NIOTTVRECCMAQI[-- 
Q106675442,COOLM/7 (Ogham Stone Concept by CISP),Q69379704,POINT(-9.642778 52.061111),MAQIDECEDAMAQ[--
Q106675443,COOLN/1 (Ogham Stone Concept by CISP),Q85394074,POINT(-8.539722 51.957778),nan
Q106675444,COOME/1 (Ogham Stone Concept by CISP),Q85394096,POINT(-9.283611 51.733056),nan
Q106675445,CORRO/1 (Ogham Stone Concept by CISP),Q85390388,POINT(-9.083889 54.074444),--MA]QCERAN[I] 
Q106675446,COTTS/1 (Ogham Stone Concept by CISP),Q85391675,POINT(-6.4275 52.215278),IARNI
Q106675447,COUME/1 (Ogham Stone Concept by CISP),Q85395557,POINT(-10.458333 52.111944),nan
Q106675451,CRAG/1 (Ogham Stone Concept by CISP),Q85396823,POINT(-9.5325 52.191667),VELITASLUGUTTI
Q106675452,CRCOM/1 (Ogham Stone Concept by CISP),Q85392806,POINT(-6.183333 54.803056),TORAESCEUSASMAQIMUCOIMEUTINI
Q106675453,CRCOM/2 (Ogham Stone Concept by CISP),Q85392806,POINT(-6.183333 54.803056),CAGINADIMAQIVOBARACI
Q106675454,CREHS/1 (Ogham Stone Concept by CISP),Q85396978,POINT(-7.391111 52.330556),VOCAGNI 
Q106675455,CRGHH/1 (Ogham Stone Concept by CISP),Q85396866,POINT(-7.379167 52.324167),[--]
Q106675456,CRGUL/1 (Ogham Stone Concept by CISP),Q85393943,POINT(-8.909167 52.0075),DOVETI[MA]Q[I]LOCARENAS 
Q106675457,CRNLO/1 (Ogham Stone Concept by CISP),Q85393948,POINT(-8.928056 52.066667),SECIDARI
Q106675458,CRSER/1 (Ogham Stone Concept by CISP),Q106628048,POINT(-9.132804 51.792584),--]AF[M!]OLA[--
Q106675459,CSKEE/1 (Ogham Stone Concept by CISP),Q85391673,POINT(-6.96 53.735833),[COV]AGNIMAQ 
Q106675460,CSMO/1 (Ogham Stone Concept by CISP),Q85391708,POINT(-6.063611 52.909167),NETACARINETACAGI
Q106675461,CSTGR/1 (Ogham Stone Concept by CISP),Q106628035,POINT(-6.74288 52.762953),[--]
Q106675462,CURMO/1 (Ogham Stone Concept by CISP),Q85395570,POINT(-9.621667 52.208611),ANMMAGANNMAQINUADAT
Q106675463,DEELI/1 (Ogham Stone Concept by CISP),Q85393938,POINT(-8.887778 51.940833),[COLAB]OTMAQIMAQIRI 
Q106675466,DEGAS/1 (Ogham Stone Concept by CISP),Q85395602,POINT(-9.746667 51.91),ANMCRUNANMAQLUQIN
Q106675467,DENAN/1 (Ogham Stone Concept by CISP),Q85395573,POINT(-10.122222 51.773056),ANMLLATIGNIMAQM[I]N[E]RCM[UCOI] 
Q106675468,DERIV/1 (Ogham Stone Concept by CISP),Q85395535,POINT(-9.665 51.974444),S[M][--]BNAGMA[Q]Q 
Q106675469,DINGL/1 (Ogham Stone Concept by CISP),Q85395597,POINT(-10.27 52.14),--][E!]TORIGAS
Q106675471,DKEAR/1 (Ogham Stone Concept by CISP),Q85395550,POINT(-10.113611 51.848056),TIDONN[A]MAQDOMNGINN
Q106675472,DNARD/1 (Ogham Stone Concept by CISP),Q85391710,POINT(-6.617778 53.016944),IA[Q]INIKOI 
Q106675473,DNBUL/1 (Ogham Stone Concept by CISP),Q85393918,POINT(-8.452778 51.980833),DOCRANORI
Q106675474,DNMOR/1 (Ogham Stone Concept by CISP),Q85391654,POINT(-6.551111 53.375278),NETTAVRECC 
Q106675475,DNWAY/1 (Ogham Stone Concept by CISP),Q106628046,POINT(-9.112042 51.714579),MOESAC
Q106675476,DNWAY/2 (Ogham Stone Concept by CISP),Q106628046,POINT(-9.112042 51.714579),MOUNIN
Q106675477,DNWAY/3 (Ogham Stone Concept by CISP),Q106628046,POINT(-9.112042 51.714579),[A]DARUNM[A]CICOLAL[I]
Q106675478,DOOGH/1 (Ogham Stone Concept by CISP),Q85390429,POINT(-9.87 53.746389),--][OVIMAQI][--
Q106675479,DRCOM/1 (Ogham Stone Concept by CISP),Q85392810,POINT(-6.655278 54.307222),DINEGLO 
Q106675480,DRLUS/1 (Ogham Stone Concept by CISP),Q85395540,POINT(-9.786667 51.881111),CATVVIRRMAQILUGUVVEC
Q106675481,DROMR/1 (Ogham Stone Concept by CISP),Q85396907,POINT(-7.848889 52.064444),COLLABOTMUCOILUGA 
Q106675482,DROMR/2 (Ogham Stone Concept by CISP),Q85396907,POINT(-7.848889 52.064444),MEDUSIMACILU 
Q106675484,DROMR/3 (Ogham Stone Concept by CISP),Q85396907,POINT(-7.848889 52.064444),CATTUVIR
Q106675485,DROUK/1 (Ogham Stone Concept by CISP),Q85395543,POINT(-9.525833 51.885278),MO{GW}UNILOCIDMAQIALOTTO
Q106675486,DRUML/1 (Ogham Stone Concept by CISP),Q85396849,POINT(-7.468056 52.163056),MANUMAGUNOGATIMOC 
Q106675487,DRUML/10 (Ogham Stone Concept by CISP),Q85396849,POINT(-7.468056 52.163056),SOVALINI
Q106675488,DRUML/2 (Ogham Stone Concept by CISP),Q85396849,POINT(-7.468056 52.163056),CALUNOVIC 
Q106675489,DRUML/3 (Ogham Stone Concept by CISP),Q85396849,POINT(-7.468056 52.163056),MAQIINI[--] 
Q106675490,DRUML/4 (Ogham Stone Concept by CISP),Q85396849,POINT(-7.468056 52.163056),CUNALEGEAMAQIC 
Q106675491,DRUML/5 (Ogham Stone Concept by CISP),Q85396849,POINT(-7.468056 52.163056),BIGUMAQI 
Q106675492,DRUML/6 (Ogham Stone Concept by CISP),Q85396849,POINT(-7.468056 52.163056),BIRMAQIMUCOI 
Q106675493,DRUML/7 (Ogham Stone Concept by CISP),Q85396849,POINT(-7.468056 52.163056),--]MAQINE 
Q106675494,DRUML/8 (Ogham Stone Concept by CISP),Q85396849,POINT(-7.468056 52.163056),DENAVEC 
Q106675495,DRUML/9 (Ogham Stone Concept by CISP),Q85396849,POINT(-7.468056 52.163056),BRO[INION]AS
Q106675496,DRUMM/1 (Ogham Stone Concept by CISP),Q85390417,POINT(-8.362222 53.84),CUNOVATO
Q106675497,DUNAL/1 (Ogham Stone Concept by CISP),Q85392833,POINT(-6.744444 55.116667),BROCAGNIMAQIMU
Q106675498,DUNB/1 (Ogham Stone Concept by CISP),Q85391719,POINT(-7.172222 52.617778),BRAN[I]TTASM[A]QIDUCR[I]DDA
Q106675499,DUNB/2 (Ogham Stone Concept by CISP),Q85391719,POINT(-7.172222 52.617778),NAVALLOAVVIGENITTAC[--
Q106675501,DUNGM/1 (Ogham Stone Concept by CISP),Q85392823,POINT(-7.209444 53.794444),OVOMAN[I]
Q106675502,EMLGE/1 (Ogham Stone Concept by CISP),Q85395559,POINT(-10.228056 52.133056),BRUSCCOSMAQQICALI 
Q106675503,EMLGW/1 (Ogham Stone Concept by CISP),Q85395521,POINT(-10.270556 52.135278),nan
Q106675504,FARAN/1 (Ogham Stone Concept by CISP),Q106628057,POINT(-10.269408 52.139327),[--]
Q106675505,FIDUP/1 (Ogham Stone Concept by CISP),Q85391658,POINT(-7.036389 52.518889),DRUGNOMAQIMU 
Q106675506,FKWOO/1 (Ogham Stone Concept by CISP),Q85393998,POINT(-9.935278 51.712222),MAQIDECCEDDASAVITURANIAS
Q106675508,FORTW/1 (Ogham Stone Concept by CISP),Q85394087,POINT(-9.724167 52.362778),ANMVEDLLOIGOIMACI 
Q106675509,FOXCA/1 (Ogham Stone Concept by CISP),Q85396851,POINT(-7.495 52.155278),--]AVIDAIMAGNI
Q106675510,GAMIL/1 (Ogham Stone Concept by CISP),Q85396944,POINT(-7.483333 52.191389),GOSOCTASMUCOIMACORBO
Q106675511,GAMIL/2 (Ogham Stone Concept by CISP),Q85396944,POINT(-7.483333 52.191389),MELAGIA
Q106675512,GARES/1 (Ogham Stone Concept by CISP),Q69385525,POINT(-8.761667 51.816389),C[A]SSITT[A]SMAQ 
Q106675513,GEARS/1 (Ogham Stone Concept by CISP),Q106628051,POINT(-9.765716 51.889059),BRANADDOVMAMAQIQOLIMUCOIDOVI[--
Q106675514,GLEBE/1 (Ogham Stone Concept by CISP),Q85394021,POINT(-9.115 51.849444),LI[T]UBIRIMAQI 
Q106675515,GLEBE/2 (Ogham Stone Concept by CISP),Q85394021,POINT(-9.115 51.849444),LACAVAGNI[--
Q106675516,GLEBE/3 (Ogham Stone Concept by CISP),Q85394021,POINT(-9.115 51.849444),VAITEVIA
Q106675517,GLEWI/1 (Ogham Stone Concept by CISP),Q85393995,POINT(-8.175556 51.969444),COLOMAGN[A!][.]V[.]DUC[A!][R.]
Q106675518,GLEWI/2 (Ogham Stone Concept by CISP),Q85393995,POINT(-8.175556 51.969444),LODIM[O]NI
Q106675519,GLHAN/1 (Ogham Stone Concept by CISP),Q85395523,POINT(-10.437222 52.103333),LMCBDV
Q106675522,GLLOG/1 (Ogham Stone Concept by CISP),Q85394126,POINT(-8.866111 51.991111),CUNAGUSSOS{U}MA[..] 
Q106675523,GLNMO/1 (Ogham Stone Concept by CISP),Q85395522,POINT(-10.159444 52.186944),GANICCA
Q106675524,GLSHS/1 (Ogham Stone Concept by CISP),Q106628068,POINT(-8.538435 52.031405),[--]
Q106675525,GORGH/1 (Ogham Stone Concept by CISP),Q85395524,POINT(-10.126667 52.140833),MAQQIDECEDDA 
Q106675526,GOUR/1 (Ogham Stone Concept by CISP),Q85394098,POINT(-9.981667 51.628889),[CARI]
Q106675527,GOWRN/1 (Ogham Stone Concept by CISP),Q85391704,POINT(-7.066111 52.6325),MAQIERAC[I]AS 
Q106675528,GRANG/1 (Ogham Stone Concept by CISP),Q85396845,POINT(-7.755833 51.988333),--DI]MAQIMUCOI 
Q106675529,GRENL/1 (Ogham Stone Concept by CISP),Q72006007,POINT(-8.601944 52.081111),T[R]EN[UMA]QIMUCOIQRITTI
Q106675530,GRENL/2 (Ogham Stone Concept by CISP),Q72006007,POINT(-8.601944 52.081111),CATTUBUTTASMA[Q--
Q106675531,GRISL/1 (Ogham Stone Concept by CISP),Q85391722,POINT(-6.6177 52.1173),LON[.]MI 
Q106675534,GURAN/1 (Ogham Stone Concept by CISP),Q85396933,POINT(-9.581944 52.226667),DUMELIMAQIGL 
Q106675535,HLAND/1 (Ogham Stone Concept by CISP),Q85391680,POINT(-6.887778 52.161389),SEDAN[IMAQQI 
Q67510124,CIIC 38 (Ogham Stone Concept by RAS Macalister),Q69378747,POINT(-7.231111 52.471944),CORBI KOI MAQI LABRID [...
Q67978531,CIIC 203 (Ogham Stone Concept by RAS Macalister),Q69379704,POINT(-9.642778 52.061111),MAQI-DECEDA MAQ̣[...
Q67978531,CIIC 203 (Ogham Stone Concept by RAS Macalister),Q69379704,POINT(-9.642778 52.061111),MAQI-DECEDA MAQ̣[I]
Q69377850,CIIC 103 (Ogham Stone Concept by RAS Macalister),Q69378412,POINT(-8.818333 52.015833),CARRTTACC GAQI MU CAGG[I]
Q69383434,CIIC 115 (Ogham Stone Concept by RAS Macalister),Q69383268,POINT(-8.794722 51.868056),CULRIGAI MAQI MENUMAQ[I]
Q69385241,CIIC 117 (Ogham Stone Concept by RAS Macalister),Q69383268,POINT(-8.794722 51.868056),COLLOS
Q69385424,CIIC 81 (Ogham Stone Concept by RAS Macalister),Q69385525,POINT(-8.761667 51.816389),C[A]SSITT[A]S MAQI MUCOI CALLITI
Q70382438,CIIC 116 (Ogham Stone Concept by RAS Macalister),Q69383268,POINT(-8.794722 51.868056),BRANI MAQQI MUCC[OI......]R[A]L[...
Q70382440,CIIC 113 (Ogham Stone Concept by RAS Macalister),Q69383268,POINT(-8.794722 51.868056),VEQIKAMI MAQI LUGUNI
Q70885690,CIIC 89 (Ogham Stone Concept by RAS Macalister),Q85394270,POINT(-8.071111 52.026944),BOGAI MAQI BIRACO
Q70885692,CIIC 93 (Ogham Stone Concept by RAS Macalister),Q85394270,POINT(-8.071111 52.026944),ERCAIDANA
Q70885695,CIIC 85 (Ogham Stone Concept by RAS Macalister),Q85394270,POINT(-8.071111 52.026944),GRILAGNI MAQI SCILAGNI
Q70885697,CIIC 96 (Ogham Stone Concept by RAS Macalister),Q85394270,POINT(-8.071111 52.026944),COVALOTI
Q70885698,CIIC 87 (Ogham Stone Concept by RAS Macalister),Q85394270,POINT(-8.071111 52.026944),DRUTIQULI MAQI MAQI-RODAGNI
Q70885701,CIIC 262 (Ogham Stone Concept by RAS Macalister),Q85396840,POINT(-7.998889 52.199444),ERCAGNI MAQI ERCIAS
Q70885703,CIIC 95 (Ogham Stone Concept by RAS Macalister),Q85394270,POINT(-8.071111 52.026944),NAM MEDDOGENI
Q70885704,CIIC 83 (Ogham Stone Concept by RAS Macalister),Q85394270,POINT(-8.071111 52.026944),LAMADILICCI MAC MAIL BROCC
Q70885706,CIIC 94 (Ogham Stone Concept by RAS Macalister),Q85394270,POINT(-8.071111 52.026944),DOMMO MACI VEDUCERI
Q70885712,CIIC 90 (Ogham Stone Concept by RAS Macalister),Q85394270,POINT(-8.071111 52.026944),CRONUN MAC BAIT
Q70885713,CIIC 92 (Ogham Stone Concept by RAS Macalister),Q85394270,POINT(-8.071111 52.026944),ACTI MAQI [.....MAGO.
Q70885716,CIIC 86 (Ogham Stone Concept by RAS Macalister),Q85394270,POINT(-8.071111 52.026944),CLIUCOANAS MAQI MAQI-RENI
Q70885720,CIIC 88 (Ogham Stone Concept by RAS Macalister),Q85394270,POINT(-8.071111 52.026944),BRANAN MAQI OQOLI
Q70885722,CIIC 127 (Ogham Stone Concept by RAS Macalister),Q85394019,POINT(-8.757222 51.946389),MAQILASPOG B TTMACDE
Q70885723,CIIC 63 (Ogham Stone Concept by RAS Macalister),Q85393995,POINT(-8.175556 51.969444),COLOMAGNI AVI DUCURI BRUSCO MAQI DOVALESCI
Q70885727,CIIC 107 (Ogham Stone Concept by RAS Macalister),Q85394126,POINT(-8.866111 51.991111),CUNAGUSSOS MA[...
Q70885728,CIIC 105 (Ogham Stone Concept by RAS Macalister),Q85394077,POINT(-8.823889 51.955833),ANM NETACUNAS CELI VIDETTAS
Q70885730,CIIC 61 (Ogham Stone Concept by RAS Macalister),Q85393915,POINT(-8.360556 52.008611),OLAGNI MAQ[...
Q70885734,CIIC 128 (Ogham Stone Concept by RAS Macalister),Q85393943,POINT(-8.909167 52.0075),DOVETI MAQI LOCARENAS CELI MAQI-CULIDOVI
Q70885736,CIIC 114 (Ogham Stone Concept by RAS Macalister),Q69383268,POINT(-8.794722 51.868056),GRIMIGGN[I MAQ]I CERC...
Q70885739,CIIC 112 (Ogham Stone Concept by RAS Macalister),Q69383268,POINT(-8.794722 51.868056),MICANAVVI MAQ LUGUNI
Q70892272,CIIC 1 (Ogham Stone Concept by RAS Macalister),Q85390377,POINT(-9.316944 53.485556),LIE LUGUAEDON MACCI MENUEH
Q70892276,CIIC 2 (Ogham Stone Concept by RAS Macalister),Q85390407,POINT(-7.870556 53.816389),QENUVEN...
Q70892278,CIIC 3 (Ogham Stone Concept by RAS Macalister),Q85390382,POINT(-8.805 53.781667),CUNALEGI AVI QUNACANOS
Q70892286,CIIC 6 (Ogham Stone Concept by RAS Macalister),Q85390409,POINT(-8.709444 53.728611),QASIGN[i] MAQ[I]
Q70892288,CIIC 8 (Ogham Stone Concept by RAS Macalister),Q85390429,POINT(-9.87 53.746389),]OVI
Q70892292,CIIC 9 (Ogham Stone Concept by RAS Macalister),Q85390391,POINT(-9.330833 54.260278),MAQ-ACTO MAQ GAR[... MAQI MUCOI Z]
Q70892302,CIIC 10 (Ogham Stone Concept by RAS Macalister),Q85390394,POINT(-9.248056 54.248611),L[E]GG               SD[...]LEŋESCAD MAQ CORRBRI MAQ AMMLLOŋITT
Q70892303,CIIC 11 (Ogham Stone Concept by RAS Macalister),Q85390417,POINT(-8.362222 53.84),CUNOVATO
Q70892306,CIIC 12 (Ogham Stone Concept by RAS Macalister),Q85390711,POINT(-8.297778 53.8075),VRAICCI MAQI MEDVVI
Q70892312,CIIC 15 (Ogham Stone Concept by RAS Macalister),Q85391717,POINT(-6.573611 52.826389),RENI
Q70892316,CIIC 17 (Ogham Stone Concept by RAS Macalister),Q85391650,POINT(-6.727222 52.848056),MUCOI MUCC[I
Q70892318,CIIC 18 (Ogham Stone Concept by RAS Macalister),Q85391732,POINT(-6.1525 53.419722),S   B           N                   GL T  DM...
Q70892328,CIIC 20 (Ogham Stone Concept by RAS Macalister),Q85391762,POINT(-6.756389 53.031111),MAQI-DDECCEDA MAQI MARIN
Q70892342,CIIC 27 (Ogham Stone Concept by RAS Macalister),Q85391701,POINT(-7.524444 52.76),CNAEMSECH CELLACH MINODOR MUAD MAELMAIRE MAELUADAIG MALMAIRE
Q70892353,CIIC 28 (Ogham Stone Concept by RAS Macalister),Q85391656,POINT(-7.150556 52.651389),TASEGAGNI [MAQ]I MUCOI MACORBO
Q70892354,CIIC 29 (Ogham Stone Concept by RAS Macalister),Q85391719,POINT(-7.172222 52.617778),BRAN[I]TTAS M[A]QI DUCR[I]DDA
Q70892357,CIIC 30 (Ogham Stone Concept by RAS Macalister),Q85391719,POINT(-7.172222 52.617778),NAVALLO AVVI GENITTAC[...
Q70892359,CIIC 31 (Ogham Stone Concept by RAS Macalister),Q85391658,POINT(-7.036389 52.518889),DRUGNO MAQI MUCOI [....] NAMI
Q70892361,CIIC 32 (Ogham Stone Concept by RAS Macalister),Q85391704,POINT(-7.066111 52.6325),MAQI-ERACIAS MAQI DIMAQA MUCO[I....
Q70892363,CIIC 33 (Ogham Stone Concept by RAS Macalister),Q85391660,POINT(-6.958056 52.5425),n/a
Q70892365,CIIC 34 (Ogham Stone Concept by RAS Macalister),Q85391706,POINT(-7.158611 52.538611),LOBBI KOI MAQQI MUCCOI RINI
Q70892636,CIIC 163 (Ogham Stone Concept by RAS Macalister),Q85393964,POINT(-10.031111 52.1725),NETTA-LAMINACCA KOI MAQQI MUCOI DOVIN[IA]S
Q70892643,CIIC 164 (Ogham Stone Concept by RAS Macalister),Q85395620,POINT(-10.031389 52.155278),VOENACUNAS M....
Q70892646,CIIC 165 (Ogham Stone Concept by RAS Macalister),Q85395620,POINT(-10.031389 52.155278),[D]DROGNO
Q70892648,CIIC 166 (Ogham Stone Concept by RAS Macalister),Q85395552,POINT(-10.159444 52.186944),COIMAGNI MAQI VITALIN
Q70892652,CIIC 167 (Ogham Stone Concept by RAS Macalister),Q85395515,POINT(-10.0375 52.165833),.. [MAQ]I DROGNO MU[COI] ...
Q70892653,CIIC 168 (Ogham Stone Concept by RAS Macalister),Q85395515,POINT(-10.0375 52.165833),IRCCITOS
Q70892655,CIIC 169 (Ogham Stone Concept by RAS Macalister),Q85395517,POINT(-10.323333 52.160556),MAQI - LIAG MAQI ERCA
Q70892659,CIIC 170 (Ogham Stone Concept by RAS Macalister),Q85395592,POINT(-10.3275 52.151389),QENILOCI MAQI MAQI - AINIA MUC[---
Q70892660,CIIC 171 (Ogham Stone Concept by RAS Macalister),Q85395518,POINT(-10.029722 52.1875),DUGENNGG[I] MAQI RODDOS
Q70892662,CIIC 172 (Ogham Stone Concept by RAS Macalister),Q85395519,POINT(-10.400833 52.155833),TOGITTACC MAQI SAGARETTOS
Q70892669,CIIC 173 (Ogham Stone Concept by RAS Macalister),Q85395554,POINT(-10.036389 52.146944),[MAQ]QI MUCC[OI]
Q70892670,CIIC 174 (Ogham Stone Concept by RAS Macalister),Q85395555,POINT(-10.159444 52.186944),n/a
Q70892674,CIIC 175 (Ogham Stone Concept by RAS Macalister),Q85395594,POINT(-10.306944 52.125833),MAQQI-ERCCIAS MAQQI MUCOI DOVINIA
Q70892676,CIIC 176 (Ogham Stone Concept by RAS Macalister),Q85395556,POINT(-9.910278 52.215),CONUNETT MOQI CONURI.
Q70892679,CIIC 177 (Ogham Stone Concept by RAS Macalister),Q85395556,POINT(-9.910278 52.215),CCILARI AV[I].....COI VAG....
Q70892682,CIIC 178 (Ogham Stone Concept by RAS Macalister),Q85395557,POINT(-10.458333 52.111944),ERC MAQI MAQI-ERCIAS MU DOVINIA
Q70892683,CIIC 179 (Ogham Stone Concept by RAS Macalister),Q85395597,POINT(-10.27 52.14),......ETORIGAS
Q70892686,CIIC 180 (Ogham Stone Concept by RAS Macalister),Q85395559,POINT(-10.228056 52.133056),BRUSCCOS MAQQI CALIACI[AS] M[AQQI MUCOI...
Q70892689,CIIC 181 (Ogham Stone Concept by RAS Macalister),Q85395521,POINT(-10.270556 52.135278),TALAGNI MAQ....
Q70892693,CIIC 182 (Ogham Stone Concept by RAS Macalister),Q85395522,POINT(-10.159444 52.186944),GANICCA
Q70892695,CIIC 183 (Ogham Stone Concept by RAS Macalister),Q85395523,POINT(-10.437222 52.103333),n/a
Q70892699,CIIC 184 (Ogham Stone Concept by RAS Macalister),Q85395524,POINT(-10.126667 52.140833),MAQQI-DECEDDA MAQQI CATUVIQ[QA]
Q70892701,CIIC 185 (Ogham Stone Concept by RAS Macalister),Q85395526,POINT(-10.607778 52.044444),[CO?]BB[A?] AVI VLATIAMI MAQ...
Q70892704,CIIC 186 (Ogham Stone Concept by RAS Macalister),Q85395599,POINT(-10.300556 52.153333),EQODDI SCI FINTEN
Q70892706,CIIC 187 (Ogham Stone Concept by RAS Macalister),Q85395528,POINT(-10.333056 52.188333),ANM MAILE-INBIR MACI BROCANN
Q70892708,CIIC 188 (Ogham Stone Concept by RAS Macalister),Q85395530,POINT(-10.194444 52.120556),MARIANI
Q70892711,CIIC 189 (Ogham Stone Concept by RAS Macalister),Q85395530,POINT(-10.194444 52.120556),SAŊTI LLOTETI AVI SRUSA.
Q106674229,195. Rathmalode I (Ogham Stone Concept by the Ogham in 3D Project),Q85395567,POINT(-9.990556 52.1725),CURCI MAQI MUCOI VO
Q106674230,196. Rathmalode II (Ogham Stone Concept by the Ogham in 3D Project),Q85395567,POINT(-9.990556 52.1725),ERCAVICCAS MAQI CO
Q106674231,197. Coolmagort I (Ogham Stone Concept by the Ogham in 3D Project),Q69379704,POINT(-9.642778 52.061111),DEGO{S} MAQI MOCOI TOICAKI
Q106674232,198. Coolmagort II (Ogham Stone Concept by the Ogham in 3D Project),Q69379704,POINT(-9.642778 52.061111),MAQI-RITEAS MAQI MAQI-DDUMILEAS/ MUCOI TOICACI
Q106674233,199. Coolmagort III (Ogham Stone Concept by the Ogham in 3D Project),Q69379704,POINT(-9.642778 52.061111),CUNACENA
Q106674234,20. Colbinstown II (Ogham Stone Concept by the Ogham in 3D Project),Q85391762,POINT(-6.756389 53.031111),MAQI-DDECCEDA MAQI MARIN
Q106674235,200. Coolmagort IV (Ogham Stone Concept by the Ogham in 3D Project),Q69379704,POINT(-9.642778 52.061111),MAQI-TTAL MAQI VORGOS MA/QI MU/COI TOICAC
Q106674236,201. Coolmagort V (Ogham Stone Concept by the Ogham in 3D Project),Q69379704,POINT(-9.642778 52.061111),MC GE?/ MAQ D/E?
Q106674237,202. Coolmagort VI (Ogham Stone Concept by the Ogham in 3D Project),Q69379704,POINT(-9.642778 52.061111),NIOTTVRECC MAQI/ GNI
Q106674238,203. Coolmagort VII (Ogham Stone Concept by the Ogham in 3D Project),Q69379704,POINT(-9.642778 52.061111),MAQI-DECEDA MAQI
Q106674239,205. Derrygariff (Ogham Stone Concept by the Ogham in 3D Project),Q85395535,POINT(-9.665 51.974444),SBNAG MAQQI-RCIA
Q106674240,206. Kilcoolaght East I (Ogham Stone Concept by the Ogham in 3D Project),Q85395537,POINT(-9.747222 52.071944),[AN]M VIRRACC/ANNI TIGIR[N] C/TEDATTOQA MAQI/ VEDELMETTO
Q106674242,207. Kilcoolaght East II (Ogham Stone Concept by the Ogham in 3D Project),Q85395537,POINT(-9.747222 52.071944),ECC MAQI LUGUQRRIT
Q106674243,208. Kilcoolaght East III (Ogham Stone Concept by the Ogham in 3D Project),Q85395537,POINT(-9.747222 52.071944),UMALL
Q106674244,209. Kilcoolaght East IV (Ogham Stone Concept by the Ogham in 3D Project),Q85395537,POINT(-9.747222 52.071944),AGGO MAQI AGILL
Q106674246,210. Kilcoolaght East V (Ogham Stone Concept by the Ogham in 3D Project),Q85395537,POINT(-9.747222 52.071944),DUBEB Q/N
Q106674247,211. Kilcoolaght East VI (Ogham Stone Concept by the Ogham in 3D Project),Q85395537,POINT(-9.747222 52.071944),[RI]TTAVVECC MAQI VEDDONOS
Q106674248,212. Kilcoolaght East VII (Ogham Stone Concept by the Ogham in 3D Project),Q85395537,POINT(-9.747222 52.071944),L M
Q106674249,213. Kilcoolaght East VIII (Ogham Stone Concept by the Ogham in 3D Project),Q85395537,POINT(-9.747222 52.071944),URG
Q106674250,215. Whitefield I (Ogham Stone Concept by the Ogham in 3D Project),Q85395539,POINT(-9.703056 52.080556),ALATTO CELI BAT/TIG/NI
Q106674251,216. Whitefield II (Ogham Stone Concept by the Ogham in 3D Project),Q85395539,POINT(-9.703056 52.080556),GOSOCTEAS MOSAC MAKINI
Q106674254,218. Whitefield IV (Ogham Stone Concept by the Ogham in 3D Project),Q85395539,POINT(-9.703056 52.080556),LAGOBB/ MUCO TUCACAC
Q106675649,PRIES/1 (Ogham Stone Concept by CISP),Q85396903,POINT(-7.758056 52.221667),NETACUNASMAQILOBAC[....]
Q106675652,PRKLA/1 (Ogham Stone Concept by CISP),Q85395605,POINT(-9.875 51.858611),ANMVINNAGITL{E}T[--
Q106675653,RACOB/1 (Ogham Stone Concept by CISP),Q85393922,POINT(-8.246111 52.005278),LOGAMAQISDANBI
Q106675655,RANTA/1 (Ogham Stone Concept by CISP),Q85392813,POINT(-6.954444 53.805),OSBBAR
Q106675656,RATAS/1 (Ogham Stone Concept by CISP),Q106626875,POINT(-9.67583 52.2675),[.]NMSILLANNMAQFATTILLOGG
Q106675658,RATHK/1 (Ogham Stone Concept by CISP),Q106628055,POINT(-10.33164 51.847737),--]CLHQOC[--
Q106675660,RCROG/1 (Ogham Stone Concept by CISP),Q85390711,POINT(-8.297778 53.8075),nan
Q106675661,RCROG/2 (Ogham Stone Concept by CISP),Q85390711,POINT(-8.297778 53.8075),QREGASMU[--
Q106675662,RFILD/1 (Ogham Stone Concept by CISP),Q85396812,POINT(-9.631667 52.128889),MAQIRITTEMAQICOLABOT 
Q106675663,RFILD/2 (Ogham Stone Concept by CISP),Q85396812,POINT(-9.631667 52.128889),COILLABBOTASMAQICORBBI 
Q106675664,RFILD/3 (Ogham Stone Concept by CISP),Q85396812,POINT(-9.631667 52.128889),VGwGOLAM
Q106675666,RFILD/4 (Ogham Stone Concept by CISP),Q85396812,POINT(-9.631667 52.128889),CORBAGNI 
Q106675668,RFILD/5 (Ogham Stone Concept by CISP),Q85396812,POINT(-9.631667 52.128889),CORBAGNMAQIMUCOIC[--
Q106675669,RFILD/6 (Ogham Stone Concept by CISP),Q85396812,POINT(-9.631667 52.128889),[--]
Q106675670,RGLAS/1 (Ogham Stone Concept by CISP),Q85391648,POINT(-6.716667 52.781944),nan
Q106675671,ROVMO/1 (Ogham Stone Concept by CISP),Q85394017,POINT(-8.784167 51.886667),ANAVLAMATTIASMUCO 
Q106675672,ROVMO/2 (Ogham Stone Concept by CISP),Q85394017,POINT(-8.784167 51.886667),MAQIERCIAS 
Q106675674,ROVMO/3 (Ogham Stone Concept by CISP),Q85394017,POINT(-8.784167 51.886667),VEDACU[NA] 
Q106675675,RTHCA/1 (Ogham Stone Concept by CISP),Q85393934,POINT(-8.075556 51.977222),ELUNAMU[C--
Q106675677,RTHCA/2 (Ogham Stone Concept by CISP),Q85393934,POINT(-8.075556 51.977222),--]M[--
Q106675678,RTHDF/1 (Ogham Stone Concept by CISP),Q85395627,POINT(-10.024444 52.167778),S[IDA]N[I]M[A]Q[ID] 
Q106675679,RTHDF/2 (Ogham Stone Concept by CISP),Q85395627,POINT(-10.024444 52.167778),LLONNOCCMAQQ[--
Q106675680,RTHKE/1 (Ogham Stone Concept by CISP),Q106626866,POINT(-9.72028 52.33167),COMMA[GGA]AGNIM[-- 
Q106675681,RTHKE/2 (Ogham Stone Concept by CISP),Q106626866,POINT(-9.72028 52.33167),L[I]SS[E^I][GV]O[G]
Q106675682,RTHKE/3 (Ogham Stone Concept by CISP),Q106626866,POINT(-9.72028 52.33167),[--]
Q106675683,RTHOD/1 (Ogham Stone Concept by CISP),Q85395567,POINT(-9.990556 52.1725),CURCIMAQIMUCOIV[!O][--
Q106675684,RTHOD/2 (Ogham Stone Concept by CISP),Q85395567,POINT(-9.990556 52.1725),ERCAVICCASMAQICO[--
Q106675685,RUSHE/1 (Ogham Stone Concept by CISP),Q85390384,POINT(-8.665278 53.896111),ALATTOSMAQIBR[--
Q106675686,SCHUD/1 (Ogham Stone Concept by CISP),Q85396840,POINT(-7.998889 52.199444),ERCAGNIMA[QI]E 
Q106675687,SHANK/1 (Ogham Stone Concept by CISP),Q106626901,POINT(-7.0275 52.69528),MAQICUNALIG[--] 
Q106675688,STISL/1 (Ogham Stone Concept by CISP),Q85392816,POINT(-7.871111 54.608611),nan
Q106675689,TEMAN/1 (Ogham Stone Concept by CISP),Q85394006,POINT(-8.893056 51.645),[AMN]TENASMACIV[--
Q106675691,TERMY/1 (Ogham Stone Concept by CISP),Q85396810,POINT(-10.058889 51.970833),MOCU[RR]UTI 
Q106675692,THOTO/1 (Ogham Stone Concept by CISP),Q106628040,POINT(-7.131313 52.526469),VEDDELLEMETTOMU 
Q106675693,TINAH/1 (Ogham Stone Concept by CISP),Q85396900,POINT(-9.7575 52.124722),CI[--]LAMAQ[.]I[--]BAGNI
Q106675694,TINAH/2 (Ogham Stone Concept by CISP),Q85396900,POINT(-9.7575 52.124722),AMNT{X}GANNMACDEGLA 
Q106675695,TLGMO/1 (Ogham Stone Concept by CISP),Q85394019,POINT(-8.757222 51.946389),MAQILAS{P}OG 
Q106675697,TMINE/1 (Ogham Stone Concept by CISP),Q85391650,POINT(-6.727222 52.848056),MUCOIMUCC[I]
Q106675698,TMOUN/1 (Ogham Stone Concept by CISP),Q85392831,POINT(-7.5175 54.362222),NETTACU[--
Q106675699,TOOCU/1 (Ogham Stone Concept by CISP),Q85396862,POINT(-7.746944 52.267222),DOMO{K}I
Q106675700,TOURP/6 (Ogham Stone Concept by CISP),Q106628041,POINT(-7.994842 52.407427),BAEDAN
Q106675701,TRALE/1 (Ogham Stone Concept by CISP),Q85396830,POINT(-9.710278 52.268056),BASI{GW}B[--
Q106675702,TULHE/1 (Ogham Stone Concept by CISP),Q85391735,POINT(-7.121389 52.5775),nan
Q106675703,TULLA/1 (Ogham Stone Concept by CISP),Q85390409,POINT(-8.709444 53.728611),nan
Q106675704,WHFLD/1 (Ogham Stone Concept by CISP),Q85395539,POINT(-9.703056 52.080556),ALATTOCELIBATTIG 
Q106675705,WHFLD/2 (Ogham Stone Concept by CISP),Q85395539,POINT(-9.703056 52.080556),GOSOCTEASMOSACMA{K}INI
Q106675706,WHFLD/3 (Ogham Stone Concept by CISP),Q85395539,POINT(-9.703056 52.080556),NOCATIMAQIMAQIREC[--] 
Q106675707,WHFLD/4 (Ogham Stone Concept by CISP),Q85395539,POINT(-9.703056 52.080556),L[A]G[O]BB[-- 
Q106675708,WHFLD/5 (Ogham Stone Concept by CISP),Q85395539,POINT(-9.703056 52.080556),QAM[--]ROMACULLO
Q106675709,WINDG/1 (Ogham Stone Concept by CISP),Q85396919,POINT(-7.487778 52.341944),MODDAGN[I]MAQIGATT 
Q106675710,WINDG/2 (Ogham Stone Concept by CISP),Q85396919,POINT(-7.487778 52.341944),[--]
Q106675532,GRMGH/1 (Ogham Stone Concept by CISP),Q85391660,POINT(-6.958056 52.5425),[--]
Q106675533,GRTMA/1 (Ogham Stone Concept by CISP),Q85395607,POINT(-9.551667 51.8475),NOARRAMAQIVORUDRAN
Q106675536,HTOWN/1 (Ogham Stone Concept by CISP),Q106628037,POINT(-6.560318 52.862438),[--]
Q106675538,INAGH/1 (Ogham Stone Concept by CISP),Q85395624,POINT(-9.389167 51.839444),--]ORIBRASSIA
Q106675539,INCHA/1 (Ogham Stone Concept by CISP),Q85390377,POINT(-9.316944 53.485556),nan
Q106675540,INVIC/1 (Ogham Stone Concept by CISP),Q85395526,POINT(-10.607778 52.044444),[..]BB[.]AVIVLATIAMIMAQ[--
Q106675541,ISLAN/1 (Ogham Stone Concept by CISP),Q85390382,POINT(-8.805 53.781667),CUNALEGIAVIQUNACANOS
Q106675542,KEELW/1 (Ogham Stone Concept by CISP),Q106628069,POINT(-10.180949 53.983608),OR 
Q106675543,KEENH/1 (Ogham Stone Concept by CISP),Q85393928,POINT(-9.185833 51.759444),ANMCASONI[MAQ]IRODAGNI
Q106675544,KFNTN/1 (Ogham Stone Concept by CISP),Q85395599,POINT(-10.300556 52.153333),EQODDI
Q106675545,KILEG/1 (Ogham Stone Concept by CISP),Q85391677,POINT(-6.530278 52.543611),nan
Q106675546,KILMA/1 (Ogham Stone Concept by CISP),Q72006009,POINT(-8.765556 53.773611),LUGADDONMAQ 
Q106675547,KILTH/1 (Ogham Stone Concept by CISP),Q85394079,POINT(-8.81 51.9875),LUGUDUCMAQIMAQIOC 
Q106675548,KINET/1 (Ogham Stone Concept by CISP),Q85395530,POINT(-10.194444 52.120556),MARIANI
Q106675549,KINET/2 (Ogham Stone Concept by CISP),Q85395530,POINT(-10.194444 52.120556),SAGWTILLOTETIAVISRUSA
Q106675550,KLBEG/1 (Ogham Stone Concept by CISP),Q85396852,POINT(-7.544722 52.110278),BIVODON 
Q106675551,KLBON/1 (Ogham Stone Concept by CISP),Q85396894,POINT(-9.673611 52.086111),B[...]AGNIMAQIADDILONA
Q106675552,KLCAS/1 (Ogham Stone Concept by CISP),Q85394111,POINT(-9.711944 51.7275),LUGUQRIT 
Q106675554,KLCOO/1 (Ogham Stone Concept by CISP),Q85395537,POINT(-9.747222 52.071944),CEDATTOQAMAQI 
Q106675555,KLCOO/2 (Ogham Stone Concept by CISP),Q85395537,POINT(-9.747222 52.071944),nan
Q106675556,KLCOO/3 (Ogham Stone Concept by CISP),Q85395537,POINT(-9.747222 52.071944),nan
Q106675557,KLCOO/4 (Ogham Stone Concept by CISP),Q85395537,POINT(-9.747222 52.071944),--]GGOMAQIAGILL[--
Q106675558,KLCOO/5 (Ogham Stone Concept by CISP),Q85395537,POINT(-9.747222 52.071944),DUBE[B] 
Q106675559,KLCOO/6 (Ogham Stone Concept by CISP),Q85395537,POINT(-9.747222 52.071944),RITTUVVECCMAQ 
Q106675560,KLCOO/7 (Ogham Stone Concept by CISP),Q85395537,POINT(-9.747222 52.071944),--]L[-- 
Q106675561,KLCOO/8 (Ogham Stone Concept by CISP),Q85395537,POINT(-9.747222 52.071944),--]URG[--
Q106675562,KLCUM/1 (Ogham Stone Concept by CISP),Q85391730,POINT(-6.956452 52.631753),nan
Q106675563,KLGOB/1 (Ogham Stone Concept by CISP),Q85395538,POINT(-9.718889 52.068056),ANNVEN 
Q106675564,KLGOB/2 (Ogham Stone Concept by CISP),Q85395538,POINT(-9.718889 52.068056),LUGUQQRITTAS
Q106675566,KLGOB/3 (Ogham Stone Concept by CISP),Q85395538,POINT(-9.718889 52.068056),--]HATA[--
Q106675568,KLGRO/1 (Ogham Stone Concept by CISP),Q85395618,POINT(-10.175833 51.913333),ANM M{O}L{E}G{O}MRIDMACIV{E}CUM{E}N
Q106675570,KLGRV/1 (Ogham Stone Concept by CISP),Q85396854,POINT(-7.549722 52.090556),[CU]NAMAQILUGUDECAMU 
Q106675571,KLGRV/2 (Ogham Stone Concept by CISP),Q85396854,POINT(-7.549722 52.090556),NISIGNIMAQIER[-- 
Q106675572,KLGRV/3 (Ogham Stone Concept by CISP),Q85396854,POINT(-7.549722 52.090556),DEBRAN 
Q106675573,KLGRV/4 (Ogham Stone Concept by CISP),Q85396854,POINT(-7.549722 52.090556),--]VAGNIMUCOICUNIA
Q106675574,KLGRV/5 (Ogham Stone Concept by CISP),Q85396854,POINT(-7.549722 52.090556),MAQIE[.][--
Q106675575,KLGRV/6 (Ogham Stone Concept by CISP),Q85396854,POINT(-7.549722 52.090556),--]UMAQICUMOGODUUMUCO[--
Q106675578,KLKEE/1 (Ogham Stone Concept by CISP),Q85395582,POINT(-10.029167 52.031111),MAQIR[O!][--][A!]
Q106675579,KLLAG/1 (Ogham Stone Concept by CISP),Q106628052,POINT(-10.058583 51.907671),DOVATTACAV[I][--]ILEH
Q106675580,KLLOE/1 (Ogham Stone Concept by CISP),Q85393912,POINT(-8.447778 52.803333),BENDACHT [-- 
Q106675581,KLMOL/1 (Ogham Stone Concept by CISP),Q85396911,POINT(-7.804444 52.1025),--]NN
Q106675583,KLORG/1 (Ogham Stone Concept by CISP),Q85396826,POINT(-9.540833 52.233611),--][U!][--
Q106675584,KLORG/2 (Ogham Stone Concept by CISP),Q85396826,POINT(-9.540833 52.233611),--]MAQIRECTA
Q106675585,KLORG/3 (Ogham Stone Concept by CISP),Q85396826,POINT(-9.540833 52.233611),[--]
Q106675586,KLQAN/1 (Ogham Stone Concept by CISP),Q106628056,POINT(-10.318342 52.209394),[--]
Q106675587,KLURL/1 (Ogham Stone Concept by CISP),Q85395551,POINT(-10.301944 51.843333),--]OTANIM[A]QILOSAGNI
Q106675588,KLURL/2 (Ogham Stone Concept by CISP),Q85395551,POINT(-10.301944 51.843333),[--]
Q106675589,KLVMO/1 (Ogham Stone Concept by CISP),Q85394084,POINT(-9.228056 51.828333),ASSICONA
Q106675590,KLWER/1 (Ogham Stone Concept by CISP),Q85394014,POINT(-8.789444 51.985556),UDDMENSACELI 
Q106675591,KMKDR/3 (Ogham Stone Concept by CISP),Q85395528,POINT(-10.333056 52.188333),nan
Q106675592,KNBOY/1 (Ogham Stone Concept by CISP),Q85396914,POINT(-7.6 52.111389),--]ER[.]T[.]M[.]C[..]NETAS[....]ONAS
Q106675593,KNBOY/2 (Ogham Stone Concept by CISP),Q85396914,POINT(-7.6 52.111389),--][RG][--][BAR]CEN[--
Q106675594,KNBOY/3 (Ogham Stone Concept by CISP),Q85396914,POINT(-7.6 52.111389),CORB
Q106675595,KNBOY/4 (Ogham Stone Concept by CISP),Q85396914,POINT(-7.6 52.111389),Q[.]CC[...]M[.]C[...]R[.]E[......]
Q106675596,KNBOY/5 (Ogham Stone Concept by CISP),Q85396914,POINT(-7.6 52.111389),--]CIRMAQIMUC[--
Q106675598,KNBOY/6 (Ogham Stone Concept by CISP),Q85396914,POINT(-7.6 52.111389),VORTIGURN
Q106675600,KNBOY/7 (Ogham Stone Concept by CISP),Q85396914,POINT(-7.6 52.111389),VEDABARM 
Q106675601,KNBOY/8 (Ogham Stone Concept by CISP),Q85396914,POINT(-7.6 52.111389),--][E!]MOGwEDIAS 
Q106675602,KNICK/1 (Ogham Stone Concept by CISP),Q85391711,POINT(-6.535 52.998056),MAQINI 
Q106675603,KNKLA/1 (Ogham Stone Concept by CISP),Q85396870,POINT(-7.511667 52.326389),LUGUDIMAQI[L-- 
Q106675604,KNMAH/1 (Ogham Stone Concept by CISP),Q106626874,POINT(-7.35056 52.14028),SENAQMA[Q^C][-- 
Q106675605,KNOUR/1 (Ogham Stone Concept by CISP),Q85393940,POINT(-8.838889 51.9575),B[--]Q[--]HAGA[--]DL
Q106675606,KNOUR/2 (Ogham Stone Concept by CISP),Q85393940,POINT(-8.838889 51.9575),[--]
Q106675607,KNWEE/1 (Ogham Stone Concept by CISP),Q69383268,POINT(-8.794722 51.868056),[M]I[C]ANAVVI MAQ L[U]G[U]N[.]
Q106675608,KNWEE/2 (Ogham Stone Concept by CISP),Q69383268,POINT(-8.794722 51.868056),VEQI{X}A[M^B]IMAQILUGUNI
Q106675610,KNWEE/3 (Ogham Stone Concept by CISP),Q69383268,POINT(-8.794722 51.868056),GRIMIGGN[--]ICERC[.--
Q106675611,KNWEE/4 (Ogham Stone Concept by CISP),Q69383268,POINT(-8.794722 51.868056),CULRIGAIMAQIMENUMAQ[--
Q106675612,KNWEE/5 (Ogham Stone Concept by CISP),Q69383268,POINT(-8.794722 51.868056),BRANI MAQQIMU 
Q106675613,KNWEE/6 (Ogham Stone Concept by CISP),Q69383268,POINT(-8.794722 51.868056),COLLOS[--
Q106675614,LABAN/1 (Ogham Stone Concept by CISP),Q106628044,POINT(-8.741852 51.995245),QUTQ
Q106675615,LAMOG/1 (Ogham Stone Concept by CISP),Q85391666,POINT(-7.360833 52.443889),SEVERRIT 
Q106675616,LAMOG/2 (Ogham Stone Concept by CISP),Q85391666,POINT(-7.360833 52.443889),DOVATUCI[A]V 
Q106675617,LEGAN/1 (Ogham Stone Concept by CISP),Q85391706,POINT(-7.158611 52.538611),LOBB[.]X[..]MAQQIMUC 
Q106675618,LETER/1 (Ogham Stone Concept by CISP),Q85395585,POINT(-10.220833 51.923333),--]QNETN[O!][--
Q106675619,LETWE/1 (Ogham Stone Concept by CISP),Q85396891,POINT(-10.025278 52.013611),ANMGATT{X}GLAN
Q106675620,LHANE/1 (Ogham Stone Concept by CISP),Q106628067,POINT(-9.046029 52.051362),COLMANMACICOMGANN
Q106675621,LHANE/2 (Ogham Stone Concept by CISP),Q106628067,POINT(-9.046029 52.051362),CROCCANMAQIDOMONIGART
Q106675622,LMNGH/1 (Ogham Stone Concept by CISP),Q85395546,POINT(-9.413611 51.883333),OTTINNMAQIVEC[R--
Q106675623,LUGUL/1 (Ogham Stone Concept by CISP),Q85395562,POINT(-10.124722 52.135833),GOSSUCTTIAS
Q106675624,LUGUL/2 (Ogham Stone Concept by CISP),Q85395562,POINT(-10.124722 52.135833),GAMICUNAS
Q106675625,MANGE/1 (Ogham Stone Concept by CISP),Q85395541,POINT(-9.875 51.858611),--][!O]NEGGN[I]
Q106675626,MAUIG/1 (Ogham Stone Concept by CISP),Q85395564,POINT(-10.359444 52.144722),AMNCOLOL 
Q106675627,MNTRI/1 (Ogham Stone Concept by CISP),Q85394114,POINT(-8.829444 51.970833),[MADOR]AMAQIDEGO
Q106675628,MNTRI/2 (Ogham Stone Concept by CISP),Q85394114,POINT(-8.829444 51.970833),MAQIBRI[-- 
Q106675629,MNTRU/1 (Ogham Stone Concept by CISP),Q85396939,POINT(-8.562778 52.328611),IVAGENIMAQI 
Q106675630,MONAT/1 (Ogham Stone Concept by CISP),Q85394081,POINT(-8.779444 51.974444),--][M][--][M][--
Q106675632,MONAT/2 (Ogham Stone Concept by CISP),Q85394081,POINT(-8.779444 51.974444),DALAGNIMAQIDALI
Q106675633,MONAT/3 (Ogham Stone Concept by CISP),Q85394081,POINT(-8.779444 51.974444),BROINIENAS{K}OINETATTRENALUGOS
Q106675634,MONAT/4 (Ogham Stone Concept by CISP),Q85394081,POINT(-8.779444 51.974444),VERGOSOMACILLOMINACCA
Q106675636,MRAME/1 (Ogham Stone Concept by CISP),Q85395622,POINT(-10.023333 52.251944),QENILOCGNIMAQID[--
Q106675637,MUSIC/1 (Ogham Stone Concept by CISP),Q85394128,POINT(-9.083889 51.926111),[MI]NNACCANNIMAQIAILLUATTAN
Q106675638,NEWLE/1 (Ogham Stone Concept by CISP),Q85396941,POINT(-8.105278 52.275833),--][..][--
Q106675639,NOBBE/1 (Ogham Stone Concept by CISP),Q106628032,POINT(-6.597584 53.819089),--]MAQI[--
Q106675640,NOBBE/2 (Ogham Stone Concept by CISP),Q106628032,POINT(-6.597584 53.819089),--]MAQI[--
Q106675641,NOBBE/3 (Ogham Stone Concept by CISP),Q106628032,POINT(-6.597584 53.819089),--]MAQI[--
Q106675642,OLDIS/1 (Ogham Stone Concept by CISP),Q85396859,POINT(-7.59 52.160833),CUNNETASMAQ 
Q106675643,PAINT/1 (Ogham Stone Concept by CISP),Q85391671,POINT(-6.559167 53.673333),MAQICAIRATINI 
Q106675644,PARAR/1 (Ogham Stone Concept by CISP),Q85396972,POINT(-9.558333 52.077778),BRRUANANN
Q106675647,PARAR/2 (Ogham Stone Concept by CISP),Q85396972,POINT(-9.558333 52.077778),GGVVSS
Q106675648,POMCK/1 (Ogham Stone Concept by CISP),Q85391732,POINT(-6.1525 53.419722),S[--]B[--]N[--]GL[-]T[--]DM[--
Q106675723,GLINS/1 (Ogham Stone Concept by CISP),,,[--]
Q106675725,BENBR/1 (Ogham Stone Concept by CISP),,,--]D[--]T[-- 
Q70893056,CIIC 315 (Ogham Stone Concept by RAS Macalister),Q85392831,POINT(-7.5175 54.362222),NETTACU[NAS].
Q70893058,CIIC 316 (Ogham Stone Concept by RAS Macalister),Q85392833,POINT(-6.744444 55.116667),BROCAGNI MAQI MU
Q70893060,CIIC 317 (Ogham Stone Concept by RAS Macalister),Q85392826,POINT(-7.047778 54.699444),DOTETTO MAQI MAGLANI
Q70899515,CIIC 4 (Ogham Stone Concept by RAS Macalister),Q72006009,POINT(-8.765556 53.773611),LUGADDON MAQI LUGUDEC DDDISI MO[..]CQU S(?)EL
Q70899515,CIIC 4 (Ogham Stone Concept by RAS Macalister),Q72006009,POINT(-8.765556 53.773611),LUGADDON MAQI LUGUDEC DDISI MO[...]CQU S(?)EL
Q70899516,CIIC 5 (Ogham Stone Concept by RAS Macalister),Q85390384,POINT(-8.665278 53.896111),ALATTOS MAQI BR...
Q70899519,CIIC 7 (Ogham Stone Concept by RAS Macalister),Q85390388,POINT(-9.083889 54.074444),....MA]Q CERAN[I] AVI ATHECETAIMIN
Q70899521,CIIC 13 (Ogham Stone Concept by RAS Macalister),Q85390711,POINT(-8.297778 53.8075),QREGAS MU[...
Q70899522,CIIC 14 (Ogham Stone Concept by RAS Macalister),Q85391730,POINT(-6.956452 52.631753),n/a
Q70899524,CIIC 16 (Ogham Stone Concept by RAS Macalister),Q85391648,POINT(-6.716667 52.781944),DUNAIDONAS MAQI MARIANI
Q70899528,CIIC 19 (Ogham Stone Concept by RAS Macalister),Q85391762,POINT(-6.756389 53.031111),OVANOS AVI IVACATTOS
Q70899529,CIIC 21 (Ogham Stone Concept by RAS Macalister),Q85391762,POINT(-6.756389 53.031111),.....]MAQQI COLLABOTA
Q70899530,CIIC 22 (Ogham Stone Concept by RAS Macalister),Q85391762,POINT(-6.756389 53.031111),...EGNI KOI MAQI MUC[OI] A[L]I[NI]
Q70899537,CIIC 23 (Ogham Stone Concept by RAS Macalister),Q85391762,POINT(-6.756389 53.031111),AV*S*S*MAQV*S
Q70899538,CIIC 24 (Ogham Stone Concept by RAS Macalister),Q85391762,POINT(-6.756389 53.031111),UR
Q70899541,CIIC 25 (Ogham Stone Concept by RAS Macalister),Q85391762,POINT(-6.756389 53.031111),LA
Q70899544,CIIC 26 (Ogham Stone Concept by RAS Macalister),Q85391654,POINT(-6.551111 53.375278),NETTAVRECC [KOI?] MAQI MUCCOI TRENALUGGO
Q85409935,CIIC 154 (Ogham Stone Concept by RAS Macalister),Q85394310,POINT(-10.386111 52.176111),CUNAMAQQI CORBBI MAQQ[I MUCCOI DOVVINIA]S
Q85409967,CIIC 194a (Ogham Stone Concept by RAS Macalister),Q85395627,POINT(-10.024444 52.167778),LLONNOCC MAQQ[...
Q85410004,CIIC 246a (Ogham Stone Concept by RAS Macalister),Q85396815,POINT(-9.733611 52.165556),...]V MAQI[...
Q85410013,CIIC 246b (Ogham Stone Concept by RAS Macalister),Q85396815,POINT(-9.733611 52.165556),[LMCBDV]
Q85410047,CIIC 256a (Ogham Stone Concept by RAS Macalister),Q85396830,POINT(-9.710278 52.268056),BASIŊB ---
Q85411181,CIIC 218a (Ogham Stone Concept by RAS Macalister),Q85395539,POINT(-9.703056 52.080556),n/a
Q85411211,CIIC 242a (Ogham Stone Concept by RAS Macalister),Q85396972,POINT(-9.558333 52.077778),n/a
Q106674154,10. Breastagh (Ogham Stone Concept by the Ogham in 3D Project),Q85390394,POINT(-9.248056 54.248611),LGG SDLENGESCAD MAQ CORRBRI MAQ AMMLLONGITT
Q106674171,100. Ballyhank IV (Ogham Stone Concept by the Ogham in 3D Project),Q85394010,POINT(-8.608333 51.838611),AB ULCCAGNI
Q106674173,101. Ballyhank V (Ogham Stone Concept by the Ogham in 3D Project),Q85394010,POINT(-8.608333 51.838611),MAQI-ESE/A MAQI DOMANE/QI
Q106674174,102. Ballyhank VI (Ogham Stone Concept by the Ogham in 3D Project),Q85394010,POINT(-8.608333 51.838611),DILOGONN
Q106674175,1083. Rathkenny I (Ogham Stone Concept by the Ogham in 3D Project),Q106626866,POINT(-9.72028 52.33167),COMMAGGAGNI MUCOI/ ISAMMNN
Q106674176,1084. Rathkenny II (Ogham Stone Concept by the Ogham in 3D Project),Q106626866,POINT(-9.72028 52.33167),OLISSEGVOG
Q106674177,11. Drummin I (Ogham Stone Concept by the Ogham in 3D Project),Q85390417,POINT(-8.362222 53.84),CUNOVATO
Q106674179,118. Monataggart I (Ogham Stone Concept by the Ogham in 3D Project),Q85394081,POINT(-8.779444 51.974444),VEQREQ MOQOI GLUNLEGGET
Q106674180,119. Monataggart II (Ogham Stone Concept by the Ogham in 3D Project),Q85394081,POINT(-8.779444 51.974444),DALAGNI MAQI DALI
Q106674181,12. Rathcroghan I (Ogham Stone Concept by the Ogham in 3D Project),Q85390711,POINT(-8.297778 53.8075),VRAICCI/ MAQI MEDVVI
Q106674182,120. Monataggart III (Ogham Stone Concept by the Ogham in 3D Project),Q85394081,POINT(-8.779444 51.974444),BROINIENAS KOI NETTA-TTRENALUGOS
Q106674183,13. Rathcroghan II (Ogham Stone Concept by the Ogham in 3D Project),Q85390711,POINT(-8.297778 53.8075),MAQ REGAS MUCOI
Q106674184,136. Ardfert I (Ogham Stone Concept by the Ogham in 3D Project),Q85394024,POINT(-9.772778 52.328889),CTAN/QLOG
Q106674185,141. Aglish I (Ogham Stone Concept by the Ogham in 3D Project),Q85393955,POINT(-10.138056 52.133056),MAQI MAQI/OGGODIKA
Q106674186,142. Aglish II (Ogham Stone Concept by the Ogham in 3D Project),Q85393955,POINT(-10.138056 52.133056),CELI AVI VUD?
Q106674188,145. Arraglen (Ogham Stone Concept by the Ogham in 3D Project),Q85394028,POINT(-10.236944 52.2675),QRIMITIR RO/NA/NN MAQ COMOGANN
Q106674189,146. Ballineanig (Ogham Stone Concept by the Ogham in 3D Project),Q85393959,POINT(-10.382222 52.166667),LUGUQRIT MAQI/ QRITTI
Q106674190,147. Ballineesteenigh (Ogham Stone Concept by the Ogham in 3D Project),Q85393961,POINT(-10.2075 52.140556),MOINENA MAQI OLACON
Q106674191,15. Clonmore (Ogham Stone Concept by the Ogham in 3D Project),Q85391717,POINT(-6.573611 52.826389),RENI
Q106674192,150. Ballinrannig III (Ogham Stone Concept by the Ogham in 3D Project),Q85394310,POINT(-10.386111 52.176111),GRAVICAS MAQI MUCOI/ DOVVINIAS
Q106674193,151. Ballinrannig IV (Ogham Stone Concept by the Ogham in 3D Project),Q85394310,POINT(-10.386111 52.176111),BROINIONAS
Q106674194,152. Ballinrannig V (Ogham Stone Concept by the Ogham in 3D Project),Q85394310,POINT(-10.386111 52.176111),G/LUBBIAS MAQQI/ DN/IA?S
Q106674195,153. Ballinrannig VI (Ogham Stone Concept by the Ogham in 3D Project),Q85394310,POINT(-10.386111 52.176111),CCICAMINI MAQ/Q/I CATTINI
Q106674196,154. Ballinrannig VII (Ogham Stone Concept by the Ogham in 3D Project),Q85394310,POINT(-10.386111 52.176111),CUNAMAQQI CORBBI MAQQI MUCCOI DOVVINIAS
Q106674197,155. Ballintaggart I (Ogham Stone Concept by the Ogham in 3D Project),Q85393964,POINT(-10.031111 52.1725),AKEVRITTI
Q106674198,156. Ballintaggart II (Ogham Stone Concept by the Ogham in 3D Project),Q85393964,POINT(-10.031111 52.1725),MAQQI-IARI KOI MA/QQI MU/CCOI DOVVINIAS
Q106674199,157. Ballintaggart III (Ogham Stone Concept by the Ogham in 3D Project),Q85393964,POINT(-10.031111 52.1725),DOVETI MAQQI/ CATTI/NI
Q106674200,158. Ballintaggart IV (Ogham Stone Concept by the Ogham in 3D Project),Q85393964,POINT(-10.031111 52.1725),SUVALLOS MAQ/QI DU/COVAROS
Q106674201,159. Ballintaggart V (Ogham Stone Concept by the Ogham in 3D Project),Q85393964,POINT(-10.031111 52.1725),MAQI-DECCEDA/ MAQI/ GLASICONAS
Q106674202,16. Rathglass (Ogham Stone Concept by the Ogham in 3D Project),Q85391648,POINT(-6.716667 52.781944),DUNAIDONAS/ MAQI MARIANI
Q106674203,160. Ballintaggart VI (Ogham Stone Concept by the Ogham in 3D Project),Q85393964,POINT(-10.031111 52.1725),TRIA MAQA MAILAGNI/ CURCITTI
Q106674204,161. Ballintaggart VII (Ogham Stone Concept by the Ogham in 3D Project),Q85393964,POINT(-10.031111 52.1725),INISSIO/NAS
Q106674205,162. Ballintaggart VIII (Ogham Stone Concept by the Ogham in 3D Project),Q85393964,POINT(-10.031111 52.1725),CUNAMAQQI/ AVI CORBBI
Q106674206,163. Ballintaggart IX (Ogham Stone Concept by the Ogham in 3D Project),Q85393964,POINT(-10.031111 52.1725),NETTA-LAMINACCA KO/I MA/QQI MUCOI DOVINIAS
Q106674207,166. Ballinvoher (Ogham Stone Concept by the Ogham in 3D Project),Q85395552,POINT(-10.159444 52.186944),COIMAGNI MAQI VITALIN
Q106674208,17. Tuckamine (Ogham Stone Concept by the Ogham in 3D Project),Q85391650,POINT(-6.727222 52.848056),...MUCOI MUCCI...
Q106674209,170. Ballymorereagh (Ogham Stone Concept by the Ogham in 3D Project),Q85395592,POINT(-10.3275 52.151389),QENILOCI MAQI MAQI-AINIA MUCOI
Q106674210,171. Ballynahunt (Ogham Stone Concept by the Ogham in 3D Project),Q85395518,POINT(-10.029722 52.1875),DUGENNGI MAQI RODOS
Q106674211,172. Ballywiheen (Ogham Stone Concept by the Ogham in 3D Project),Q85395519,POINT(-10.400833 52.155833),TOGITTACC MAQI SAGARETTOS
Q106674212,173. Brackloon (Ogham Stone Concept by the Ogham in 3D Project),Q85395554,POINT(-10.036389 52.146944),MAQI MUCCOI
Q106674213,175. Burnham West (Ogham Stone Concept by the Ogham in 3D Project),Q85395594,POINT(-10.306944 52.125833),MAQQI-ERCCIA MAQQI MUCOI DOVINIA
Q106674214,178. Coumeenole (Ogham Stone Concept by the Ogham in 3D Project),Q85395557,POINT(-10.458333 52.111944),ERC MAQI MAQI-ERCIAS MU DOVINIA
Q106674215,180. Emlagh East (Ogham Stone Concept by the Ogham in 3D Project),Q85395559,POINT(-10.228056 52.133056),BRUSCCOS MAQQI CALIACI
Q106674217,181. Emlagh West (Ogham Stone Concept by the Ogham in 3D Project),Q85395521,POINT(-10.270556 52.135278),TALAGNI MAQI
Q106674218,185. Inishvickillane (Ogham Stone Concept by the Ogham in 3D Project),Q85395526,POINT(-10.607778 52.044444),CO?BBA? AVI VLATIAMI MAQ...
Q106674219,186. Kilfountain (Ogham Stone Concept by the Ogham in 3D Project),Q85395599,POINT(-10.300556 52.153333),EQODDI
Q106674220,187. Kilmalkedar (Ogham Stone Concept by the Ogham in 3D Project),Q85395528,POINT(-10.333056 52.188333),ANM MAILE-INBIR/ MACI BROCANN
Q106674221,188. Kinard East I (Ogham Stone Concept by the Ogham in 3D Project),Q85395530,POINT(-10.194444 52.120556),MARIANI
Q106674222,189. Kinard East II (Ogham Stone Concept by the Ogham in 3D Project),Q85395530,POINT(-10.194444 52.120556),SANGTI LLOTETI AVI SRUSA
Q106674223,19. Colbinstown I (Ogham Stone Concept by the Ogham in 3D Project),Q85391762,POINT(-6.756389 53.031111),OVANOS AVI I/VACA/TTOS
Q106674224,190. Lugnagappul I (Ogham Stone Concept by the Ogham in 3D Project),Q85395562,POINT(-10.124722 52.135833),GOSSUCTTIAS
Q106674225,191. Lugnagappul II (Ogham Stone Concept by the Ogham in 3D Project),Q85395562,POINT(-10.124722 52.135833),GAMICUNAS
Q106674226,192. Martramane (Ogham Stone Concept by the Ogham in 3D Project),Q85395622,POINT(-10.023333 52.251944),QENILOCAGNI MAQI D...
Q106674227,193. Maumanorig (Ogham Stone Concept by the Ogham in 3D Project),Q85395564,POINT(-10.359444 52.144722),ANM COL(OLTH)MAN ALITHIR
