"label"|"desc"|"country"|"country_label"|"site"|"county"|"representing_insc"|"ino"|"st_astext"|"cisp_wd"|"o3d_wd"|"ciic_wd"
"1 (Ogham Stone Concept by the Research Squirrel Ogham Project)"|"Ogham Stone, Ireland"|"Q27"|"Ireland"|"Q85390377"|"Q169923"|"LIE LUGUAEDON MACCI MENUEH"|1|"POINT(-9.316944 53.485556)"|"Q106675539"|NULL|"Q70892272"
"2 (Ogham Stone Concept by the Research Squirrel Ogham Project)"|"Ogham Stone, Ireland"|"Q27"|"Ireland"|"Q85390407"|"Q107397"|"QENUVEN..."|2|"POINT(-7.870556 53.816389)"|"Q106675420"|NULL|"Q70892276"
"3 (Ogham Stone Concept by the Research Squirrel Ogham Project)"|"Ogham Stone, Ireland"|"Q27"|"Ireland"|"Q85390382"|"Q178626"|"CUNALEGI AVI QUNACANOS"|3|"POINT(-8.805 53.781667)"|"Q106675541"|NULL|"Q70892278"
"4 (Ogham Stone Concept by the Research Squirrel Ogham Project)"|"Ogham Stone, Ireland"|"Q27"|"Ireland"|"Q72006009"|"Q178626"|"LUGADDON MAQI LUGUDEC DDISI MO[...]CQU S(?)EL"|4|"POINT(-8.765556 53.773611)"|"Q106675546"|"Q106674314"|"Q70899515"
"5 (Ogham Stone Concept by the Research Squirrel Ogham Project)"|"Ogham Stone, Ireland"|"Q27"|"Ireland"|"Q85390384"|"Q178626"|"ALATTOS MAQI BR..."|5|"POINT(-8.665278 53.896111)"|"Q106675685"|NULL|"Q70899516"
"6 (Ogham Stone Concept by the Research Squirrel Ogham Project)"|"Ogham Stone, Ireland"|"Q27"|"Ireland"|"Q85390388"|"Q178626"|"....MA]Q CERAN[I] AVI ATHECETAIMIN"|6|"POINT(-9.083889 54.074444)"|"Q106675703"|NULL|"Q70899519"
"7 (Ogham Stone Concept by the Research Squirrel Ogham Project)"|"Ogham Stone, Ireland"|"Q27"|"Ireland"|"Q85390409"|"Q178626"|"QASIGN[i] MAQ[I]"|7|"POINT(-8.709444 53.728611)"|"Q106675445"|NULL|"Q70892286"
"8 (Ogham Stone Concept by the Research Squirrel Ogham Project)"|"Ogham Stone, Ireland"|"Q27"|"Ireland"|"Q85390429"|"Q178626"|"]OVI"|8|"POINT(-9.87 53.746389)"|"Q106675478"|NULL|"Q70892288"
"9 (Ogham Stone Concept by the Research Squirrel Ogham Project)"|"Ogham Stone, Ireland"|"Q27"|"Ireland"|"Q85390391"|"Q178626"|"MAQ-ACTO MAQ GAR[... MAQI MUCOI Z]"|9|"POINT(-9.330833 54.260278)"|"Q106675295"|NULL|"Q70892292"
"10 (Ogham Stone Concept by the Research Squirrel Ogham Project)"|"Ogham Stone, Ireland"|"Q27"|"Ireland"|"Q85390394"|"Q178626"|"L[E]GG               SD[...]LEŋESCAD MAQ CORRBRI MAQ AMMLLOŋITT"|10|"POINT(-9.248056 54.248611)"|"Q106675396"|"Q106674154"|"Q70892302"
"11 (Ogham Stone Concept by the Research Squirrel Ogham Project)"|"Ogham Stone, Ireland"|"Q27"|"Ireland"|"Q85390417"|"Q179437"|"CUNOVATO"|11|"POINT(-8.362222 53.84)"|"Q106675496"|"Q106674177"|"Q70892303"
"12 (Ogham Stone Concept by the Research Squirrel Ogham Project)"|"Ogham Stone, Ireland"|"Q27"|"Ireland"|"Q85390711"|"Q179437"|"VRAICCI MAQI MEDVVI"|12|"POINT(-8.297778 53.8075)"|"Q106675660"|"Q106674181"|"Q70892306"
"13 (Ogham Stone Concept by the Research Squirrel Ogham Project)"|"Ogham Stone, Ireland"|"Q27"|"Ireland"|"Q85390711"|"Q179437"|"QREGAS MU[..."|13|"POINT(-8.297778 53.8075)"|"Q106675661"|"Q106674183"|"Q70899521"
"14 (Ogham Stone Concept by the Research Squirrel Ogham Project)"|"Ogham Stone, Ireland"|"Q27"|"Ireland"|"Q85391730"|"Q181882"|NULL|14|"POINT(-6.956452 52.631753)"|"Q106675562"|NULL|"Q70899522"
"15 (Ogham Stone Concept by the Research Squirrel Ogham Project)"|"Ogham Stone, Ireland"|"Q27"|"Ireland"|"Q85391717"|"Q181882"|"RENI"|15|"POINT(-6.573611 52.826389)"|"Q106675418"|"Q106674191"|"Q70892312"
"16 (Ogham Stone Concept by the Research Squirrel Ogham Project)"|"Ogham Stone, Ireland"|"Q27"|"Ireland"|"Q85391648"|"Q181882"|"DUNAIDONAS MAQI MARIANI"|16|"POINT(-6.716667 52.781944)"|"Q106675670"|"Q106674202"|"Q70899524"
"17 (Ogham Stone Concept by the Research Squirrel Ogham Project)"|"Ogham Stone, Ireland"|"Q27"|"Ireland"|"Q85391650"|"Q181882"|"MUCOI MUCC[I"|17|"POINT(-6.727222 52.848056)"|"Q106675697"|"Q106674208"|"Q70892316"
"18 (Ogham Stone Concept by the Research Squirrel Ogham Project)"|"Ogham Stone, Ireland"|"Q27"|"Ireland"|"Q85391732"|"Q4169280"|"S   B           N                   GL T  DM..."|18|"POINT(-6.1525 53.419722)"|"Q106675648"|NULL|"Q70892318"
"19 (Ogham Stone Concept by the Research Squirrel Ogham Project)"|"Ogham Stone, Ireland"|"Q27"|"Ireland"|"Q85391762"|"Q173332"|"OVANOS AVI IVACATTOS"|19|"POINT(-6.756389 53.031111)"|"Q106675423"|"Q106674223"|"Q70899528"
"20 (Ogham Stone Concept by the Research Squirrel Ogham Project)"|"Ogham Stone, Ireland"|"Q27"|"Ireland"|"Q85391762"|"Q173332"|"MAQI-DDECCEDA MAQI MARIN"|20|"POINT(-6.756389 53.031111)"|"Q106675424"|"Q106674234"|"Q70892328"
"21 (Ogham Stone Concept by the Research Squirrel Ogham Project)"|"Ogham Stone, Ireland"|"Q27"|"Ireland"|"Q85391762"|"Q173332"|".....]MAQQI COLLABOTA"|21|"POINT(-6.756389 53.031111)"|"Q106675425"|NULL|"Q70899529"
"22 (Ogham Stone Concept by the Research Squirrel Ogham Project)"|"Ogham Stone, Ireland"|"Q27"|"Ireland"|"Q85391762"|"Q173332"|"...EGNI KOI MAQI MUC[OI] A[L]I[NI]"|22|"POINT(-6.756389 53.031111)"|"Q106675426"|"Q106674255"|"Q70899530"
"23 (Ogham Stone Concept by the Research Squirrel Ogham Project)"|"Ogham Stone, Ireland"|"Q27"|"Ireland"|"Q85391762"|"Q173332"|"AV*S*S*MAQV*S"|23|"POINT(-6.756389 53.031111)"|"Q106675427"|"Q106674258"|"Q70899537"
"24 (Ogham Stone Concept by the Research Squirrel Ogham Project)"|"Ogham Stone, Ireland"|"Q27"|"Ireland"|"Q85391762"|"Q173332"|"UR"|24|"POINT(-6.756389 53.031111)"|"Q106675428"|NULL|"Q70899538"
"25 (Ogham Stone Concept by the Research Squirrel Ogham Project)"|"Ogham Stone, Ireland"|"Q27"|"Ireland"|"Q85391762"|"Q173332"|"LA"|25|"POINT(-6.756389 53.031111)"|"Q106675429"|"Q106674265"|"Q70899541"
"26 (Ogham Stone Concept by the Research Squirrel Ogham Project)"|"Ogham Stone, Ireland"|"Q27"|"Ireland"|"Q85391654"|"Q173332"|"NETTAVRECC [KOI?] MAQI MUCCOI TRENALUGGO"|26|"POINT(-6.551111 53.375278)"|"Q106675474"|"Q106674270"|"Q70899544"
"27 (Ogham Stone Concept by the Research Squirrel Ogham Project)"|"Ogham Stone, Ireland"|"Q27"|"Ireland"|"Q85391701"|"Q180231"|"CNAEMSECH CELLACH MINODOR MUAD MAELMAIRE MAELUADAIG MALMAIRE"|27|"POINT(-7.524444 52.76)"|NULL|NULL|"Q70892342"
"28 (Ogham Stone Concept by the Research Squirrel Ogham Project)"|"Ogham Stone, Ireland"|"Q27"|"Ireland"|"Q85391656"|"Q180231"|"TASEGAGNI [MAQ]I MUCOI MACORBO"|28|"POINT(-7.150556 52.651389)"|"Q106675411"|"Q106674287"|"Q70892353"
"29 (Ogham Stone Concept by the Research Squirrel Ogham Project)"|"Ogham Stone, Ireland"|"Q27"|"Ireland"|"Q85391719"|"Q180231"|"BRAN[I]TTAS M[A]QI DUCR[I]DDA"|29|"POINT(-7.172222 52.617778)"|"Q106675498"|NULL|"Q70892354"
"30 (Ogham Stone Concept by the Research Squirrel Ogham Project)"|"Ogham Stone, Ireland"|"Q27"|"Ireland"|"Q85391719"|"Q180231"|"NAVALLO AVVI GENITTAC[..."|30|"POINT(-7.172222 52.617778)"|"Q106675499"|NULL|"Q70892357"
"31 (Ogham Stone Concept by the Research Squirrel Ogham Project)"|"Ogham Stone, Ireland"|"Q27"|"Ireland"|"Q85391658"|"Q180231"|"DRUGNO MAQI MUCOI [....] NAMI"|31|"POINT(-7.036389 52.518889)"|"Q106675505"|"Q106674306"|"Q70892359"
"32 (Ogham Stone Concept by the Research Squirrel Ogham Project)"|"Ogham Stone, Ireland"|"Q27"|"Ireland"|"Q85391704"|"Q180231"|"MAQI-ERACIAS MAQI DIMAQA MUCO[I...."|32|"POINT(-7.066111 52.6325)"|"Q106675527"|"Q106674307"|"Q70892361"
"33 (Ogham Stone Concept by the Research Squirrel Ogham Project)"|"Ogham Stone, Ireland"|"Q27"|"Ireland"|"Q85391660"|"Q180231"|"LOBBI KOI MAQQI MUC/COI R/INI"|33|"POINT(-6.958056 52.5425)"|"Q106675532"|"Q106674309"|"Q70892363"
"34 (Ogham Stone Concept by the Research Squirrel Ogham Project)"|"Ogham Stone, Ireland"|"Q27"|"Ireland"|"Q85391706"|"Q180231"|"LOBBI KOI MAQQI MUCCOI RINI"|34|"POINT(-7.158611 52.538611)"|"Q106675617"|"Q106674310"|"Q70892365"
"35 (Ogham Stone Concept by the Research Squirrel Ogham Project)"|"Ogham Stone, Ireland"|"Q27"|"Ireland"|"Q85391735"|"Q180231"|"VIR..."|35|"POINT(-7.121389 52.5775)"|"Q106675702"|"Q106674311"|"Q70892367"
"36 (Ogham Stone Concept by the Research Squirrel Ogham Project)"|"Ogham Stone, Ireland"|"Q27"|"Ireland"|"Q85391666"|"Q180231"|"SEVERRIT [MAQI MUCOI RO]TTAIS"|36|"POINT(-7.360833 52.443889)"|"Q106675615"|"Q106674312"|"Q70892369"
"37 (Ogham Stone Concept by the Research Squirrel Ogham Project)"|"Ogham Stone, Ireland"|"Q27"|"Ireland"|"Q85391666"|"Q180231"|"DOVATUCI [A]VI TULOTANAGIA"|37|"POINT(-7.360833 52.443889)"|"Q106675616"|"Q106674313"|"Q70892376"
"38 (Ogham Stone Concept by the Research Squirrel Ogham Project)"|"Ogham Stone, Ireland"|"Q27"|"Ireland"|"Q69378747"|"Q180231"|"CORBI KOI MAQI LABRID [..."|38|"POINT(-7.231111 52.471944)"|"Q106675347"|NULL|"Q67510124"
"39 (Ogham Stone Concept by the Research Squirrel Ogham Project)"|"Ogham Stone, Ireland"|"Q27"|"Ireland"|"Q85391668"|"Q183539"|"BRANOGENI"|39|"POINT(-6.476667 53.845)"|"Q106675360"|NULL|"Q70892378"
"40 (Ogham Stone Concept by the Research Squirrel Ogham Project)"|"Ogham Stone, Ireland"|"Q27"|"Ireland"|"Q85391671"|"Q183544"|"MAQI-CAIRATINI AVI INEQAGLAS"|40|"POINT(-6.559167 53.673333)"|"Q106675643"|"Q106674315"|"Q70892380"
"41 (Ogham Stone Concept by the Research Squirrel Ogham Project)"|"Ogham Stone, Ireland"|"Q27"|"Ireland"|"Q85391673"|"Q183544"|"COVAGNI MAQI MUCOI LUGUNI"|41|"POINT(-6.96 53.735833)"|"Q106675459"|NULL|"Q70892381"
"42 (Ogham Stone Concept by the Research Squirrel Ogham Project)"|"Ogham Stone, Ireland"|"Q27"|"Ireland"|"Q85391707"|"Q184599"|"[--]"|42|"POINT(-6.720556 52.250556)"|"Q106675350"|NULL|"Q70892382"
"43 (Ogham Stone Concept by the Research Squirrel Ogham Project)"|"Ogham Stone, Ireland"|"Q27"|"Ireland"|"Q85391722"|"Q184599"|"LONAMNI AVI BARI"|43|"POINT(-6.6177 52.1173)"|"Q106675531"|NULL|"Q70892386"
"44 (Ogham Stone Concept by the Research Squirrel Ogham Project)"|"Ogham Stone, Ireland"|"Q27"|"Ireland"|"Q85391675"|"Q184599"|"IARNI"|44|"POINT(-6.4275 52.215278)"|"Q106675446"|NULL|"Q70892388"
"45 (Ogham Stone Concept by the Research Squirrel Ogham Project)"|"Ogham Stone, Ireland"|"Q27"|"Ireland"|"Q85391677"|"Q184599"|NULL|45|"POINT(-6.530278 52.543611)"|"Q106675545"|NULL|"Q70892390"
"46 (Ogham Stone Concept by the Research Squirrel Ogham Project)"|"Ogham Stone, Ireland"|"Q27"|"Ireland"|"Q85391680"|"Q184599"|"SEDAN[I MAQQI CAT]TABBOTT AVVI DERCMASOC"|46|"POINT(-6.887778 52.161389)"|"Q106675535"|"Q106674316"|"Q70892393"
"47 (Ogham Stone Concept by the Research Squirrel Ogham Project)"|"Ogham Stone, Ireland"|"Q27"|"Ireland"|"Q85391708"|"Q182591"|"NETA-CARI NETA CAGI"|47|"POINT(-6.063611 52.909167)"|"Q106675460"|"Q106674317"|"Q70892399"
"48 (Ogham Stone Concept by the Research Squirrel Ogham Project)"|"Ogham Stone, Ireland"|"Q27"|"Ireland"|"Q85391710"|"Q182591"|"IAQINI KOI MAQI MUC ...."|48|"POINT(-6.617778 53.016944)"|"Q106675472"|"Q106674319"|"Q70892402"
"49 (Ogham Stone Concept by the Research Squirrel Ogham Project)"|"Ogham Stone, Ireland"|"Q27"|"Ireland"|"Q85391683"|"Q182591"|"..CCI MAQ..INI.."|49|"POINT(-6.624444 52.966389)"|"Q106675370"|"Q106674320"|"Q70892404"
"50 (Ogham Stone Concept by the Research Squirrel Ogham Project)"|"Ogham Stone, Ireland"|"Q27"|"Ireland"|"Q85391685"|"Q182591"|"VOTI"|50|"POINT(-6.608898 52.947012)"|"Q106675365"|"Q106674323"|"Q70892406"
"51 (Ogham Stone Concept by the Research Squirrel Ogham Project)"|"Ogham Stone, Ireland"|"Q27"|"Ireland"|"Q85391711"|"Q182591"|"MAQI NILI"|51|"POINT(-6.535 52.998056)"|"Q106675602"|"Q106674324"|"Q70892409"
"52 (Ogham Stone Concept by the Research Squirrel Ogham Project)"|"Ogham Stone, Ireland"|"Q27"|"Ireland"|"Q85393909"|"Q181862"|NULL|52|"POINT(-9.063611 53.022222)"|NULL|NULL|"Q70892410"
"53 (Ogham Stone Concept by the Research Squirrel Ogham Project)"|"Ogham Stone, Ireland"|"Q27"|"Ireland"|"Q85394775"|"Q181862"|"ATUCMLU"|53|"POINT(-8.9807 52.8463)"|NULL|NULL|"Q70892412"
"54 (Ogham Stone Concept by the Research Squirrel Ogham Project)"|"Ogham Stone, Ireland"|"Q27"|"Ireland"|"Q85393912"|"Q181862"|"[TH]URGRIM RISTI [KR]US THINA BENDACHT [AR] TOROQR[IM]"|54|"POINT(-8.447778 52.803333)"|"Q106675580"|NULL|"Q70892414"
"55 (Ogham Stone Concept by the Research Squirrel Ogham Project)"|"Ogham Stone, Ireland"|"Q27"|"Ireland"|"Q85394096"|"Q162475"|"ANM SAINA MAQ OGALA MUCOI TEMOCA"|55|"POINT(-9.283611 51.733056)"|"Q106675444"|NULL|"Q70892416"
"56 (Ogham Stone Concept by the Research Squirrel Ogham Project)"|"Ogham Stone, Ireland"|"Q27"|"Ireland"|"Q85393991"|"Q162475"|"SAGITTARI"|56|"POINT(-8.599444 52.068056)"|"Q106675402"|NULL|"Q70892424"
"57 (Ogham Stone Concept by the Research Squirrel Ogham Project)"|"Ogham Stone, Ireland"|"Q27"|"Ireland"|"Q72006007"|"Q162475"|"TRENU MAQI MUCOI QRITTI"|57|"POINT(-8.601944 52.081111)"|"Q106675529"|"Q106674325"|"Q70892427"
"58 (Ogham Stone Concept by the Research Squirrel Ogham Project)"|"Ogham Stone, Ireland"|"Q27"|"Ireland"|"Q72006007"|"Q162475"|"CATTUBUTTAS MAQ[..."|58|"POINT(-8.601944 52.081111)"|"Q106675530"|"Q106674327"|"Q70892430"
"59 (Ogham Stone Concept by the Research Squirrel Ogham Project)"|"Ogham Stone, Ireland"|"Q27"|"Ireland"|"Q85393914"|"Q162475"|"]UIVAIBES ]RTAGNI"|59|"POINT(-8.453333 52.010278)"|"Q106675319"|NULL|"Q70892431"
"60 (Ogham Stone Concept by the Research Squirrel Ogham Project)"|"Ogham Stone, Ireland"|"Q27"|"Ireland"|"Q85393914"|"Q162475"|"MAILAGN(I)"|60|"POINT(-8.453333 52.010278)"|"Q106675320"|NULL|"Q70892434"
"61 (Ogham Stone Concept by the Research Squirrel Ogham Project)"|"Ogham Stone, Ireland"|"Q27"|"Ireland"|"Q85393915"|"Q162475"|"OLAGNI MAQ[..."|61|"POINT(-8.360556 52.008611)"|"Q106675372"|NULL|"Q70885730"
"62 (Ogham Stone Concept by the Research Squirrel Ogham Project)"|"Ogham Stone, Ireland"|"Q27"|"Ireland"|"Q85393918"|"Q162475"|"DOCRANORI"|62|"POINT(-8.452778 51.980833)"|"Q106675473"|NULL|"Q70892436"
"63 (Ogham Stone Concept by the Research Squirrel Ogham Project)"|"Ogham Stone, Ireland"|"Q27"|"Ireland"|"Q85393995"|"Q162475"|"COLOMAGNI AVI DUCURI BRUSCO MAQI DOVALESCI"|63|"POINT(-8.175556 51.969444)"|"Q106675517"|NULL|"Q70885723"
"64 (Ogham Stone Concept by the Research Squirrel Ogham Project)"|"Ogham Stone, Ireland"|"Q27"|"Ireland"|"Q85393995"|"Q162475"|"LODIMONI"|64|"POINT(-8.175556 51.969444)"|"Q106675518"|NULL|"Q70892438"
"65 (Ogham Stone Concept by the Research Squirrel Ogham Project)"|"Ogham Stone, Ireland"|"Q27"|"Ireland"|"Q85393922"|"Q162475"|"LOGA MAQI SDANBI"|65|"POINT(-8.246111 52.005278)"|"Q106675653"|NULL|"Q70892442"
"66 (Ogham Stone Concept by the Research Squirrel Ogham Project)"|"Ogham Stone, Ireland"|"Q27"|"Ireland"|"Q85393998"|"Q162475"|"MAQI-DECCEDDAS AVI TURANIAS"|66|"POINT(-9.935278 51.712222)"|"Q106675506"|"Q106674328"|"Q70892444"
"67 (Ogham Stone Concept by the Research Squirrel Ogham Project)"|"Ogham Stone, Ireland"|"Q27"|"Ireland"|"Q85394098"|"Q162475"|"CARI"|67|"POINT(-9.981667 51.628889)"|"Q106675526"|NULL|"Q70892450"
"68 (Ogham Stone Concept by the Research Squirrel Ogham Project)"|"Ogham Stone, Ireland"|"Q27"|"Ireland"|"Q85394111"|"Q162475"|"LUGUQRIT [.........] LONAS"|68|"POINT(-9.711944 51.7275)"|"Q106675552"|NULL|"Q70892452"
"69 (Ogham Stone Concept by the Research Squirrel Ogham Project)"|"Ogham Stone, Ireland"|"Q27"|"Ireland"|"Q85394002"|"Q162475"|"GIRAGNI"|69|"POINT(-8.846944 51.678889)"|"Q106675303"|"Q106674329"|"Q70892453"
"70 (Ogham Stone Concept by the Research Squirrel Ogham Project)"|"Ogham Stone, Ireland"|"Q27"|"Ireland"|"Q85394002"|"Q162475"|"CUNAGUSOS MAQi MUCOI VIRAGNI"|70|"POINT(-8.846944 51.678889)"|"Q106675304"|"Q106674330"|"Q70892457"
"71 (Ogham Stone Concept by the Research Squirrel Ogham Project)"|"Ogham Stone, Ireland"|"Q27"|"Ireland"|"Q85394002"|"Q162475"|"COIMAGNI MAQI MOCOI GA..."|71|"POINT(-8.846944 51.678889)"|"Q106675305"|"Q106674331"|"Q70892459"
"72 (Ogham Stone Concept by the Research Squirrel Ogham Project)"|"Ogham Stone, Ireland"|"Q27"|"Ireland"|"Q85394004"|"Q162475"|"UBEDABO ALTASI"|72|"POINT(-9.088056 51.770833)"|"Q106675316"|NULL|"Q70892460"
"73 (Ogham Stone Concept by the Research Squirrel Ogham Project)"|"Ogham Stone, Ireland"|"Q27"|"Ireland"|"Q85393926"|"Q162475"|"DOMNGEN"|73|"POINT(-8.956111 51.688333)"|"Q106675406"|NULL|"Q70892463"
"74 (Ogham Stone Concept by the Research Squirrel Ogham Project)"|"Ogham Stone, Ireland"|"Q27"|"Ireland"|"Q85393926"|"Q162475"|"CONANN M[AQI] S..."|74|"POINT(-8.956111 51.688333)"|"Q106675407"|NULL|"Q70892466"
"75 (Ogham Stone Concept by the Research Squirrel Ogham Project)"|"Ogham Stone, Ireland"|"Q27"|"Ireland"|"Q85393928"|"Q162475"|"ANM CASONI [MAQ]I RODAGNI"|75|"POINT(-9.185833 51.759444)"|"Q106675543"|NULL|"Q70892468"
"76 (Ogham Stone Concept by the Research Squirrel Ogham Project)"|"Ogham Stone, Ireland"|"Q27"|"Ireland"|"Q85394006"|"Q162475"|"ANM TENAS MACi V[..."|76|"POINT(-8.893056 51.645)"|"Q106675689"|NULL|"Q70892474"
"77 (Ogham Stone Concept by the Research Squirrel Ogham Project)"|"Ogham Stone, Ireland"|"Q27"|"Ireland"|"Q85393931"|"Q162475"|"--][Q][--"|77|"POINT(-9.0125 51.577778)"|"Q106675401"|NULL|"Q70892476"
"78 (Ogham Stone Concept by the Research Squirrel Ogham Project)"|"Ogham Stone, Ireland"|"Q27"|"Ireland"|"Q85394074"|"Q162475"|NULL|78|"POINT(-8.539722 51.957778)"|"Q106675443"|NULL|"Q70892478"
"79 (Ogham Stone Concept by the Research Squirrel Ogham Project)"|"Ogham Stone, Ireland"|"Q27"|"Ireland"|"Q85393934"|"Q162475"|"ELUNA MU[C..."|79|"POINT(-8.075556 51.977222)"|"Q106675675"|"Q106674332"|"Q70892481"
"80 (Ogham Stone Concept by the Research Squirrel Ogham Project)"|"Ogham Stone, Ireland"|"Q27"|"Ireland"|"Q85393934"|"Q162475"|"[M]"|80|"POINT(-8.075556 51.977222)"|"Q106675677"|"Q106674334"|"Q70892484"
"81 (Ogham Stone Concept by the Research Squirrel Ogham Project)"|"Ogham Stone, Ireland"|"Q27"|"Ireland"|"Q69385525"|"Q162475"|"C[A]SSITT[A]S MAQI MUCOI CALLITI"|81|"POINT(-8.761667 51.816389)"|"Q106675512"|NULL|"Q69385424"
"82 (Ogham Stone Concept by the Research Squirrel Ogham Project)"|"Ogham Stone, Ireland"|"Q27"|"Ireland"|"Q85394270"|"Q162475"|"MAILAGURO MAQ[I...]VILEB[..."|82|"POINT(-8.071111 52.026944)"|"Q106675329"|NULL|"Q70892485"
"83 (Ogham Stone Concept by the Research Squirrel Ogham Project)"|"Ogham Stone, Ireland"|"Q27"|"Ireland"|"Q85394270"|"Q162475"|"LAMADILICCI MAC MAIL BROCC"|83|"POINT(-8.071111 52.026944)"|"Q106675336"|NULL|"Q70885704"
"84 (Ogham Stone Concept by the Research Squirrel Ogham Project)"|"Ogham Stone, Ireland"|"Q27"|"Ireland"|"Q85394270"|"Q162475"|"ERACOBI MAQI ERAQETAI"|84|"POINT(-8.071111 52.026944)"|"Q106675337"|NULL|"Q70892488"
"85 (Ogham Stone Concept by the Research Squirrel Ogham Project)"|"Ogham Stone, Ireland"|"Q27"|"Ireland"|"Q85394270"|"Q162475"|"GRILAGNI MAQI SCILAGNI"|85|"POINT(-8.071111 52.026944)"|"Q106675338"|NULL|"Q70885695"
"86 (Ogham Stone Concept by the Research Squirrel Ogham Project)"|"Ogham Stone, Ireland"|"Q27"|"Ireland"|"Q85394270"|"Q162475"|"CLIUCOANAS MAQI MAQI-RENI"|86|"POINT(-8.071111 52.026944)"|"Q106675339"|NULL|"Q70885716"
"87 (Ogham Stone Concept by the Research Squirrel Ogham Project)"|"Ogham Stone, Ireland"|"Q27"|"Ireland"|"Q85394270"|"Q162475"|"DRUTIQULI MAQI MAQI-RODAGNI"|87|"POINT(-8.071111 52.026944)"|"Q106675340"|NULL|"Q70885698"
"88 (Ogham Stone Concept by the Research Squirrel Ogham Project)"|"Ogham Stone, Ireland"|"Q27"|"Ireland"|"Q85394270"|"Q162475"|"BRANAN MAQI OQOLI"|88|"POINT(-8.071111 52.026944)"|"Q106675341"|NULL|"Q70885720"
"89 (Ogham Stone Concept by the Research Squirrel Ogham Project)"|"Ogham Stone, Ireland"|"Q27"|"Ireland"|"Q85394270"|"Q162475"|"BOGAI MAQI BIRACO"|89|"POINT(-8.071111 52.026944)"|"Q106675343"|NULL|"Q70885690"
"90 (Ogham Stone Concept by the Research Squirrel Ogham Project)"|"Ogham Stone, Ireland"|"Q27"|"Ireland"|"Q85394270"|"Q162475"|"CRONUN MAC BAIT"|90|"POINT(-8.071111 52.026944)"|"Q106675345"|NULL|"Q70885712"
"91 (Ogham Stone Concept by the Research Squirrel Ogham Project)"|"Ogham Stone, Ireland"|"Q27"|"Ireland"|"Q85394270"|"Q162475"|"BLATEGSI"|91|"POINT(-8.071111 52.026944)"|"Q106675330"|NULL|"Q70892490"
"92 (Ogham Stone Concept by the Research Squirrel Ogham Project)"|"Ogham Stone, Ireland"|"Q27"|"Ireland"|"Q85394270"|"Q162475"|"ACTI MAQI [.....MAGO."|92|"POINT(-8.071111 52.026944)"|"Q106675331"|NULL|"Q70885713"
"93 (Ogham Stone Concept by the Research Squirrel Ogham Project)"|"Ogham Stone, Ireland"|"Q27"|"Ireland"|"Q85394270"|"Q162475"|"ERCAIDANA"|93|"POINT(-8.071111 52.026944)"|"Q106675332"|NULL|"Q70885692"
"94 (Ogham Stone Concept by the Research Squirrel Ogham Project)"|"Ogham Stone, Ireland"|"Q27"|"Ireland"|"Q85394270"|"Q162475"|"DOMMO MACI VEDUCERI"|94|"POINT(-8.071111 52.026944)"|"Q106675333"|NULL|"Q70885706"
"95 (Ogham Stone Concept by the Research Squirrel Ogham Project)"|"Ogham Stone, Ireland"|"Q27"|"Ireland"|"Q85394270"|"Q162475"|"NAM MEDDOGENI"|95|"POINT(-8.071111 52.026944)"|"Q106675334"|NULL|"Q70885703"
"96 (Ogham Stone Concept by the Research Squirrel Ogham Project)"|"Ogham Stone, Ireland"|"Q27"|"Ireland"|"Q85394270"|"Q162475"|"COVALOTI"|96|"POINT(-8.071111 52.026944)"|"Q106675335"|NULL|"Q70885697"
"97 (Ogham Stone Concept by the Research Squirrel Ogham Project)"|"Ogham Stone, Ireland"|"Q27"|"Ireland"|"Q85394010"|"Q162475"|"...]LL MAQI VORRTIGURN DOIBI"|97|"POINT(-8.608333 51.838611)"|"Q106675321"|"Q106674335"|"Q70892493"
"98 (Ogham Stone Concept by the Research Squirrel Ogham Project)"|"Ogham Stone, Ireland"|"Q27"|"Ireland"|"Q85394010"|"Q162475"|"CORBAGNI K[OI] M[A]Q[I] MOCCOI COROTANI"|98|"POINT(-8.608333 51.838611)"|"Q106675322"|"Q106674336"|"Q70892498"
"99 (Ogham Stone Concept by the Research Squirrel Ogham Project)"|"Ogham Stone, Ireland"|"Q27"|"Ireland"|"Q85394010"|"Q162475"|"SACATTINI"|99|"POINT(-8.608333 51.838611)"|"Q106675323"|"Q106674337"|"Q70892501"
"100 (Ogham Stone Concept by the Research Squirrel Ogham Project)"|"Ogham Stone, Ireland"|"Q27"|"Ireland"|"Q85394010"|"Q162475"|"AB ULCCAGNI"|100|"POINT(-8.608333 51.838611)"|"Q106675324"|"Q106674171"|"Q70892504"
"101 (Ogham Stone Concept by the Research Squirrel Ogham Project)"|"Ogham Stone, Ireland"|"Q27"|"Ireland"|"Q85394010"|"Q162475"|"MAQI-ESEA MAQI DOMANEQI"|101|"POINT(-8.608333 51.838611)"|"Q106675326"|"Q106674173"|"Q70892506"
"102 (Ogham Stone Concept by the Research Squirrel Ogham Project)"|"Ogham Stone, Ireland"|"Q27"|"Ireland"|"Q85394010"|"Q162475"|"DILOGONN"|102|"POINT(-8.608333 51.838611)"|"Q106675328"|"Q106674174"|"Q70892509"
"103 (Ogham Stone Concept by the Research Squirrel Ogham Project)"|"Ogham Stone, Ireland"|"Q27"|"Ireland"|"Q69378412"|"Q162475"|"CARRTTACC GAQI MU CAGG[I]"|103|"POINT(-8.818333 52.015833)"|"Q106675359"|NULL|"Q69377850"
"104 (Ogham Stone Concept by the Research Squirrel Ogham Project)"|"Ogham Stone, Ireland"|"Q27"|"Ireland"|"Q85394077"|"Q162475"|"ANM CORRE MAQVI UDD[GLO]METT"|104|"POINT(-8.823889 51.955833)"|"Q106675430"|NULL|"Q70892510"
"105 (Ogham Stone Concept by the Research Squirrel Ogham Project)"|"Ogham Stone, Ireland"|"Q27"|"Ireland"|"Q85394077"|"Q162475"|"ANM NETACUNAS CELI VIDETTAS"|105|"POINT(-8.823889 51.955833)"|"Q106675431"|NULL|"Q70885728"
"106 (Ogham Stone Concept by the Research Squirrel Ogham Project)"|"Ogham Stone, Ireland"|"Q27"|"Ireland"|"Q85393938"|"Q162475"|"[COLAB]OT MAQI MAQI-RITE [MAQI MU]COI CORIBIRI"|106|"POINT(-8.887778 51.940833)"|"Q106675463"|NULL|"Q70892513"
"107 (Ogham Stone Concept by the Research Squirrel Ogham Project)"|"Ogham Stone, Ireland"|"Q27"|"Ireland"|"Q85394126"|"Q162475"|"CUNAGUSSOS MA[..."|107|"POINT(-8.866111 51.991111)"|"Q106675522"|NULL|"Q70885727"
"108 (Ogham Stone Concept by the Research Squirrel Ogham Project)"|"Ogham Stone, Ireland"|"Q27"|"Ireland"|"Q85394079"|"Q162475"|"LUGUDUC MAQI MAQI-OC [..."|108|"POINT(-8.81 51.9875)"|"Q106675547"|NULL|"Q70892516"
"109 (Ogham Stone Concept by the Research Squirrel Ogham Project)"|"Ogham Stone, Ireland"|"Q27"|"Ireland"|"Q85394014"|"Q162475"|"UDDMENSA CELI NETTASLOGI"|109|"POINT(-8.789444 51.985556)"|"Q106675590"|NULL|"Q70892518"
"110 (Ogham Stone Concept by the Research Squirrel Ogham Project)"|"Ogham Stone, Ireland"|"Q27"|"Ireland"|"Q85393940"|"Q162475"|"B..Q.....HAGA......DL"|110|"POINT(-8.838889 51.9575)"|"Q106675605"|NULL|"Q70892523"
"111 (Ogham Stone Concept by the Research Squirrel Ogham Project)"|"Ogham Stone, Ireland"|"Q27"|"Ireland"|"Q85393940"|"Q162475"|"LUDUDECA MAQU SI[TT?]ALI MUCOI M..."|111|"POINT(-8.838889 51.9575)"|"Q106675606"|NULL|"Q70892526"
"112 (Ogham Stone Concept by the Research Squirrel Ogham Project)"|"Ogham Stone, Ireland"|"Q27"|"Ireland"|"Q69383268"|"Q162475"|"MICANAVVI MAQ LUGUNI"|112|"POINT(-8.794722 51.868056)"|"Q106675607"|NULL|"Q70885739"
"113 (Ogham Stone Concept by the Research Squirrel Ogham Project)"|"Ogham Stone, Ireland"|"Q27"|"Ireland"|"Q69383268"|"Q162475"|"VEQIKAMI MAQI LUGUNI"|113|"POINT(-8.794722 51.868056)"|"Q106675608"|NULL|"Q70382440"
"114 (Ogham Stone Concept by the Research Squirrel Ogham Project)"|"Ogham Stone, Ireland"|"Q27"|"Ireland"|"Q69383268"|"Q162475"|"GRIMIGGN[I MAQ]I CERC..."|114|"POINT(-8.794722 51.868056)"|"Q106675610"|NULL|"Q70885736"
"115 (Ogham Stone Concept by the Research Squirrel Ogham Project)"|"Ogham Stone, Ireland"|"Q27"|"Ireland"|"Q69383268"|"Q162475"|"CULRIGAI MAQI MENUMAQ[I]"|115|"POINT(-8.794722 51.868056)"|"Q106675611"|NULL|"Q69383434"
"116 (Ogham Stone Concept by the Research Squirrel Ogham Project)"|"Ogham Stone, Ireland"|"Q27"|"Ireland"|"Q69383268"|"Q162475"|"BRANI MAQQI MUCC[OI......]R[A]L[..."|116|"POINT(-8.794722 51.868056)"|"Q106675612"|NULL|"Q70382438"
"117 (Ogham Stone Concept by the Research Squirrel Ogham Project)"|"Ogham Stone, Ireland"|"Q27"|"Ireland"|"Q69383268"|"Q162475"|"COLLOS"|117|"POINT(-8.794722 51.868056)"|"Q106675613"|NULL|"Q69385241"
"118 (Ogham Stone Concept by the Research Squirrel Ogham Project)"|"Ogham Stone, Ireland"|"Q27"|"Ireland"|"Q85394081"|"Q162475"|"VEQREQ MUCOI GLUNLEGGET TENREN MONOI GDUQDEGGEV"|118|"POINT(-8.779444 51.974444)"|"Q106675630"|"Q106674179"|"Q70892527"
"119 (Ogham Stone Concept by the Research Squirrel Ogham Project)"|"Ogham Stone, Ireland"|"Q27"|"Ireland"|"Q85394081"|"Q162475"|"DALAGNI MAQI DALI"|119|"POINT(-8.779444 51.974444)"|"Q106675632"|"Q106674180"|"Q70892531"
"120 (Ogham Stone Concept by the Research Squirrel Ogham Project)"|"Ogham Stone, Ireland"|"Q27"|"Ireland"|"Q85394081"|"Q162475"|"BROINIENAS KOI NETA TTRENALUGOS."|120|"POINT(-8.779444 51.974444)"|"Q106675633"|"Q106674182"|"Q70892533"
"121 (Ogham Stone Concept by the Research Squirrel Ogham Project)"|"Ogham Stone, Ireland"|"Q27"|"Ireland"|"Q85394081"|"Q162475"|"VERGOSO MACI LLOMINACCA."|121|"POINT(-8.779444 51.974444)"|"Q106675634"|NULL|"Q70892534"
"122 (Ogham Stone Concept by the Research Squirrel Ogham Project)"|"Ogham Stone, Ireland"|"Q27"|"Ireland"|"Q85394114"|"Q162475"|"MADORA MAQI DEGO"|122|"POINT(-8.829444 51.970833)"|"Q106675627"|NULL|"Q70892536"
"123 (Ogham Stone Concept by the Research Squirrel Ogham Project)"|"Ogham Stone, Ireland"|"Q27"|"Ireland"|"Q85394114"|"Q162475"|"MAQI-BRI.....CELI ALACA..."|123|"POINT(-8.829444 51.970833)"|"Q106675628"|NULL|"Q70892539"
"124 (Ogham Stone Concept by the Research Squirrel Ogham Project)"|"Ogham Stone, Ireland"|"Q27"|"Ireland"|"Q85394017"|"Q162475"|"ANAVLAMATTIAS MUCCOI [..]OELURI AVI AKERAS"|124|"POINT(-8.784167 51.886667)"|"Q106675671"|NULL|"Q70892540"
"125 (Ogham Stone Concept by the Research Squirrel Ogham Project)"|"Ogham Stone, Ireland"|"Q27"|"Ireland"|"Q85394017"|"Q162475"|"MAQI-ERCIAS MAQI VALAMNI"|125|"POINT(-8.784167 51.886667)"|"Q106675672"|NULL|"Q70892545"
"126 (Ogham Stone Concept by the Research Squirrel Ogham Project)"|"Ogham Stone, Ireland"|"Q27"|"Ireland"|"Q85394017"|"Q162475"|"VEDACUNA [MAQI] TOBIRA MUCOI SOGINI"|126|"POINT(-8.784167 51.886667)"|"Q106675674"|NULL|"Q70892549"
"127 (Ogham Stone Concept by the Research Squirrel Ogham Project)"|"Ogham Stone, Ireland"|"Q27"|"Ireland"|"Q85394019"|"Q162475"|"MAQILASPOG B TTMACDE"|127|"POINT(-8.757222 51.946389)"|"Q106675695"|NULL|"Q70885722"
"128 (Ogham Stone Concept by the Research Squirrel Ogham Project)"|"Ogham Stone, Ireland"|"Q27"|"Ireland"|"Q85393943"|"Q162475"|"DOVETI MAQI LOCARENAS CELI MAQI-CULIDOVI"|128|"POINT(-8.909167 52.0075)"|"Q106675456"|NULL|"Q70885734"
"129 (Ogham Stone Concept by the Research Squirrel Ogham Project)"|"Ogham Stone, Ireland"|"Q27"|"Ireland"|"Q85393945"|"Q162475"|"VEQOANAI MAQI EQOD[.."|129|"POINT(-9.026388888 51.841944444)"|"Q106675435"|NULL|"Q70892550"
"130 (Ogham Stone Concept by the Research Squirrel Ogham Project)"|"Ogham Stone, Ireland"|"Q27"|"Ireland"|"Q85393948"|"Q162475"|"SECIDARI"|130|"POINT(-8.928056 52.066667)"|"Q106675457"|NULL|"Q70892553"
"131 (Ogham Stone Concept by the Research Squirrel Ogham Project)"|"Ogham Stone, Ireland"|"Q27"|"Ireland"|"Q85394021"|"Q162475"|"LITUBIRI MAQI QECIA"|131|"POINT(-9.115 51.849444)"|"Q106675514"|NULL|"Q70892555"
"132 (Ogham Stone Concept by the Research Squirrel Ogham Project)"|"Ogham Stone, Ireland"|"Q27"|"Ireland"|"Q85394021"|"Q162475"|"LACAVAGNI"|132|"POINT(-9.115 51.849444)"|"Q106675515"|NULL|"Q70892556"
"133 (Ogham Stone Concept by the Research Squirrel Ogham Project)"|"Ogham Stone, Ireland"|"Q27"|"Ireland"|"Q85394021"|"Q162475"|"VAITEVIA"|133|"POINT(-9.115 51.849444)"|"Q106675516"|NULL|"Q70892558"
"134 (Ogham Stone Concept by the Research Squirrel Ogham Project)"|"Ogham Stone, Ireland"|"Q27"|"Ireland"|"Q85394084"|"Q162475"|"ASSICONA"|134|"POINT(-9.228056 51.828333)"|"Q106675589"|NULL|"Q70892561"
"135 (Ogham Stone Concept by the Research Squirrel Ogham Project)"|"Ogham Stone, Ireland"|"Q27"|"Ireland"|"Q85394128"|"Q162475"|"MINNACCANNI MAQI AILLUATTAN"|135|"POINT(-9.083889 51.926111)"|"Q106675637"|NULL|"Q70892563"
"136 (Ogham Stone Concept by the Research Squirrel Ogham Project)"|"Ogham Stone, Ireland"|"Q27"|"Ireland"|"Q85394024"|"Q184469"|"CT[A]N ... QLOG"|136|"POINT(-9.772778 52.328889)"|"Q106675313"|"Q106674184"|"Q70892567"
"137 (Ogham Stone Concept by the Research Squirrel Ogham Project)"|"Ogham Stone, Ireland"|"Q27"|"Ireland"|"Q85394087"|"Q184469"|"ANM VEDLLOIGGOI MACI SEDDOINI"|137|"POINT(-9.724167 52.362778)"|"Q106675508"|NULL|"Q70892569"
"138 (Ogham Stone Concept by the Research Squirrel Ogham Project)"|"Ogham Stone, Ireland"|"Q27"|"Ireland"|"Q85393952"|"Q184469"|"LADDIGNI MAQQI MUCCOI AN..."|138|"POINT(-10.176111 52.129444)"|"Q106675297"|NULL|"Q70892572"
"139 (Ogham Stone Concept by the Research Squirrel Ogham Project)"|"Ogham Stone, Ireland"|"Q27"|"Ireland"|"Q85393952"|"Q184469"|"LAIDANN MAQI MACORBO"|139|"POINT(-10.176111 52.129444)"|"Q106675298"|NULL|"Q70892574"
"140 (Ogham Stone Concept by the Research Squirrel Ogham Project)"|"Ogham Stone, Ireland"|"Q27"|"Ireland"|"Q85393952"|"Q184469"|"LUGUVVECCA MAQI[..."|140|"POINT(-10.176111 52.129444)"|"Q106675299"|NULL|"Q70892577"
"141 (Ogham Stone Concept by the Research Squirrel Ogham Project)"|"Ogham Stone, Ireland"|"Q27"|"Ireland"|"Q85393955"|"Q184469"|"MAQI MQ[I-...O]GGODIKA."|141|"POINT(-10.138056 52.133056)"|"Q106675300"|"Q106674185"|"Q70892578"
"142 (Ogham Stone Concept by the Research Squirrel Ogham Project)"|"Ogham Stone, Ireland"|"Q27"|"Ireland"|"Q85393955"|"Q184469"|"...] CELI AVI VU[.."|142|"POINT(-10.138056 52.133056)"|"Q106675302"|"Q106674186"|"Q70892582"
"143 (Ogham Stone Concept by the Research Squirrel Ogham Project)"|"Ogham Stone, Ireland"|"Q27"|"Ireland"|"Q85394130"|"Q184469"|"TAQMAQO"|143|"POINT(-10.063056 52.159167)"|"Q106675309"|NULL|"Q70892584"
"144 (Ogham Stone Concept by the Research Squirrel Ogham Project)"|"Ogham Stone, Ireland"|"Q27"|"Ireland"|"Q85394026"|"Q184469"|"DITAV"|144|"POINT(-10.049167 52.143056)"|"Q106675314"|NULL|"Q70892586"
"145 (Ogham Stone Concept by the Research Squirrel Ogham Project)"|"Ogham Stone, Ireland"|"Q27"|"Ireland"|"Q85394028"|"Q184469"|"QRIMITIR RON[A]NN MAQ COMOGANN"|145|"POINT(-10.236944 52.2675)"|"Q106675315"|"Q106674188"|"Q70892592"
"146 (Ogham Stone Concept by the Research Squirrel Ogham Project)"|"Ogham Stone, Ireland"|"Q27"|"Ireland"|"Q85393959"|"Q184469"|"LUGUQRIT MA[QI] QRITT[I]"|146|"POINT(-10.382222 52.166667)"|"Q106675375"|"Q106674189"|"Q70892594"
"147 (Ogham Stone Concept by the Research Squirrel Ogham Project)"|"Ogham Stone, Ireland"|"Q27"|"Ireland"|"Q85393961"|"Q184469"|"MOINENA MAQI OLACON"|147|"POINT(-10.2075 52.140556)"|"Q106675349"|"Q106674190"|"Q70892598"
"148 (Ogham Stone Concept by the Research Squirrel Ogham Project)"|"Ogham Stone, Ireland"|"Q27"|"Ireland"|"Q85394310"|"Q184469"|"DUBONIRRAS MAQQI TENAC[I]"|148|"POINT(-10.386111 52.176111)"|"Q106675351"|NULL|"Q70892599"
"149 (Ogham Stone Concept by the Research Squirrel Ogham Project)"|"Ogham Stone, Ireland"|"Q27"|"Ireland"|"Q85394310"|"Q184469"|"MQQI-QETTI MAQQI CUNITTI"|149|"POINT(-10.386111 52.176111)"|"Q106675352"|NULL|"Q70892602"
"150 (Ogham Stone Concept by the Research Squirrel Ogham Project)"|"Ogham Stone, Ireland"|"Q27"|"Ireland"|"Q85394310"|"Q184469"|"GRAVICAS MAQI MUCOI DOVVINIAS"|150|"POINT(-10.386111 52.176111)"|"Q106675353"|"Q106674192"|"Q70892604"
"151 (Ogham Stone Concept by the Research Squirrel Ogham Project)"|"Ogham Stone, Ireland"|"Q27"|"Ireland"|"Q85394310"|"Q184469"|"BROINIOAS"|151|"POINT(-10.386111 52.176111)"|"Q106675354"|"Q106674193"|"Q70892606"
"152 (Ogham Stone Concept by the Research Squirrel Ogham Project)"|"Ogham Stone, Ireland"|"Q27"|"Ireland"|"Q85394310"|"Q184469"|"LUBBAIS MAQQI DUN....S"|152|"POINT(-10.386111 52.176111)"|"Q106675355"|"Q106674194"|"Q70892609"
"153 (Ogham Stone Concept by the Research Squirrel Ogham Project)"|"Ogham Stone, Ireland"|"Q27"|"Ireland"|"Q85394310"|"Q184469"|"CCUCAMINI MAQQI CATTINI"|153|"POINT(-10.386111 52.176111)"|"Q106675356"|"Q106674195"|"Q70892611"
"154 (Ogham Stone Concept by the Research Squirrel Ogham Project)"|"Ogham Stone, Ireland"|"Q27"|"Ireland"|"Q85394310"|"Q184469"|"CUNAMAQQI CORBBI MAQQ[I MUCCOI DOVVINIA]S"|154|"POINT(-10.386111 52.176111)"|"Q106675357"|"Q106674196"|"Q85409935"
"155 (Ogham Stone Concept by the Research Squirrel Ogham Project)"|"Ogham Stone, Ireland"|"Q27"|"Ireland"|"Q85393964"|"Q184469"|"AKEVRITTI"|155|"POINT(-10.031111 52.1725)"|"Q106675376"|"Q106674197"|"Q70892616"
"156 (Ogham Stone Concept by the Research Squirrel Ogham Project)"|"Ogham Stone, Ireland"|"Q27"|"Ireland"|"Q85393964"|"Q184469"|"MAQQI-IARI KOI MAQQI MUCCOI DOVVINIAS"|156|"POINT(-10.031111 52.1725)"|"Q106675377"|"Q106674198"|"Q70892620"
"157 (Ogham Stone Concept by the Research Squirrel Ogham Project)"|"Ogham Stone, Ireland"|"Q27"|"Ireland"|"Q85393964"|"Q184469"|"DOVETI MAQQi CATTINI"|157|"POINT(-10.031111 52.1725)"|"Q106675378"|"Q106674199"|"Q70892623"
"158 (Ogham Stone Concept by the Research Squirrel Ogham Project)"|"Ogham Stone, Ireland"|"Q27"|"Ireland"|"Q85393964"|"Q184469"|"SUVALLOS MAQQI DUCOVAROS"|158|"POINT(-10.031111 52.1725)"|"Q106675379"|"Q106674200"|"Q70892626"
"159 (Ogham Stone Concept by the Research Squirrel Ogham Project)"|"Ogham Stone, Ireland"|"Q27"|"Ireland"|"Q85393964"|"Q184469"|"MAQI - DECCEDA MAQI GLASICONAS"|159|"POINT(-10.031111 52.1725)"|"Q106675380"|"Q106674201"|"Q70892629"
"160 (Ogham Stone Concept by the Research Squirrel Ogham Project)"|"Ogham Stone, Ireland"|"Q27"|"Ireland"|"Q85393964"|"Q184469"|"TRIA MAQA MAILAGNI CURCITTI"|160|"POINT(-10.031111 52.1725)"|"Q106675382"|"Q106674203"|"Q70892630"
"161 (Ogham Stone Concept by the Research Squirrel Ogham Project)"|"Ogham Stone, Ireland"|"Q27"|"Ireland"|"Q85393964"|"Q184469"|"INISSIONAS"|161|"POINT(-10.031111 52.1725)"|"Q106675383"|"Q106674204"|"Q70892632"
"162 (Ogham Stone Concept by the Research Squirrel Ogham Project)"|"Ogham Stone, Ireland"|"Q27"|"Ireland"|"Q85393964"|"Q184469"|"CUNAMAQQI AVI CORBBI"|162|"POINT(-10.031111 52.1725)"|"Q106675384"|"Q106674205"|"Q70892635"
"163 (Ogham Stone Concept by the Research Squirrel Ogham Project)"|"Ogham Stone, Ireland"|"Q27"|"Ireland"|"Q85393964"|"Q184469"|"NETTA-LAMINACCA KOI MAQQI MUCOI DOVIN[IA]S"|163|"POINT(-10.031111 52.1725)"|"Q106675385"|"Q106674206"|"Q70892636"
"164 (Ogham Stone Concept by the Research Squirrel Ogham Project)"|"Ogham Stone, Ireland"|"Q27"|"Ireland"|"Q85395620"|"Q184469"|"VOENACUNAS M...."|164|"POINT(-10.031389 52.155278)"|"Q106675386"|NULL|"Q70892643"
"165 (Ogham Stone Concept by the Research Squirrel Ogham Project)"|"Ogham Stone, Ireland"|"Q27"|"Ireland"|"Q85395620"|"Q184469"|"[D]DROGNO"|165|"POINT(-10.031389 52.155278)"|"Q106675388"|NULL|"Q70892646"
"166 (Ogham Stone Concept by the Research Squirrel Ogham Project)"|"Ogham Stone, Ireland"|"Q27"|"Ireland"|"Q85395552"|"Q184469"|"COIMAGNI MAQI VITALIN"|166|"POINT(-10.159444 52.186944)"|"Q106675373"|"Q106674207"|"Q70892648"
"167 (Ogham Stone Concept by the Research Squirrel Ogham Project)"|"Ogham Stone, Ireland"|"Q27"|"Ireland"|"Q85395515"|"Q184469"|".. [MAQ]I DROGNO MU[COI] ..."|167|"POINT(-10.0375 52.165833)"|"Q106675366"|NULL|"Q70892652"
"168 (Ogham Stone Concept by the Research Squirrel Ogham Project)"|"Ogham Stone, Ireland"|"Q27"|"Ireland"|"Q85395515"|"Q184469"|"IRCCITOS"|168|"POINT(-10.0375 52.165833)"|"Q106675367"|NULL|"Q70892653"
"169 (Ogham Stone Concept by the Research Squirrel Ogham Project)"|"Ogham Stone, Ireland"|"Q27"|"Ireland"|"Q85395517"|"Q184469"|"MAQI - LIAG MAQI ERCA"|169|"POINT(-10.323333 52.160556)"|"Q106675394"|NULL|"Q70892655"
"170 (Ogham Stone Concept by the Research Squirrel Ogham Project)"|"Ogham Stone, Ireland"|"Q27"|"Ireland"|"Q85395592"|"Q184469"|"QENILOCI MAQI MAQI - AINIA MUC[---"|170|"POINT(-10.3275 52.151389)"|"Q106675391"|"Q106674209"|"Q70892659"
"171 (Ogham Stone Concept by the Research Squirrel Ogham Project)"|"Ogham Stone, Ireland"|"Q27"|"Ireland"|"Q85395518"|"Q184469"|"DUGENNGG[I] MAQI RODDOS"|171|"POINT(-10.029722 52.1875)"|"Q106675374"|"Q106674210"|"Q70892660"
"172 (Ogham Stone Concept by the Research Squirrel Ogham Project)"|"Ogham Stone, Ireland"|"Q27"|"Ireland"|"Q85395519"|"Q184469"|"TOGITTACC MAQI SAGARETTOS"|172|"POINT(-10.400833 52.155833)"|"Q106675403"|"Q106674211"|"Q70892662"
"173 (Ogham Stone Concept by the Research Squirrel Ogham Project)"|"Ogham Stone, Ireland"|"Q27"|"Ireland"|"Q85395554"|"Q184469"|"[MAQ]QI MUCC[OI]"|173|"POINT(-10.036389 52.146944)"|"Q106675395"|"Q106674212"|"Q70892669"
"174 (Ogham Stone Concept by the Research Squirrel Ogham Project)"|"Ogham Stone, Ireland"|"Q27"|"Ireland"|"Q85395555"|"Q184469"|NULL|174|"POINT(-10.159444 52.186944)"|"Q106675400"|NULL|"Q70892670"
"175 (Ogham Stone Concept by the Research Squirrel Ogham Project)"|"Ogham Stone, Ireland"|"Q27"|"Ireland"|"Q85395594"|"Q184469"|"MAQQI-ERCCIAS MAQQI MUCOI DOVINIA"|175|"POINT(-10.306944 52.125833)"|"Q106675398"|"Q106674213"|"Q70892674"
"176 (Ogham Stone Concept by the Research Squirrel Ogham Project)"|"Ogham Stone, Ireland"|"Q27"|"Ireland"|"Q85395556"|"Q184469"|"CONUNETT MOQI CONURI."|176|"POINT(-9.910278 52.215)"|"Q106675404"|NULL|"Q70892676"
"177 (Ogham Stone Concept by the Research Squirrel Ogham Project)"|"Ogham Stone, Ireland"|"Q27"|"Ireland"|"Q85395556"|"Q184469"|"CCILARI AV[I].....COI VAG...."|177|"POINT(-9.910278 52.215)"|"Q106675405"|NULL|"Q70892679"
"178 (Ogham Stone Concept by the Research Squirrel Ogham Project)"|"Ogham Stone, Ireland"|"Q27"|"Ireland"|"Q85395557"|"Q184469"|"ERC MAQI MAQI-ERCIAS MU DOVINIA"|178|"POINT(-10.458333 52.111944)"|"Q106675447"|"Q106674214"|"Q70892682"
"179 (Ogham Stone Concept by the Research Squirrel Ogham Project)"|"Ogham Stone, Ireland"|"Q27"|"Ireland"|"Q85395597"|"Q184469"|"......ETORIGAS"|179|"POINT(-10.27 52.14)"|"Q106675469"|NULL|"Q70892683"
"180 (Ogham Stone Concept by the Research Squirrel Ogham Project)"|"Ogham Stone, Ireland"|"Q27"|"Ireland"|"Q85395559"|"Q184469"|"BRUSCCOS MAQQI CALIACI[AS] M[AQQI MUCOI..."|180|"POINT(-10.228056 52.133056)"|"Q106675502"|"Q106674215"|"Q70892686"
"181 (Ogham Stone Concept by the Research Squirrel Ogham Project)"|"Ogham Stone, Ireland"|"Q27"|"Ireland"|"Q85395521"|"Q184469"|"TALAGNI MAQ...."|181|"POINT(-10.270556 52.135278)"|"Q106675503"|"Q106674217"|"Q70892689"
"182 (Ogham Stone Concept by the Research Squirrel Ogham Project)"|"Ogham Stone, Ireland"|"Q27"|"Ireland"|"Q85395522"|"Q184469"|"GANICCA"|182|"POINT(-10.159444 52.186944)"|"Q106675523"|NULL|"Q70892693"
"183 (Ogham Stone Concept by the Research Squirrel Ogham Project)"|"Ogham Stone, Ireland"|"Q27"|"Ireland"|"Q85395523"|"Q184469"|"LMCBDV"|183|"POINT(-10.437222 52.103333)"|"Q106675519"|NULL|"Q70892695"
"184 (Ogham Stone Concept by the Research Squirrel Ogham Project)"|"Ogham Stone, Ireland"|"Q27"|"Ireland"|"Q85395524"|"Q184469"|"MAQQI-DECEDDA MAQQI CATUVIQ[QA]"|184|"POINT(-10.126667 52.140833)"|"Q106675525"|NULL|"Q70892699"
"185 (Ogham Stone Concept by the Research Squirrel Ogham Project)"|"Ogham Stone, Ireland"|"Q27"|"Ireland"|"Q85395526"|"Q184469"|"[CO?]BB[A?] AVI VLATIAMI MAQ..."|185|"POINT(-10.607778 52.044444)"|"Q106675540"|"Q106674218"|"Q70892701"
"186 (Ogham Stone Concept by the Research Squirrel Ogham Project)"|"Ogham Stone, Ireland"|"Q27"|"Ireland"|"Q85395599"|"Q184469"|"EQODDI SCI FINTEN"|186|"POINT(-10.300556 52.153333)"|"Q106675544"|"Q106674219"|"Q70892704"
"187 (Ogham Stone Concept by the Research Squirrel Ogham Project)"|"Ogham Stone, Ireland"|"Q27"|"Ireland"|"Q85395528"|"Q184469"|"ANM MAILE-INBIR MACI BROCANN"|187|"POINT(-10.333056 52.188333)"|"Q106675591"|"Q106674220"|"Q70892706"
"188 (Ogham Stone Concept by the Research Squirrel Ogham Project)"|"Ogham Stone, Ireland"|"Q27"|"Ireland"|"Q85395530"|"Q184469"|"MARIANI"|188|"POINT(-10.194444 52.120556)"|"Q106675548"|"Q106674221"|"Q70892708"
"189 (Ogham Stone Concept by the Research Squirrel Ogham Project)"|"Ogham Stone, Ireland"|"Q27"|"Ireland"|"Q85395530"|"Q184469"|"SAŊTI LLOTETI AVI SRUSA."|189|"POINT(-10.194444 52.120556)"|"Q106675549"|"Q106674222"|"Q70892711"
"190 (Ogham Stone Concept by the Research Squirrel Ogham Project)"|"Ogham Stone, Ireland"|"Q27"|"Ireland"|"Q85395562"|"Q184469"|"GOSSUCTTIAS"|190|"POINT(-10.124722 52.135833)"|"Q106675623"|"Q106674224"|"Q70892714"
"191 (Ogham Stone Concept by the Research Squirrel Ogham Project)"|"Ogham Stone, Ireland"|"Q27"|"Ireland"|"Q85395562"|"Q184469"|"GAMICUNAS"|191|"POINT(-10.124722 52.135833)"|"Q106675624"|"Q106674225"|"Q70892719"
"192 (Ogham Stone Concept by the Research Squirrel Ogham Project)"|"Ogham Stone, Ireland"|"Q27"|"Ireland"|"Q85395622"|"Q184469"|"QENILOCGNI MAQI D..."|192|"POINT(-10.023333 52.251944)"|"Q106675636"|"Q106674226"|"Q70892722"
"193 (Ogham Stone Concept by the Research Squirrel Ogham Project)"|"Ogham Stone, Ireland"|"Q27"|"Ireland"|"Q85395564"|"Q184469"|"ANM COLMAN AILITHIR"|193|"POINT(-10.359444 52.144722)"|"Q106675626"|"Q106674227"|"Q70892725"
"194 (Ogham Stone Concept by the Research Squirrel Ogham Project)"|"Ogham Stone, Ireland"|"Q27"|"Ireland"|"Q85395627"|"Q184469"|"SIDANI MAQI DALO"|194|"POINT(-10.024444 52.167778)"|"Q106675678"|NULL|"Q70892726"
"195 (Ogham Stone Concept by the Research Squirrel Ogham Project)"|"Ogham Stone, Ireland"|"Q27"|"Ireland"|"Q85395567"|"Q184469"|"CURCI MAQI MUCOI V[..."|195|"POINT(-9.990556 52.1725)"|"Q106675683"|"Q106674229"|"Q70892731"
"196 (Ogham Stone Concept by the Research Squirrel Ogham Project)"|"Ogham Stone, Ireland"|"Q27"|"Ireland"|"Q85395567"|"Q184469"|"ERCAVICCAS MAQI CO[..."|196|"POINT(-9.990556 52.1725)"|"Q106675684"|"Q106674230"|"Q70892732"
"197 (Ogham Stone Concept by the Research Squirrel Ogham Project)"|"Ogham Stone, Ireland"|"Q27"|"Ireland"|"Q69379704"|"Q184469"|"DEGOS MAQI MOCOI TOICAKI"|197|"POINT(-9.642778 52.061111)"|"Q106675436"|"Q106674231"|"Q70892734"
"198 (Ogham Stone Concept by the Research Squirrel Ogham Project)"|"Ogham Stone, Ireland"|"Q27"|"Ireland"|"Q69379704"|"Q184469"|"MAQI-RITEAS MAQI MAQI-DDUMILEAS MUCOI TOICACI"|198|"POINT(-9.642778 52.061111)"|"Q106675437"|"Q106674232"|"Q70892738"
"199 (Ogham Stone Concept by the Research Squirrel Ogham Project)"|"Ogham Stone, Ireland"|"Q27"|"Ireland"|"Q69379704"|"Q184469"|"CUNACENA"|199|"POINT(-9.642778 52.061111)"|"Q106675438"|"Q106674233"|"Q70892739"
"200 (Ogham Stone Concept by the Research Squirrel Ogham Project)"|"Ogham Stone, Ireland"|"Q27"|"Ireland"|"Q69379704"|"Q184469"|"MAQI-TTAL MAQI VORGOS MAQI MUCOI TOICAC"|200|"POINT(-9.642778 52.061111)"|"Q106675439"|"Q106674235"|"Q70892745"
"201 (Ogham Stone Concept by the Research Squirrel Ogham Project)"|"Ogham Stone, Ireland"|"Q27"|"Ireland"|"Q69379704"|"Q184469"|"MC[ ]GE [ ]M [..] Q[ ] ..[ ]D [ ]E"|201|"POINT(-9.642778 52.061111)"|"Q106675440"|"Q106674236"|"Q70892748"
"202 (Ogham Stone Concept by the Research Squirrel Ogham Project)"|"Ogham Stone, Ireland"|"Q27"|"Ireland"|"Q69379704"|"Q184469"|"NIOTTVRECC MAQI [....]GNI"|202|"POINT(-9.642778 52.061111)"|"Q106675441"|"Q106674237"|"Q70892750"
"203 (Ogham Stone Concept by the Research Squirrel Ogham Project)"|"Ogham Stone, Ireland"|"Q27"|"Ireland"|"Q69379704"|"Q184469"|"MAQI-DECEDA MAQ̣[..."|203|"POINT(-9.642778 52.061111)"|"Q106675442"|"Q106674238"|"Q67978531"
"204 (Ogham Stone Concept by the Research Squirrel Ogham Project)"|"Ogham Stone, Ireland"|"Q27"|"Ireland"|"Q85395570"|"Q184469"|"ANM MAGANN MAQI NUADAT"|204|"POINT(-9.621667 52.208611)"|"Q106675462"|NULL|"Q70892754"
"205 (Ogham Stone Concept by the Research Squirrel Ogham Project)"|"Ogham Stone, Ireland"|"Q27"|"Ireland"|"Q85395535"|"Q184469"|"S[M]....BNAG MA[Q?]QI ERCIA"|205|"POINT(-9.665 51.974444)"|"Q106675468"|"Q106674239"|"Q70892756"
"206 (Ogham Stone Concept by the Research Squirrel Ogham Project)"|"Ogham Stone, Ireland"|"Q27"|"Ireland"|"Q85395537"|"Q184469"|"ANM VIRR[...]ANNI TIGIRN CEDATTOQA MAQI VEDELMET[T]"|206|"POINT(-9.747222 52.071944)"|"Q106675554"|"Q106674240"|"Q70892757"
"207 (Ogham Stone Concept by the Research Squirrel Ogham Project)"|"Ogham Stone, Ireland"|"Q27"|"Ireland"|"Q85395537"|"Q184469"|"....]ECC MAQI L[UGUQ]RRIT"|207|"POINT(-9.747222 52.071944)"|"Q106675555"|"Q106674242"|"Q70892761"
"208 (Ogham Stone Concept by the Research Squirrel Ogham Project)"|"Ogham Stone, Ireland"|"Q27"|"Ireland"|"Q85395537"|"Q184469"|"UMALL"|208|"POINT(-9.747222 52.071944)"|"Q106675556"|"Q106674243"|"Q70892763"
"209 (Ogham Stone Concept by the Research Squirrel Ogham Project)"|"Ogham Stone, Ireland"|"Q27"|"Ireland"|"Q85395537"|"Q184469"|"...]GGO MAQI AGILL[...."|209|"POINT(-9.747222 52.071944)"|"Q106675557"|"Q106674244"|"Q70892767"
"210 (Ogham Stone Concept by the Research Squirrel Ogham Project)"|"Ogham Stone, Ireland"|"Q27"|"Ireland"|"Q85395537"|"Q184469"|"DUBE[B?]"|210|"POINT(-9.747222 52.071944)"|"Q106675558"|"Q106674246"|"Q70892772"
"211 (Ogham Stone Concept by the Research Squirrel Ogham Project)"|"Ogham Stone, Ireland"|"Q27"|"Ireland"|"Q85395537"|"Q184469"|"RITTUVVECC MAQI VEDDONOS"|211|"POINT(-9.747222 52.071944)"|"Q106675559"|"Q106674247"|"Q70892774"
"212 (Ogham Stone Concept by the Research Squirrel Ogham Project)"|"Ogham Stone, Ireland"|"Q27"|"Ireland"|"Q85395537"|"Q184469"|"L M"|212|"POINT(-9.747222 52.071944)"|"Q106675560"|"Q106674248"|"Q70892778"
"213 (Ogham Stone Concept by the Research Squirrel Ogham Project)"|"Ogham Stone, Ireland"|"Q27"|"Ireland"|"Q85395537"|"Q184469"|"URG"|213|"POINT(-9.747222 52.071944)"|"Q106675561"|"Q106674249"|"Q70892780"
"214 (Ogham Stone Concept by the Research Squirrel Ogham Project)"|"Ogham Stone, Ireland"|"Q27"|"Ireland"|"Q85395538"|"Q184469"|"ANNVENI TEGG[...."|214|"POINT(-9.718889 52.068056)"|"Q106675564"|NULL|"Q70892784"
"215 (Ogham Stone Concept by the Research Squirrel Ogham Project)"|"Ogham Stone, Ireland"|"Q27"|"Ireland"|"Q85395539"|"Q184469"|"ALATTO CELI BATTIGNI"|215|"POINT(-9.703056 52.080556)"|"Q106675704"|"Q106674250"|"Q70892785"
"216 (Ogham Stone Concept by the Research Squirrel Ogham Project)"|"Ogham Stone, Ireland"|"Q27"|"Ireland"|"Q85395539"|"Q184469"|"GOSOCTEAS MOSAC MAKINI"|216|"POINT(-9.703056 52.080556)"|"Q106675705"|"Q106674251"|"Q70892787"
"217 (Ogham Stone Concept by the Research Squirrel Ogham Project)"|"Ogham Stone, Ireland"|"Q27"|"Ireland"|"Q85395539"|"Q184469"|"NOCATI MAQI MAQI-REC [....] MAQI MUCOI UDDAMI"|217|"POINT(-9.703056 52.080556)"|"Q106675706"|"Q106674253"|"Q70892791"
"218 (Ogham Stone Concept by the Research Squirrel Ogham Project)"|"Ogham Stone, Ireland"|"Q27"|"Ireland"|"Q85395539"|"Q184469"|"L[A]G[O]BB[... MUCO - TUCACAC"|218|"POINT(-9.703056 52.080556)"|"Q106675707"|"Q106674254"|"Q70892792"
"219 (Ogham Stone Concept by the Research Squirrel Ogham Project)"|"Ogham Stone, Ireland"|"Q27"|"Ireland"|"Q85395602"|"Q184469"|"ANM CRUNAN MAQ LUQIN"|219|"POINT(-9.746667 51.91)"|"Q106675466"|NULL|"Q70892797"
"220 (Ogham Stone Concept by the Research Squirrel Ogham Project)"|"Ogham Stone, Ireland"|"Q27"|"Ireland"|"Q85395573"|"Q184469"|"ANM LLATIGNI MAQ M[I]N[E]RC M[UCOI] Q[...]CI"|220|"POINT(-10.122222 51.773056)"|"Q106675467"|"Q106674256"|"Q70892799"
"221 (Ogham Stone Concept by the Research Squirrel Ogham Project)"|"Ogham Stone, Ireland"|"Q27"|"Ireland"|"Q85395540"|"Q184469"|"CATVVIRR MAQI LUGUVVEC"|221|"POINT(-9.786667 51.881111)"|"Q106675480"|NULL|"Q70892801"
"222 (Ogham Stone Concept by the Research Squirrel Ogham Project)"|"Ogham Stone, Ireland"|"Q27"|"Ireland"|"Q85395541"|"Q184469"|".....]NEGGNI"|222|"POINT(-9.875 51.858611)"|"Q106675625"|NULL|"Q70892805"
"223 (Ogham Stone Concept by the Research Squirrel Ogham Project)"|"Ogham Stone, Ireland"|"Q27"|"Ireland"|"Q85395605"|"Q184469"|"ANM VINNAGITLET..."|223|"POINT(-9.875 51.858611)"|"Q106675652"|"Q106674257"|"Q70892807"
"224 (Ogham Stone Concept by the Research Squirrel Ogham Project)"|"Ogham Stone, Ireland"|"Q27"|"Ireland"|"Q85395543"|"Q184469"|"MOŊUNILOCID MAQI ALOTTO"|224|"POINT(-9.525833 51.885278)"|"Q106675485"|NULL|"Q70892808"
"225 (Ogham Stone Concept by the Research Squirrel Ogham Project)"|"Ogham Stone, Ireland"|"Q27"|"Ireland"|"Q85395607"|"Q184469"|"NOARRA MAQI VORUDRAN"|225|"POINT(-9.551667 51.8475)"|"Q106675533"|NULL|"Q70892810"
"226 (Ogham Stone Concept by the Research Squirrel Ogham Project)"|"Ogham Stone, Ireland"|"Q27"|"Ireland"|"Q85395624"|"Q184469"|"ORIBRASSIA"|226|"POINT(-9.389167 51.839444)"|"Q106675538"|NULL|"Q70892813"
"227 (Ogham Stone Concept by the Research Squirrel Ogham Project)"|"Ogham Stone, Ireland"|"Q27"|"Ireland"|"Q85395546"|"Q184469"|"OTTINN MAQI VECR[EC]"|227|"POINT(-9.413611 51.883333)"|"Q106675622"|NULL|"Q70892814"
"228 (Ogham Stone Concept by the Research Squirrel Ogham Project)"|"Ogham Stone, Ireland"|"Q27"|"Ireland"|"Q85395548"|"Q184469"|"MAQI BROCI"|228|"POINT(-9.421389 52.566667)"|"Q106675422"|NULL|"Q70892818"
"229 (Ogham Stone Concept by the Research Squirrel Ogham Project)"|"Ogham Stone, Ireland"|"Q27"|"Ireland"|"Q85395576"|"Q184469"|"ANM CALUMANN MAQ[..."|229|"POINT(-10.166667 51.921111)"|"Q106675409"|NULL|"Q70892821"
"230 (Ogham Stone Concept by the Research Squirrel Ogham Project)"|"Ogham Stone, Ireland"|"Q27"|"Ireland"|"Q85395549"|"Q184469"|"D[...]A[.C?.] AVI DALAGNI [MAQI C...?] EQQEGGNI MAQI MAQI-CARATTINN"|230|"POINT(-10.176944 51.894167)"|"Q106675414"|"Q106674259"|"Q70892823"
"231 (Ogham Stone Concept by the Research Squirrel Ogham Project)"|"Ogham Stone, Ireland"|"Q27"|"Ireland"|"Q85395579"|"Q184469"|"LOGITTI MAQI ERPENN"|231|"POINT(-10.365556 51.912222)"|"Q106675432"|NULL|"Q70892827"
"232 (Ogham Stone Concept by the Research Squirrel Ogham Project)"|"Ogham Stone, Ireland"|"Q27"|"Ireland"|"Q85395579"|"Q184469"|"....]ERRLONNA MAQI R[U]T[E]N[I]"|232|"POINT(-10.365556 51.912222)"|"Q106675433"|NULL|"Q70892828"
"233 (Ogham Stone Concept by the Research Squirrel Ogham Project)"|"Ogham Stone, Ireland"|"Q27"|"Ireland"|"Q85395550"|"Q184469"|"TIDONN[A] MAQ DOMNGINN"|233|"POINT(-10.113611 51.848056)"|"Q106675471"|NULL|"Q70892829"
"234 (Ogham Stone Concept by the Research Squirrel Ogham Project)"|"Ogham Stone, Ireland"|"Q27"|"Ireland"|"Q85395582"|"Q184469"|"MAQI R[....."|234|"POINT(-10.029167 52.031111)"|"Q106675578"|NULL|"Q70892834"
"235 (Ogham Stone Concept by the Research Squirrel Ogham Project)"|"Ogham Stone, Ireland"|"Q27"|"Ireland"|"Q85395618"|"Q184469"|"ANM MOLEGOMRID MACI VECUMEN"|235|"POINT(-10.175833 51.913333)"|"Q106675568"|NULL|"Q70892835"
"236 (Ogham Stone Concept by the Research Squirrel Ogham Project)"|"Ogham Stone, Ireland"|"Q27"|"Ireland"|"Q85395551"|"Q184469"|"...]OTANI M[A]QI LOSAGNI"|236|"POINT(-10.301944 51.843333)"|"Q106675587"|NULL|"Q70892837"
"237 (Ogham Stone Concept by the Research Squirrel Ogham Project)"|"Ogham Stone, Ireland"|"Q27"|"Ireland"|"Q85395551"|"Q184469"|"[--]"|237|"POINT(-10.301944 51.843333)"|"Q106675588"|NULL|"Q70892842"
"238 (Ogham Stone Concept by the Research Squirrel Ogham Project)"|"Ogham Stone, Ireland"|"Q27"|"Ireland"|"Q85395585"|"Q184469"|"......]QNETN[....."|238|"POINT(-10.220833 51.923333)"|"Q106675618"|NULL|"Q70892844"
"239 (Ogham Stone Concept by the Research Squirrel Ogham Project)"|"Ogham Stone, Ireland"|"Q27"|"Ireland"|"Q85396891"|"Q184469"|"ANM GATTEGLAN"|239|"POINT(-10.025278 52.013611)"|"Q106675619"|NULL|"Q70892846"
"240 (Ogham Stone Concept by the Research Squirrel Ogham Project)"|"Ogham Stone, Ireland"|"Q27"|"Ireland"|"Q85396810"|"Q184469"|"MOCURRUTI MAQI VLISACESUCMIR"|240|"POINT(-10.058889 51.970833)"|"Q106675691"|NULL|"Q70892848"
"241 (Ogham Stone Concept by the Research Squirrel Ogham Project)"|"Ogham Stone, Ireland"|"Q27"|"Ireland"|"Q85396894"|"Q184469"|"B[AID]AGNI MAQI ADDILONA NAGUNI MUCO BAIDANI NIR***MN[I]DAGNIESSICONIDDALA AMIT BAIDAGNI"|241|"POINT(-9.673611 52.086111)"|"Q106675551"|"Q106674260"|"Q70892851"
"242 (Ogham Stone Concept by the Research Squirrel Ogham Project)"|"Ogham Stone, Ireland"|"Q27"|"Ireland"|"Q85396972"|"Q184469"|"BRRUANANN"|242|"POINT(-9.558333 52.077778)"|"Q106675644"|"Q106674261"|"Q70892852"
"243 (Ogham Stone Concept by the Research Squirrel Ogham Project)"|"Ogham Stone, Ireland"|"Q27"|"Ireland"|"Q85396812"|"Q184469"|"MAQI-RITTE MAQI COLABOT MAQI MOCO QERAI"|243|"POINT(-9.631667 52.128889)"|"Q106675662"|NULL|"Q70892854"
"244 (Ogham Stone Concept by the Research Squirrel Ogham Project)"|"Ogham Stone, Ireland"|"Q27"|"Ireland"|"Q85396812"|"Q184469"|"COILLABBOTAS MAQI CORBBI MAQI MOCOI QERAI"|244|"POINT(-9.631667 52.128889)"|"Q106675663"|NULL|"Q70892857"
"245 (Ogham Stone Concept by the Research Squirrel Ogham Project)"|"Ogham Stone, Ireland"|"Q27"|"Ireland"|"Q85396812"|"Q184469"|"VŊGOLAM"|245|"POINT(-9.631667 52.128889)"|"Q106675664"|NULL|"Q70892859"
"246 (Ogham Stone Concept by the Research Squirrel Ogham Project)"|"Ogham Stone, Ireland"|"Q27"|"Ireland"|"Q85396812"|"Q184469"|"CORBAGNI MAQI BIVITI"|246|"POINT(-9.631667 52.128889)"|"Q106675666"|NULL|"Q70892864"
"247 (Ogham Stone Concept by the Research Squirrel Ogham Project)"|"Ogham Stone, Ireland"|"Q27"|"Ireland"|"Q85396974"|"Q184469"|"COVTET"|247|"POINT(-9.662778 52.147778)"|"Q106675318"|NULL|"Q70892869"
"248 (Ogham Stone Concept by the Research Squirrel Ogham Project)"|"Ogham Stone, Ireland"|"Q27"|"Ireland"|"Q85396897"|"Q184469"|"...QET[IA?]S M[A?]Q TRENIL[U?...]"|248|"POINT(-9.438889 52.1425)"|"Q106675362"|NULL|"Q70892870"
"249 (Ogham Stone Concept by the Research Squirrel Ogham Project)"|"Ogham Stone, Ireland"|"Q27"|"Ireland"|"Q85396931"|"Q184469"|"UN[...]CC"|249|"POINT(-9.687778 52.161944)"|"Q106675371"|NULL|"Q70892873"
"250 (Ogham Stone Concept by the Research Squirrel Ogham Project)"|"Ogham Stone, Ireland"|"Q27"|"Ireland"|"Q85396820"|"Q184469"|"CATTUVVIRR MAQI RITUVVECAS MUCOI ALLATO"|250|"POINT(-9.771944 52.165833)"|"Q106675421"|NULL|"Q70892889"
"251 (Ogham Stone Concept by the Research Squirrel Ogham Project)"|"Ogham Stone, Ireland"|"Q27"|"Ireland"|"Q85396823"|"Q184469"|"VELITAS LUGUTTI"|251|"POINT(-9.5325 52.191667)"|"Q106675451"|NULL|"Q70892894"
"252 (Ogham Stone Concept by the Research Squirrel Ogham Project)"|"Ogham Stone, Ireland"|"Q27"|"Ireland"|"Q85396933"|"Q184469"|"DUMELI MAQI GLASICONAS NIOTTA COBRANOR[IGAS]"|252|"POINT(-9.581944 52.226667)"|"Q106675534"|"Q106674266"|"Q70892895"
"253 (Ogham Stone Concept by the Research Squirrel Ogham Project)"|"Ogham Stone, Ireland"|"Q27"|"Ireland"|"Q85396826"|"Q184469"|"GALEOTOS"|253|"POINT(-9.540833 52.233611)"|"Q106675583"|"Q106674267"|"Q70892897"
"254 (Ogham Stone Concept by the Research Squirrel Ogham Project)"|"Ogham Stone, Ireland"|"Q27"|"Ireland"|"Q85396936"|"Q184469"|"MAQI RECTA"|254|"POINT(-9.540833 52.233611)"|"Q106675584"|NULL|"Q70892906"
"255 (Ogham Stone Concept by the Research Squirrel Ogham Project)"|"Ogham Stone, Ireland"|"Q27"|"Ireland"|"Q85396900"|"Q184469"|"ANM VURUDDRANN MAQ[I] DOLIGENN CI[...]LA MAQ[Q?]I [..]BAGNI"|255|"POINT(-9.7575 52.124722)"|"Q106675693"|"Q106674268"|"Q70892907"
"256 (Ogham Stone Concept by the Research Squirrel Ogham Project)"|"Ogham Stone, Ireland"|"Q27"|"Ireland"|"Q85396900"|"Q184469"|"ANM TEGANN MAAC DEGLANN"|256|"POINT(-9.7575 52.124722)"|"Q106675694"|"Q106674269"|"Q70892910"
"257 (Ogham Stone Concept by the Research Squirrel Ogham Project)"|"Ogham Stone, Ireland"|"Q27"|"Ireland"|"Q85396834"|"Q178283"|"D[A]Q[U]MA MAQI RAGAVVECC"|257|"POINT(-8.823889 52.4575)"|"Q106675363"|NULL|"Q70892912"
"258 (Ogham Stone Concept by the Research Squirrel Ogham Project)"|"Ogham Stone, Ireland"|"Q27"|"Ireland"|"Q85396837"|"Q178283"|"MAILAGNI MAQI GAMATI"|258|"POINT(-8.377222 52.381944)"|"Q106675369"|NULL|"Q70892914"
"259 (Ogham Stone Concept by the Research Squirrel Ogham Project)"|"Ogham Stone, Ireland"|"Q27"|"Ireland"|"Q85396939"|"Q178283"|"IVAGENI MAQI LAISCEMITA"|259|"POINT(-8.562778 52.328611)"|"Q106675629"|NULL|"Q70892917"
"260 (Ogham Stone Concept by the Research Squirrel Ogham Project)"|"Ogham Stone, Ireland"|"Q27"|"Ireland"|"Q85396941"|"Q184618"|"--][..][--"|260|"POINT(-8.105278 52.275833)"|"Q106675638"|NULL|"Q70892919"
"261 (Ogham Stone Concept by the Research Squirrel Ogham Project)"|"Ogham Stone, Ireland"|"Q27"|"Ireland"|"Q85396903"|"Q184618"|"NETACUNAS MAQI LOBAC[CONA]"|261|"POINT(-7.758056 52.221667)"|"Q106675649"|NULL|"Q70892920"
"262 (Ogham Stone Concept by the Research Squirrel Ogham Project)"|"Ogham Stone, Ireland"|"Q27"|"Ireland"|"Q85396840"|"Q184594"|"ERCAGNI MAQI ERCIAS"|262|"POINT(-7.998889 52.199444)"|"Q106675686"|NULL|"Q70885701"
"263 (Ogham Stone Concept by the Research Squirrel Ogham Project)"|"Ogham Stone, Ireland"|"Q27"|"Ireland"|"Q85396905"|"Q184594"|"LUGUDECCAS MAQI [....MU]COI NETA-SEGAMONAS DOLATI BIGA-ISGOB[..."|263|"POINT(-7.729167 51.944167)"|"Q106675306"|"Q106674271"|"Q70892923"
"264 (Ogham Stone Concept by the Research Squirrel Ogham Project)"|"Ogham Stone, Ireland"|"Q27"|"Ireland"|"Q85396905"|"Q184594"|"....] NACI MAQI [..."|264|"POINT(-7.729167 51.944167)"|"Q106675307"|"Q106674272"|"Q70892924"
"265 (Ogham Stone Concept by the Research Squirrel Ogham Project)"|"Ogham Stone, Ireland"|"Q27"|"Ireland"|"Q85396905"|"Q184594"|"AMADU"|265|"POINT(-7.729167 51.944167)"|"Q106675308"|"Q106674273"|"Q70892930"
"266 (Ogham Stone Concept by the Research Squirrel Ogham Project)"|"Ogham Stone, Ireland"|"Q27"|"Ireland"|"Q85396907"|"Q184594"|"COLLABOT MUCOI LUGA MAQI LOBACCONA"|266|"POINT(-7.848889 52.064444)"|"Q106675481"|"Q106674274"|"Q70892932"
"267 (Ogham Stone Concept by the Research Squirrel Ogham Project)"|"Ogham Stone, Ireland"|"Q27"|"Ireland"|"Q85396907"|"Q184594"|"MEDUSI MACI LU MUCOI LUGA"|267|"POINT(-7.848889 52.064444)"|"Q106675482"|"Q106674277"|"Q70892933"
"268 (Ogham Stone Concept by the Research Squirrel Ogham Project)"|"Ogham Stone, Ireland"|"Q27"|"Ireland"|"Q85396907"|"Q184594"|"CATTUVIR"|268|"POINT(-7.848889 52.064444)"|"Q106675484"|"Q106674278"|"Q70892935"
"269 (Ogham Stone Concept by the Research Squirrel Ogham Project)"|"Ogham Stone, Ireland"|"Q27"|"Ireland"|"Q85396845"|"Q184594"|"MAQI MUCOI IVODACCA."|269|"POINT(-7.755833 51.988333)"|"Q106675528"|NULL|"Q70892937"
"270 (Ogham Stone Concept by the Research Squirrel Ogham Project)"|"Ogham Stone, Ireland"|"Q27"|"Ireland"|"Q85396847"|"Q184594"|"QRIT[....] MAQ[I LO]BACONA AVI NEAGRACOLINEA"|270|"POINT(-7.439167 52.133333)"|"Q106675389"|NULL|"Q70892938"
"271 (Ogham Stone Concept by the Research Squirrel Ogham Project)"|"Ogham Stone, Ireland"|"Q27"|"Ireland"|"Q85396847"|"Q184594"|"NETAVROQI MAQI QIC[..."|271|"POINT(-7.439167 52.133333)"|"Q106675390"|NULL|"Q70892940"
"272 (Ogham Stone Concept by the Research Squirrel Ogham Project)"|"Ogham Stone, Ireland"|"Q27"|"Ireland"|"Q85396849"|"Q184594"|"MANU MAGUNO GATI MOCOI MACORBO"|272|"POINT(-7.468056 52.163056)"|"Q106675486"|"Q106674279"|"Q70892943"
"273 (Ogham Stone Concept by the Research Squirrel Ogham Project)"|"Ogham Stone, Ireland"|"Q27"|"Ireland"|"Q85396849"|"Q184594"|"CALUNOVIC[A] MAQI MUCOI LIT[ENI]."|273|"POINT(-7.468056 52.163056)"|"Q106675488"|"Q106674280"|"Q70892944"
"274 (Ogham Stone Concept by the Research Squirrel Ogham Project)"|"Ogham Stone, Ireland"|"Q27"|"Ireland"|"Q85396849"|"Q184594"|"MAQI-INI[... MAQI QE]TTEAS."|274|"POINT(-7.468056 52.163056)"|"Q106675489"|"Q106674281"|"Q70892950"
"275 (Ogham Stone Concept by the Research Squirrel Ogham Project)"|"Ogham Stone, Ireland"|"Q27"|"Ireland"|"Q85396849"|"Q184594"|"CUNALEGEA MAQI C[....]SALAR CELI AVI QVECI"|275|"POINT(-7.468056 52.163056)"|"Q106675490"|"Q106674282"|"Q70892951"
"276 (Ogham Stone Concept by the Research Squirrel Ogham Project)"|"Ogham Stone, Ireland"|"Q27"|"Ireland"|"Q85396849"|"Q184594"|"BIGU MAQI LAG[..."|276|"POINT(-7.468056 52.163056)"|"Q106675491"|"Q106674283"|"Q70892952"
"277 (Ogham Stone Concept by the Research Squirrel Ogham Project)"|"Ogham Stone, Ireland"|"Q27"|"Ireland"|"Q85396849"|"Q184594"|"BIR MAQI MUCOI ROTTAIS"|277|"POINT(-7.468056 52.163056)"|"Q106675492"|"Q106674284"|"Q70892956"
"278 (Ogham Stone Concept by the Research Squirrel Ogham Project)"|"Ogham Stone, Ireland"|"Q27"|"Ireland"|"Q85396849"|"Q184594"|"....]MAQI NE[TACUN]AS"|278|"POINT(-7.468056 52.163056)"|"Q106675493"|"Q106674285"|"Q70892957"
"279 (Ogham Stone Concept by the Research Squirrel Ogham Project)"|"Ogham Stone, Ireland"|"Q27"|"Ireland"|"Q85396849"|"Q184594"|"DENAVEC[A MU]COI MEDALO."|279|"POINT(-7.468056 52.163056)"|"Q106675494"|"Q106674286"|"Q70892959"
"280 (Ogham Stone Concept by the Research Squirrel Ogham Project)"|"Ogham Stone, Ireland"|"Q27"|"Ireland"|"Q85396849"|"Q184594"|"BRO[INION]AS"|280|"POINT(-7.468056 52.163056)"|"Q106675495"|"Q106674288"|"Q70892962"
"281 (Ogham Stone Concept by the Research Squirrel Ogham Project)"|"Ogham Stone, Ireland"|"Q27"|"Ireland"|"Q85396849"|"Q184594"|"DEAGOS MAQI MUCO[I......]NAI"|281|"POINT(-7.468056 52.163056)"|"Q106675487"|"Q106674290"|"Q70892964"
"282 (Ogham Stone Concept by the Research Squirrel Ogham Project)"|"Ogham Stone, Ireland"|"Q27"|"Ireland"|"Q85396851"|"Q184594"|"AVI DAIMAGNI"|282|"POINT(-7.495 52.155278)"|"Q106675509"|NULL|"Q70892966"
"283 (Ogham Stone Concept by the Research Squirrel Ogham Project)"|"Ogham Stone, Ireland"|"Q27"|"Ireland"|"Q85396944"|"Q184594"|"GOSOCTAS MUCOI MACORBO"|283|"POINT(-7.483333 52.191389)"|"Q106675510"|NULL|"Q70892968"
"284 (Ogham Stone Concept by the Research Squirrel Ogham Project)"|"Ogham Stone, Ireland"|"Q27"|"Ireland"|"Q85396944"|"Q184594"|"MELAGIA"|284|"POINT(-7.483333 52.191389)"|"Q106675511"|NULL|"Q70892970"
"285 (Ogham Stone Concept by the Research Squirrel Ogham Project)"|"Ogham Stone, Ireland"|"Q27"|"Ireland"|"Q85396852"|"Q184594"|"BIVODON MUCOI ATAR"|285|"POINT(-7.544722 52.110278)"|"Q106675550"|"Q106674292"|"Q70892972"
"286 (Ogham Stone Concept by the Research Squirrel Ogham Project)"|"Ogham Stone, Ireland"|"Q27"|"Ireland"|"Q85396854"|"Q184594"|"[CU]NAMAQI LUGUDECA MUC[OI] CUNEA"|286|"POINT(-7.549722 52.090556)"|"Q106675570"|NULL|"Q70892975"
"287 (Ogham Stone Concept by the Research Squirrel Ogham Project)"|"Ogham Stone, Ireland"|"Q27"|"Ireland"|"Q85396854"|"Q184594"|"NISIGNI MAQI ER[......]I"|287|"POINT(-7.549722 52.090556)"|"Q106675571"|NULL|"Q70892978"
"288 (Ogham Stone Concept by the Research Squirrel Ogham Project)"|"Ogham Stone, Ireland"|"Q27"|"Ireland"|"Q85396854"|"Q184594"|"DEBRANI MAQI ELTI AVI OGATOS"|288|"POINT(-7.549722 52.090556)"|"Q106675572"|NULL|"Q70892979"
"289 (Ogham Stone Concept by the Research Squirrel Ogham Project)"|"Ogham Stone, Ireland"|"Q27"|"Ireland"|"Q85396854"|"Q184594"|"...]VAGNI MUCOI CUNIA"|289|"POINT(-7.549722 52.090556)"|"Q106675573"|NULL|"Q70892982"
"290 (Ogham Stone Concept by the Research Squirrel Ogham Project)"|"Ogham Stone, Ireland"|"Q27"|"Ireland"|"Q85396854"|"Q184594"|"MAQI E[.."|290|"POINT(-7.549722 52.090556)"|"Q106675574"|NULL|"Q70892984"
"291 (Ogham Stone Concept by the Research Squirrel Ogham Project)"|"Ogham Stone, Ireland"|"Q27"|"Ireland"|"Q85396911"|"Q184594"|"--]NN"|291|"POINT(-7.804444 52.1025)"|"Q106675581"|NULL|"Q70892987"
"292 (Ogham Stone Concept by the Research Squirrel Ogham Project)"|"Ogham Stone, Ireland"|"Q27"|"Ireland"|"Q85396914"|"Q184594"|"....]ER[A]T[I] M[U]C[OI] NETA-S[EGAM]ONAS"|292|"POINT(-7.6 52.111389)"|"Q106675592"|"Q106674293"|"Q70892992"
"293 (Ogham Stone Concept by the Research Squirrel Ogham Project)"|"Ogham Stone, Ireland"|"Q27"|"Ireland"|"Q85396914"|"Q184594"|"...]RG[...]BRCEN[..."|293|"POINT(-7.6 52.111389)"|"Q106675593"|"Q106674294"|"Q70892993"
"294 (Ogham Stone Concept by the Research Squirrel Ogham Project)"|"Ogham Stone, Ireland"|"Q27"|"Ireland"|"Q85396914"|"Q184594"|"CORB"|294|"POINT(-7.6 52.111389)"|"Q106675594"|"Q106674296"|"Q70892996"
"295 (Ogham Stone Concept by the Research Squirrel Ogham Project)"|"Ogham Stone, Ireland"|"Q27"|"Ireland"|"Q85396914"|"Q184594"|"Q[E]CC[IAS] M[U]C[OI B]R[O]E[NIONAS]"|295|"POINT(-7.6 52.111389)"|"Q106675595"|"Q106674297"|"Q70892999"
"296 (Ogham Stone Concept by the Research Squirrel Ogham Project)"|"Ogham Stone, Ireland"|"Q27"|"Ireland"|"Q85396914"|"Q184594"|"...]CIR MAQI MUC[..."|296|"POINT(-7.6 52.111389)"|"Q106675596"|"Q106674298"|"Q70893002"
"297 (Ogham Stone Concept by the Research Squirrel Ogham Project)"|"Ogham Stone, Ireland"|"Q27"|"Ireland"|"Q85396914"|"Q184594"|"VORTIGURN"|297|"POINT(-7.6 52.111389)"|"Q106675598"|"Q106674299"|"Q70893003"
"298 (Ogham Stone Concept by the Research Squirrel Ogham Project)"|"Ogham Stone, Ireland"|"Q27"|"Ireland"|"Q85396914"|"Q184594"|"VEDABAR M[A]Q[.....]LSM MOCOI ORD[....]REA."|298|"POINT(-7.6 52.111389)"|"Q106675600"|"Q106674302"|"Q70893005"
"299 (Ogham Stone Concept by the Research Squirrel Ogham Project)"|"Ogham Stone, Ireland"|"Q27"|"Ireland"|"Q85396914"|"Q184594"|"[MAQI?] MOŊEDIAS MAQI MUIBITI"|299|"POINT(-7.6 52.111389)"|"Q106675601"|"Q106674304"|"Q70893008"
"300 (Ogham Stone Concept by the Research Squirrel Ogham Project)"|"Ogham Stone, Ireland"|"Q27"|"Ireland"|"Q85396859"|"Q184594"|"CUNNETAS MAQI GOC[OI] NETA-SEGAMONAS"|300|"POINT(-7.59 52.160833)"|"Q106675642"|"Q106674305"|"Q70893010"
"301 (Ogham Stone Concept by the Research Squirrel Ogham Project)"|"Ogham Stone, Ireland"|"Q27"|"Ireland"|"Q85396862"|"Q184594"|"DOMOKI"|301|"POINT(-7.746944 52.267222)"|"Q106675699"|NULL|"Q70893016"
"302 (Ogham Stone Concept by the Research Squirrel Ogham Project)"|"Ogham Stone, Ireland"|"Q27"|"Ireland"|"Q85396997"|"Q184594"|"CUMNI MAQI MUCOI VALUVI"|302|"POINT(-7.226667 52.185)"|"Q106675361"|NULL|"Q70893017"
"303 (Ogham Stone Concept by the Research Squirrel Ogham Project)"|"Ogham Stone, Ireland"|"Q27"|"Ireland"|"Q85396916"|"Q184594"|"CATABAR MOCO VIRICORB"|303|"POINT(-7.385 52.311111)"|"Q106675392"|NULL|"Q70893020"
"304 (Ogham Stone Concept by the Research Squirrel Ogham Project)"|"Ogham Stone, Ireland"|"Q27"|"Ireland"|"Q85396978"|"Q184594"|"VOCAGNI MAQI CUR(I)T"|304|"POINT(-7.391111 52.330556)"|"Q106675454"|NULL|"Q70893023"
"305 (Ogham Stone Concept by the Research Squirrel Ogham Project)"|"Ogham Stone, Ireland"|"Q27"|"Ireland"|"Q85396866"|"Q184594"|NULL|305|"POINT(-7.379167 52.324167)"|"Q106675455"|NULL|"Q70893024"
"306 (Ogham Stone Concept by the Research Squirrel Ogham Project)"|"Ogham Stone, Ireland"|"Q27"|"Ireland"|"Q85396870"|"Q184594"|"LUGUDI MAQI L..D...QA MOCOI DONM(A)"|306|"POINT(-7.511667 52.326389)"|"Q106675603"|NULL|"Q70893028"
"307 (Ogham Stone Concept by the Research Squirrel Ogham Project)"|"Ogham Stone, Ireland"|"Q27"|"Ireland"|"Q85396919"|"Q184594"|"MODDAGN[I] MAQI GATTAGN[I] MUCOI LUGUNI"|307|"POINT(-7.487778 52.341944)"|"Q106675709"|NULL|"Q70893030"
"308 (Ogham Stone Concept by the Research Squirrel Ogham Project)"|"Ogham Stone, Ireland"|"Q27"|"Ireland"|"Q85396919"|"Q184594"|NULL|308|"POINT(-7.487778 52.341944)"|"Q106675710"|NULL|"Q70893035"
"309 (Ogham Stone Concept by the Research Squirrel Ogham Project)"|"Ogham Stone, Northern Ireland"|"Q145"|"Northern Ireland"|"Q85392806"|"Q189592"|"TORAESCEUSAS MAQI MUCOI MEUTINI"|309|"POINT(-6.183333 54.803056)"|"Q106675452"|NULL|"Q70893037"
"310 (Ogham Stone Concept by the Research Squirrel Ogham Project)"|"Ogham Stone, Northern Ireland"|"Q145"|"Northern Ireland"|"Q85392806"|"Q189592"|"CAGINADI MAQI VOBARACI"|310|"POINT(-6.183333 54.803056)"|"Q106675453"|NULL|"Q70893044"
"311 (Ogham Stone Concept by the Research Squirrel Ogham Project)"|"Ogham Stone, Northern Ireland"|"Q145"|"Northern Ireland"|"Q85392810"|"Q192761"|"DINEGLO MAQI QETAIS"|311|"POINT(-6.655278 54.307222)"|"Q106675479"|NULL|"Q70893046"
"312 (Ogham Stone Concept by the Research Squirrel Ogham Project)"|"Ogham Stone, Ireland"|"Q27"|"Ireland"|"Q85392813"|"Q187402"|"OSBBAR"|312|"POINT(-6.954444 53.805)"|"Q106675655"|NULL|"Q70893047"
"313 (Ogham Stone Concept by the Research Squirrel Ogham Project)"|"Ogham Stone, Ireland"|"Q27"|"Ireland"|"Q85392823"|"Q187402"|"OVOMAN(I?)"|313|"POINT(-7.209444 53.794444)"|"Q106675501"|NULL|"Q70893050"
"314 (Ogham Stone Concept by the Research Squirrel Ogham Project)"|"Ogham Stone, Ireland"|"Q27"|"Ireland"|"Q85392816"|"Q179424"|NULL|314|"POINT(-7.871111 54.608611)"|"Q106675688"|NULL|"Q70893052"
"315 (Ogham Stone Concept by the Research Squirrel Ogham Project)"|"Ogham Stone, Northern Ireland"|"Q145"|"Northern Ireland"|"Q85392831"|"Q190678"|"NETTACU[NAS]."|315|"POINT(-7.5175 54.362222)"|"Q106675698"|NULL|"Q70893056"
"316 (Ogham Stone Concept by the Research Squirrel Ogham Project)"|"Ogham Stone, Northern Ireland"|"Q145"|"Northern Ireland"|"Q85392833"|"Q192208"|"BROCAGNI MAQI MU"|316|"POINT(-6.744444 55.116667)"|"Q106675497"|NULL|"Q70893058"
"317 (Ogham Stone Concept by the Research Squirrel Ogham Project)"|"Ogham Stone, Northern Ireland"|"Q145"|"Northern Ireland"|"Q85392826"|"Q192229"|"DOTETTO MAQI MAGLANI"|317|"POINT(-7.047778 54.699444)"|"Q106675296"|NULL|"Q70893060"
"318 (Ogham Stone Concept by the Research Squirrel Ogham Project)"|"Ogham Stone, Ireland"|"Q27"|"Ireland"|"Q85395627"|"Q184469"|"LLONNOCC MAQQ[..."|318|"POINT(-10.024444 52.167778)"|"Q106675679"|NULL|"Q85409967"
"319 (Ogham Stone Concept by the Research Squirrel Ogham Project)"|"Ogham Stone, Ireland"|"Q27"|"Ireland"|"Q85395539"|"Q184469"|"QAM[--]ROMACULLO"|319|"POINT(-9.703056 52.080556)"|"Q106675708"|NULL|"Q85411181"
"320 (Ogham Stone Concept by the Research Squirrel Ogham Project)"|"Ogham Stone, Ireland"|"Q27"|"Ireland"|"Q85396972"|"Q184469"|"GGVVSS"|320|"POINT(-9.558333 52.077778)"|"Q106675647"|NULL|"Q85411211"
"321 (Ogham Stone Concept by the Research Squirrel Ogham Project)"|"Ogham Stone, Ireland"|"Q27"|"Ireland"|"Q85396815"|"Q184469"|"...]V MAQI[..."|321|"POINT(-9.733611 52.165556)"|"Q106675311"|"Q106674263"|"Q85410004"
"322 (Ogham Stone Concept by the Research Squirrel Ogham Project)"|"Ogham Stone, Ireland"|"Q27"|"Ireland"|"Q85396815"|"Q184469"|"[LMCBDV]"|322|"POINT(-9.733611 52.165556)"|"Q106675312"|"Q106674264"|"Q85410013"
"323 (Ogham Stone Concept by the Research Squirrel Ogham Project)"|"Ogham Stone, Ireland"|"Q27"|"Ireland"|"Q85396830"|"Q184469"|"BASIŊB ---"|323|"POINT(-9.710278 52.268056)"|"Q106675701"|NULL|"Q85410047"
"324 (Ogham Stone Concept by the Research Squirrel Ogham Project)"|"Ogham Stone, Ireland"|"Q27"|"Ireland"|"Q85394024"|"Q184469"|"OC/GIC"|324|"POINT(-9.772778 52.328889)"|NULL|"Q106674340"|NULL
"325 (Ogham Stone Concept by the Research Squirrel Ogham Project)"|"Ogham Stone, Ireland"|"Q27"|"Ireland"|"Q106626868"|"Q183539"|"MAQI-CORABIR MAQI TANB NETA-SALAGIA MAQI MUCOI"|325|"POINT(-6.43833 53.98278)"|"Q106675346"|"Q106674341"|NULL
"326 (Ogham Stone Concept by the Research Squirrel Ogham Project)"|"Ogham Stone, Ireland"|"Q27"|"Ireland"|"Q106626869"|"Q162475"|"ANM MAQQI-LASIRE MAQQI BIRRAC...?"|326|"POINT(-8.69389 51.97722)"|NULL|"Q106674342"|NULL
"328 (Ogham Stone Concept by the Research Squirrel Ogham Project)"|"Ogham Stone, Ireland"|"Q27"|"Ireland"|"Q85391656"|"Q180231"|"GELAGNI AVI"|328|"POINT(-7.150556 52.651389)"|NULL|"Q106674344"|NULL
"329 (Ogham Stone Concept by the Research Squirrel Ogham Project)"|"Ogham Stone, Ireland"|"Q27"|"Ireland"|"Q106626871"|"Q180231"|"VEDDELLEMETTO MU/CI/ LOGIDDEAS/ AVVI MUNICCONA"|329|"POINT(-7.13778 52.53472)"|NULL|"Q106674345"|NULL
"330 (Ogham Stone Concept by the Research Squirrel Ogham Project)"|"Ogham Stone, Ireland"|"Q27"|"Ireland"|"Q106626872"|"Q184469"|"RETAGIN MAQI DOVU"|330|"POINT(-10.175484 52.125339)"|NULL|"Q106674346"|NULL
"331 (Ogham Stone Concept by the Research Squirrel Ogham Project)"|"Ogham Stone, Ireland"|"Q27"|"Ireland"|"Q85390417"|"Q179437"|"RAVASA KOI MAQQI D/TL SENN"|331|"POINT(-8.362222 53.84)"|NULL|"Q106674347"|NULL
"332 (Ogham Stone Concept by the Research Squirrel Ogham Project)"|"Ogham Stone, Ireland"|"Q27"|"Ireland"|"Q85396854"|"Q184594"|"...U MAQI CUMUGODU/U MUCO"|332|"POINT(-7.549722 52.090556)"|"Q106675575"|"Q106674348"|NULL
"333 (Ogham Stone Concept by the Research Squirrel Ogham Project)"|"Ogham Stone, Ireland"|"Q27"|"Ireland"|"Q85396854"|"Q184594"|"UMU T"|333|"POINT(-7.549722 52.090556)"|NULL|"Q106674349"|NULL
"334 (Ogham Stone Concept by the Research Squirrel Ogham Project)"|"Ogham Stone, Ireland"|"Q27"|"Ireland"|"Q106626874"|"Q184594"|"SENAQ MAQI/ MUCOI ENA"|334|"POINT(-7.35056 52.14028)"|"Q106675604"|"Q106674350"|NULL
"335 (Ogham Stone Concept by the Research Squirrel Ogham Project)"|"Ogham Stone, Ireland"|"Q27"|"Ireland"|"Q106626874"|"Q184594"|"VEDILIMETO/ MAQI/ TOQITAQ"|335|"POINT(-7.35056 52.14028)"|NULL|"Q106674351"|NULL
"336 (Ogham Stone Concept by the Research Squirrel Ogham Project)"|"Ogham Stone, Ireland"|"Q27"|"Ireland"|"Q106626875"|"Q184469"|"ANM SILLANN MAQ VATTILLOGG"|336|"POINT(-9.67583 52.2675)"|"Q106675656"|"Q106674352"|NULL
"337 (Ogham Stone Concept by the Research Squirrel Ogham Project)"|"Ogham Stone, Ireland"|"Q27"|"Ireland"|"Q106626866"|"Q184469"|"V A S"|337|"POINT(-9.72028 52.33167)"|NULL|"Q106674353"|NULL
"338 (Ogham Stone Concept by the Research Squirrel Ogham Project)"|"Ogham Stone, Ireland"|"Q27"|"Ireland"|"Q106626876"|"Q181862"|"NS"|338|"POINT(-9.51861 52.61278)"|NULL|"Q106674355"|NULL
"339 (Ogham Stone Concept by the Research Squirrel Ogham Project)"|"Ogham Stone, Ireland"|"Q27"|"Ireland"|"Q106626901"|"Q180231"|"MAQICUNALIGEAS/ MAQI COILLI/ MUCOI COSCI/EAS"|339|"POINT(-7.0275 52.69528)"|"Q106675687"|"Q106674356"|NULL
"340 (Ogham Stone Concept by the Research Squirrel Ogham Project)"|"Ogham Stone, Ireland"|"Q27"|"Ireland"|"Q85391735"|"Q180231"|"DT MUCOI RGN"|340|"POINT(-7.121389 52.5775)"|NULL|"Q106674357"|NULL
"341 (Ogham Stone Concept by the Research Squirrel Ogham Project)"|"Ogham Stone, Ireland"|"Q27"|"Ireland"|"Q106626866"|"Q184469"|"COMMAGGAGNI MUCOI/ ISAMMNN"|341|"POINT(-9.72028 52.33167)"|NULL|"Q106674175"|NULL
"342 (Ogham Stone Concept by the Research Squirrel Ogham Project)"|"Ogham Stone, Ireland"|"Q27"|"Ireland"|"Q106626866"|"Q184469"|"OLISSEGVOG"|342|"POINT(-9.72028 52.33167)"|NULL|"Q106674176"|NULL
"343 (Ogham Stone Concept by the Research Squirrel Ogham Project)"|"Ogham Stone, Ireland"|"Q27"|"Ireland"|"Q85394310"|"Q184469"|NULL|343|"POINT(-10.386111 52.176111)"|"Q106675358"|NULL|NULL
"344 (Ogham Stone Concept by the Research Squirrel Ogham Project)"|"Ogham Stone, Ireland"|"Q27"|"Ireland"|"Q85395517"|"Q184469"|NULL|344|"POINT(-10.323333 52.160556)"|"Q106675393"|NULL|NULL
"345 (Ogham Stone Concept by the Research Squirrel Ogham Project)"|"Ogham Stone, Ireland"|"Q27"|"Ireland"|"Q85395538"|"Q184469"|"ANNVEN ||| ITE ||| GG[--"|345|"POINT(-9.718889 52.068056)"|"Q106675563"|NULL|NULL
"346 (Ogham Stone Concept by the Research Squirrel Ogham Project)"|"Ogham Stone, Ireland"|"Q27"|"Ireland"|"Q85395538"|"Q184469"|"--]HATA[--"|346|"POINT(-9.718889 52.068056)"|"Q106675566"|NULL|NULL
"347 (Ogham Stone Concept by the Research Squirrel Ogham Project)"|"Ogham Stone, Ireland"|"Q27"|"Ireland"|"Q106628059"|"Q184469"|"RETAGINMAQIDOV[U!][--"|347|"POINT(-10.061076 52.152143)"|"Q106675310"|NULL|NULL
"348 (Ogham Stone Concept by the Research Squirrel Ogham Project)"|"Ogham Stone, Ireland"|"Q27"|"Ireland"|"Q106628064"|"Q184469"|"GLANNANIMAQ ||| IBBRANNAD"|348|"POINT(-9.746467 52.32801)"|"Q106675348"|NULL|NULL
"350 (Ogham Stone Concept by the Research Squirrel Ogham Project)"|"Ogham Stone, Ireland"|"Q27"|"Ireland"|"Q106628062"|"Q184469"|"--]MAQ[--]LUG[--"|350|"POINT(-9.736282 52.067482)"|"Q106675399"|NULL|NULL
"351 (Ogham Stone Concept by the Research Squirrel Ogham Project)"|"Ogham Stone, Ireland"|"Q27"|"Ireland"|"Q85393926"|"Q162475"|"SCAMAGNI"|351|"POINT(-8.956111 51.688333)"|"Q106675408"|NULL|NULL
"352 (Ogham Stone Concept by the Research Squirrel Ogham Project)"|"Ogham Stone, Ireland"|"Q27"|"Ireland"|"Q106628058"|"Q184469"|NULL|352|"POINT(-10.170106 52.140298)"|"Q106675410"|NULL|NULL
"353 (Ogham Stone Concept by the Research Squirrel Ogham Project)"|"Ogham Stone, Ireland"|"Q27"|"Ireland"|"Q106628049"|"Q162475"|NULL|353|"POINT(-9.134153 51.904032)"|"Q106675415"|NULL|NULL
"354 (Ogham Stone Concept by the Research Squirrel Ogham Project)"|"Ogham Stone, Ireland"|"Q27"|"Ireland"|"Q106628033"|"Q184445"|"BOCHT"|354|"POINT(-7.985726 53.326779)"|"Q106675416"|NULL|NULL
"355 (Ogham Stone Concept by the Research Squirrel Ogham Project)"|"Ogham Stone, Ireland"|"Q27"|"Ireland"|"Q106628033"|"Q184445"|"NADAV[--"|355|"POINT(-7.985726 53.326779)"|"Q106675417"|NULL|NULL
"356 (Ogham Stone Concept by the Research Squirrel Ogham Project)"|"Ogham Stone, Ireland"|"Q27"|"Ireland"|"Q85391717"|"Q181882"|NULL|356|"POINT(-6.573611 52.826389)"|"Q106675419"|NULL|NULL
"357 (Ogham Stone Concept by the Research Squirrel Ogham Project)"|"Ogham Stone, Ireland"|"Q27"|"Ireland"|"Q106628048"|"Q162475"|"--]AF[M!]OLA[--"|357|"POINT(-9.132804 51.792584)"|"Q106675458"|NULL|NULL
"358 (Ogham Stone Concept by the Research Squirrel Ogham Project)"|"Ogham Stone, Ireland"|"Q27"|"Ireland"|"Q106628035"|"Q181882"|NULL|358|"POINT(-6.74288 52.762953)"|"Q106675461"|NULL|NULL
"359 (Ogham Stone Concept by the Research Squirrel Ogham Project)"|"Ogham Stone, Ireland"|"Q27"|"Ireland"|"Q106628046"|"Q162475"|"MOESAC"|359|"POINT(-9.112042 51.714579)"|"Q106675475"|NULL|NULL
"360 (Ogham Stone Concept by the Research Squirrel Ogham Project)"|"Ogham Stone, Ireland"|"Q27"|"Ireland"|"Q106628046"|"Q162475"|"MOUNIN"|360|"POINT(-9.112042 51.714579)"|"Q106675476"|NULL|NULL
"361 (Ogham Stone Concept by the Research Squirrel Ogham Project)"|"Ogham Stone, Ireland"|"Q27"|"Ireland"|"Q106628046"|"Q162475"|"[A]DARUNM[A]CICOLAL[I]"|361|"POINT(-9.112042 51.714579)"|"Q106675477"|NULL|NULL
"362 (Ogham Stone Concept by the Research Squirrel Ogham Project)"|"Ogham Stone, Ireland"|"Q27"|"Ireland"|"Q106628057"|"Q184469"|NULL|362|"POINT(-10.269408 52.139327)"|"Q106675504"|NULL|NULL
"363 (Ogham Stone Concept by the Research Squirrel Ogham Project)"|"Ogham Stone, Ireland"|"Q27"|"Ireland"|"Q106628051"|"Q184469"|"BRANADDOVMAMAQIQOLIMUCOIDOVI[--"|363|"POINT(-9.765716 51.889059)"|"Q106675513"|NULL|NULL
"365 (Ogham Stone Concept by the Research Squirrel Ogham Project)"|"Ogham Stone, Ireland"|"Q27"|"Ireland"|"Q106628068"|"Q162475"|NULL|365|"POINT(-8.538435 52.031405)"|"Q106675524"|NULL|NULL
"366 (Ogham Stone Concept by the Research Squirrel Ogham Project)"|"Ogham Stone, Ireland"|"Q27"|"Ireland"|"Q106628037"|"Q181882"|NULL|366|"POINT(-6.560318 52.862438)"|"Q106675536"|NULL|NULL
"367 (Ogham Stone Concept by the Research Squirrel Ogham Project)"|"Ogham Stone, Ireland"|"Q27"|"Ireland"|"Q106628069"|"Q178626"|"OR || AIT | ARA || NMAIN | SCA || DLAN"|367|"POINT(-10.180949 53.983608)"|"Q106675542"|NULL|NULL
"368 (Ogham Stone Concept by the Research Squirrel Ogham Project)"|"Ogham Stone, Ireland"|"Q27"|"Ireland"|"Q106628052"|"Q184469"|"DOVATTACAV[I][--]ILEH"|368|"POINT(-10.058583 51.907671)"|"Q106675579"|NULL|NULL
"369 (Ogham Stone Concept by the Research Squirrel Ogham Project)"|"Ogham Stone, Ireland"|"Q27"|"Ireland"|"Q85396826"|"Q184469"|NULL|369|"POINT(-9.540833 52.233611)"|"Q106675585"|NULL|NULL
"370 (Ogham Stone Concept by the Research Squirrel Ogham Project)"|"Ogham Stone, Ireland"|"Q27"|"Ireland"|"Q106628056"|"Q184469"|NULL|370|"POINT(-10.318342 52.209394)"|"Q106675586"|NULL|NULL
"371 (Ogham Stone Concept by the Research Squirrel Ogham Project)"|"Ogham Stone, Ireland"|"Q27"|"Ireland"|"Q106628044"|"Q162475"|"QUTQ"|371|"POINT(-8.741852 51.995245)"|"Q106675614"|NULL|NULL
"372 (Ogham Stone Concept by the Research Squirrel Ogham Project)"|"Ogham Stone, Ireland"|"Q27"|"Ireland"|"Q106628067"|"Q162475"|"COLMANMACICOMGANN"|372|"POINT(-9.046029 52.051362)"|"Q106675620"|NULL|NULL
"373 (Ogham Stone Concept by the Research Squirrel Ogham Project)"|"Ogham Stone, Ireland"|"Q27"|"Ireland"|"Q106628067"|"Q162475"|"CROCCANMAQIDOMONIGART"|373|"POINT(-9.046029 52.051362)"|"Q106675621"|NULL|NULL
"374 (Ogham Stone Concept by the Research Squirrel Ogham Project)"|"Ogham Stone, Ireland"|"Q27"|"Ireland"|"Q106628032"|"Q183544"|"--]MAQI[--"|374|"POINT(-6.597584 53.819089)"|"Q106675639"|NULL|NULL
"375 (Ogham Stone Concept by the Research Squirrel Ogham Project)"|"Ogham Stone, Ireland"|"Q27"|"Ireland"|"Q106628032"|"Q183544"|"--]MAQI[--"|375|"POINT(-6.597584 53.819089)"|"Q106675640"|NULL|NULL
"376 (Ogham Stone Concept by the Research Squirrel Ogham Project)"|"Ogham Stone, Ireland"|"Q27"|"Ireland"|"Q106628032"|"Q183544"|"--]MAQI[--"|376|"POINT(-6.597584 53.819089)"|"Q106675641"|NULL|NULL
"377 (Ogham Stone Concept by the Research Squirrel Ogham Project)"|"Ogham Stone, Ireland"|"Q27"|"Ireland"|"Q106628055"|"Q184469"|"--]CLHQOC[--"|377|"POINT(-10.33164 51.847737)"|"Q106675658"|NULL|NULL
"378 (Ogham Stone Concept by the Research Squirrel Ogham Project)"|"Ogham Stone, Ireland"|"Q27"|"Ireland"|"Q85396812"|"Q184469"|"CORBAGNMAQIMUCOIC[--"|378|"POINT(-9.631667 52.128889)"|"Q106675668"|NULL|NULL
"379 (Ogham Stone Concept by the Research Squirrel Ogham Project)"|"Ogham Stone, Ireland"|"Q27"|"Ireland"|"Q85396812"|"Q184469"|NULL|379|"POINT(-9.631667 52.128889)"|"Q106675669"|NULL|NULL
"380 (Ogham Stone Concept by the Research Squirrel Ogham Project)"|"Ogham Stone, Ireland"|"Q27"|"Ireland"|"Q106626866"|"Q184469"|"COMMA[GGA]AGNIM[-- | --]ISAMMNN[--"|380|"POINT(-9.72028 52.33167)"|"Q106675680"|NULL|NULL
"381 (Ogham Stone Concept by the Research Squirrel Ogham Project)"|"Ogham Stone, Ireland"|"Q27"|"Ireland"|"Q106626866"|"Q184469"|"L[I]SS[E^I][GV]O[G]"|381|"POINT(-9.72028 52.33167)"|"Q106675681"|NULL|NULL
"382 (Ogham Stone Concept by the Research Squirrel Ogham Project)"|"Ogham Stone, Ireland"|"Q27"|"Ireland"|"Q106626866"|"Q184469"|NULL|382|"POINT(-9.72028 52.33167)"|"Q106675682"|NULL|NULL
"383 (Ogham Stone Concept by the Research Squirrel Ogham Project)"|"Ogham Stone, Ireland"|"Q27"|"Ireland"|"Q106628040"|"Q180231"|"VEDDELLEMETTOMU ||| CI ||| LOGIDDEAS ||| AVVIMUNICCONA"|383|"POINT(-7.131313 52.526469)"|"Q106675692"|NULL|NULL
"384 (Ogham Stone Concept by the Research Squirrel Ogham Project)"|"Ogham Stone, Ireland"|"Q27"|"Ireland"|"Q106628041"|"Q184618"|"BAEDAN"|384|"POINT(-7.994842 52.407427)"|"Q106675700"|NULL|NULL
