filename|ogham|transliteration|translation|w|h|d|ciic|o3d|site
4._Kilmannin.xml|      ᚂᚒᚌᚐᚇᚇᚑᚅ    ᚋᚐᚊᚔ  ᚂᚒᚌᚒᚇᚓᚉ  ᚇᚇᚔᚄᚔ  ᚋᚑᚉᚊᚒᚄᚓᚂ|LUGADDON MAQ/I LUGU/DEC DDISI/ MOCQUS/EL|      ᚂᚒᚌᚐᚇᚇᚑᚅ    ᚋᚐᚊᚔ  ᚂᚒᚌᚒᚇᚓᚉ  ᚇᚇᚔᚄᚔ  ᚋᚑᚉᚊᚒᚄᚓᚂ|0.51|1.22|0.3|4|4._Kilmannin|Q72006009
10._Breastagh.xml|ᚇᚓᚈᚓᚏ  ᚐᚅᚌᚂᚓ    ᚂᚌᚌ  ᚄᚇᚂᚓᚅᚌᚓᚄᚉᚐᚇ    ᚄᚔᚅᚔᚄᚈᚓᚏ  ᚐᚅᚌᚂᚓ    ᚋᚐᚊ  ᚉᚑᚏᚏᚁᚏᚔ    ᚋᚐᚊ  ᚐᚋᚋᚂᚂᚑᚅᚌᚔᚈᚈ   |Dexter angle: LGG SDLENGESCAD Sinister angle: MAQ CORRBRI MAQ AMMLLONGITT|ᚇᚓᚈᚓᚏ  ᚐᚅᚌᚂᚓ    ᚂᚌᚌ  ᚄᚇᚂᚓᚅᚌᚓᚄᚉᚐᚇ    ᚄᚔᚅᚔᚄᚈᚓᚏ  ᚐᚅᚌᚂᚓ    ᚋᚐᚊ  ᚉᚑᚏᚏᚁᚏᚔ    ᚋᚐᚊ  ᚐᚋᚋᚂᚂᚑᚅᚌᚔᚈᚈ   |0.76|3.66|0.60|10|10._Breastagh|Q85390394
11._Drummin_I.xml|  ᚉᚒᚅᚑᚃᚐᚈᚑ   |CUNOVATO|  ᚉᚒᚅᚑᚃᚐᚈᚑ   |0.41|1.09|0.51|11|11._Drummin_I|Q85390417
12._Rathcroghan_I.xml|  ᚃᚏᚐᚔᚉᚉᚔ  ᚋᚐᚊᚔ  ᚋᚓᚇᚃᚃᚔ   |VRAICCI/ MAQI MEDVVI|  ᚃᚏᚐᚔᚉᚉᚔ  ᚋᚐᚊᚔ  ᚋᚓᚇᚃᚃᚔ   |0.48|1.23|0.16|12|12._Rathcroghan_I|Q85390711
13._Rathcroghan_II.xml|  ᚋᚐᚊ  ᚏᚓᚌᚐᚄ  ᚋᚒᚉᚑᚔ   |MAQ REGAS MUCOI|  ᚋᚐᚊ  ᚏᚓᚌᚐᚄ  ᚋᚒᚉᚑᚔ   |0.56|1.40|0.25|13|13._Rathcroghan_II|Q85390711
15._Clonmore.xml|ᚋᚐᚉᚐᚂᚔᚄᚈᚓᚏ          ᚏᚓᚅᚔ |Macalister (1945, 18): RENI|ᚋᚐᚉᚐᚂᚔᚄᚈᚓᚏ          ᚏᚓᚅᚔ |0.30|0.78|0.22|15|15._Clonmore|Q85391717
16._Rathglass.xml|    ᚇᚒᚅᚐᚔᚇᚑᚅᚐᚄ    ᚋᚐᚊᚔ  ᚋᚐᚏᚔᚐᚅᚔ   |DUNAIDONAS/ MAQI MARIANI|    ᚇᚒᚅᚐᚔᚇᚑᚅᚐᚄ    ᚋᚐᚊᚔ  ᚋᚐᚏᚔᚐᚅᚔ   |0.62|1.3|0.82|16|16._Rathglass|Q85391648
17._Tuckamine.xml|  ᚋᚒᚉᚑᚔ  ᚋᚒᚉᚉᚔ |...MUCOI MUCCI...|  ᚋᚒᚉᚑᚔ  ᚋᚒᚉᚉᚔ |0.34|1.12|0.27|17|17._Tuckamine|Q85391650
19._Colbinstown_I.xml|    ᚑᚌᚆᚐᚋ  ᚑᚃᚐᚅᚑᚄ  ᚐᚃᚔ  ᚔᚃᚐᚉᚐᚈᚈᚑᚄ    ᚏᚑᚋᚐᚅ  ᚔᚃᚃᚓᚅᚏᚓ  ᚇᚏᚃᚃᚔᚇᚓᚄ |Ogham: OVANOS AVI I/VACA/TTOS Roman: IVVEn/rE DRVVIDES|    ᚑᚌᚆᚐᚋ  ᚑᚃᚐᚅᚑᚄ  ᚐᚃᚔ  ᚔᚃᚐᚉᚐᚈᚈᚑᚄ    ᚏᚑᚋᚐᚅ  ᚔᚃᚃᚓᚅᚏᚓ  ᚇᚏᚃᚃᚔᚇᚓᚄ |0.28|1.57|0.28|19|19._Colbinstown_I|Q85391762
20._Colbinstown_II.xml|  ᚋᚐᚉᚐᚂᚔᚄᚈᚓᚏ  ᚃᚏᚑᚋ  ᚉᚐᚄᚈ      ᚋᚐᚊᚔᚇᚇᚓᚉᚉᚓᚇᚐ    ᚋᚐᚊᚔ    ᚋᚐᚏᚔᚅ   |Macalister (from cast) MAQI-DDECCEDA MAQI MARIN|  ᚋᚐᚉᚐᚂᚔᚄᚈᚓᚏ  ᚃᚏᚑᚋ  ᚉᚐᚄᚈ      ᚋᚐᚊᚔᚇᚇᚓᚉᚉᚓᚇᚐ    ᚋᚐᚊᚔ    ᚋᚐᚏᚔᚅ   ||||20|20._Colbinstown_II|Q85391762
22._Colbinstown_IV.xml|    ᚓᚌᚅᚔ  ᚕᚑᚔ  ᚋᚐᚊᚔ  ᚋᚒᚉᚑᚔ    ᚐᚔ |EGNI KOI MAQI MUC/OI AI|    ᚓᚌᚅᚔ  ᚕᚑᚔ  ᚋᚐᚊᚔ  ᚋᚒᚉᚑᚔ    ᚐᚔ |0.48|1.6|0.41|22|22._Colbinstown_IV|Q85391762
23._Colbinstown_V.xml|  ᚐᚃᚄᚄᚋᚐᚊᚃᚄ|AVSSMAQVS|  ᚐᚃᚄᚄᚋᚐᚊᚃᚄ|0.50|1.0|0.28|23|23._Colbinstown_V|Q85391762
25._Colbinstown_VII.xml|  ᚂᚐ |LA|  ᚂᚐ |0.37|0.36|0.23|25|25._Colbinstown_VII|Q85391762
26._Donaghmore.xml|    ᚅᚓᚈᚈᚐᚃᚏᚑᚔᚉᚉ  ᚋᚐᚊᚔ  ᚋᚒᚉᚉᚑᚔ  ᚈᚏᚓᚅᚐᚂᚒᚌᚌᚑ |NETTAVROICC/ MAQI MUCCOI TRENALUGGO|    ᚅᚓᚈᚈᚐᚃᚏᚑᚔᚉᚉ  ᚋᚐᚊᚔ  ᚋᚒᚉᚉᚑᚔ  ᚈᚏᚓᚅᚐᚂᚒᚌᚌᚑ |0.36|0.76|0.23|26|26._Donaghmore|Q85391654
28._Churchclara_I.xml|  ᚈᚐᚄᚓᚌᚐᚌᚅᚔ  ᚋᚐᚊ  ᚔ    ᚋᚒᚉᚑᚔ    ᚋᚐᚉᚑᚏᚁᚑ |TASEGAGNI/ MAQ/ I MUCOI MACORBO|  ᚈᚐᚄᚓᚌᚐᚌᚅᚔ  ᚋᚐᚊ  ᚔ    ᚋᚒᚉᚑᚔ    ᚋᚐᚉᚑᚏᚁᚑ |0.20|1.57||28|28._Churchclara_I|Q85391656
31._Fiddaun_Upper.xml|  ᚇᚏᚒᚌᚅᚑ  ᚋᚐᚊᚔ  ᚋᚒᚉᚑᚔ  ᚅᚐᚋᚔ |DRUGNO MAQI/ MUCOI NAMI|  ᚇᚏᚒᚌᚅᚑ  ᚋᚐᚊᚔ  ᚋᚒᚉᚑᚔ  ᚅᚐᚋᚔ |0.76|2.06|0.50|31|31._Fiddaun_Upper|Q85391658
32._Gowran.xml|  ᚋᚐᚊᚔ  ᚓᚏᚐᚉᚔᚐᚄ  ᚋᚐᚊᚔ  ᚇᚔᚋᚐᚊᚐ  ᚋᚒᚉᚑᚔ |MAQI ERACIAS MAQI/ DIMAQA MUCOI|  ᚋᚐᚊᚔ  ᚓᚏᚐᚉᚔᚐᚄ  ᚋᚐᚊᚔ  ᚇᚔᚋᚐᚊᚐ  ᚋᚒᚉᚑᚔ |0.38|1.50|0.30|32|32._Gowran|Q85391704
34._Legan.xml|ᚁᚐᚏᚏ          ᚂᚑᚁᚁᚔ  ᚕᚑᚔ  ᚋᚐᚊᚊᚔ  ᚋᚒᚉᚉᚑᚔ  ᚔᚏᚓᚔ  ᚋᚐᚉᚐᚂᚔᚄᚈᚓᚏ          ᚂᚑᚁᚁᚔ  ᚕᚑᚔ  ᚋᚐᚊᚊᚔ  ᚋᚒᚉᚉᚑᚔ  ᚏᚔᚅᚔ  ᚋᚉᚋᚐᚅᚒᚄ        ᚂᚂ  ᚋᚐᚊᚊᚔ  ᚋᚒᚉᚉᚑᚔ   |Barry (1896, 126): LOBBI KOI MAQQI MUC/COI IR/EI Macalister (1945, 38-9): LOBBI KOI MAQQI MUC/COI R/INI McManus (1991, 67): LL MAQQI mUC/COI|ᚁᚐᚏᚏ          ᚂᚑᚁᚁᚔ  ᚕᚑᚔ  ᚋᚐᚊᚊᚔ  ᚋᚒᚉᚉᚑᚔ  ᚔᚏᚓᚔ  ᚋᚐᚉᚐᚂᚔᚄᚈᚓᚏ          ᚂᚑᚁᚁᚔ  ᚕᚑᚔ  ᚋᚐᚊᚊᚔ  ᚋᚒᚉᚉᚑᚔ  ᚏᚔᚅᚔ  ᚋᚉᚋᚐᚅᚒᚄ        ᚂᚂ  ᚋᚐᚊᚊᚔ  ᚋᚒᚉᚉᚑᚔ   |0.51|2.03|0.42|34|34._Legan|Q85391706
35._Tullaherin_I.xml|  ᚃᚔᚏ |VIR|  ᚃᚔᚏ |0.51|0.70|0.27|35|35._Tullaherin_I|Q85391735
36._Lamoge_I.xml|  ᚄᚓᚃᚓᚏᚏᚔᚈ  ᚋᚐᚊᚔ  ᚏᚑᚈᚈᚐᚔᚄ |SEVERRIT/ MAQI/ ROTTAIS|  ᚄᚓᚃᚓᚏᚏᚔᚈ  ᚋᚐᚊᚔ  ᚏᚑᚈᚈᚐᚔᚄ |0.66|1.37|0.30|36|36._Lamoge_I|Q85391666
37._Lamoge_II.xml|  ᚇᚑᚃᚐᚈᚒᚉᚊᚔ  ᚐᚃᚔ  ᚈᚒᚂᚑᚈᚐᚅᚐᚌᚔᚐ |DOVATUC/QI AV/I/ TULOTANAGIA|  ᚇᚑᚃᚐᚈᚒᚉᚊᚔ  ᚐᚃᚔ  ᚈᚒᚂᚑᚈᚐᚅᚐᚌᚔᚐ |0.38|1.37|0.28|37|37._Lamoge_II|Q85391666
38._Ballyboodan.xml|    ᚉᚑᚏᚁᚔ  ᚕᚑᚔ  ᚋᚐᚊᚔ  ᚂᚐᚁᚏᚔᚇ   |CORBI KOI MAQI LABRID|    ᚉᚑᚏᚁᚔ  ᚕᚑᚔ  ᚋᚐᚊᚔ  ᚂᚐᚁᚏᚔᚇ   |1.75|2.31|0.23|38|38._Ballyboodan|Q69378747
40._Painestown.xml|    ᚋᚐᚊᚔᚉᚐᚔᚏᚐᚈᚔᚅᚔ  ᚐᚃᚔ  ᚔᚅᚓᚊᚐᚌᚂᚐᚄ |MAQI-CAIRATINI AVI INEQAGLAS|    ᚋᚐᚊᚔᚉᚐᚔᚏᚐᚈᚔᚅᚔ  ᚐᚃᚔ  ᚔᚅᚓᚊᚐᚌᚂᚐᚄ |0.76|2.24|0.33|40|40._Painestown|Q85391671
46._Houseland.xml|    ᚄᚓᚇᚐᚅᚔ  ᚋᚐᚊᚔ  ᚉᚐᚈᚈᚐᚁᚁᚑᚈᚈ  ᚐᚃᚃᚔ  ᚇᚓᚏᚉᚋᚐᚄᚑᚉ |SEDANI MAQI CATTABBOTT AVVI DERCMASOC|    ᚄᚓᚇᚐᚅᚔ  ᚋᚐᚊᚔ  ᚉᚐᚈᚈᚐᚁᚁᚑᚈᚈ  ᚐᚃᚃᚔ  ᚇᚓᚏᚉᚋᚐᚄᚑᚉ |0.30|1.18|0.20|46|46._Houseland|Q85391680
47._Castletimon.xml|  ᚅᚓᚈᚐᚉᚐᚏᚔ    ᚅᚓᚈᚐᚉᚐᚌᚔ |NETACARI NETACAGI|  ᚅᚓᚈᚐᚉᚐᚏᚔ    ᚅᚓᚈᚐᚉᚐᚌᚔ |0.48|1.50|0.25|47|47._Castletimon|Q85391708
48._Donard.xml|  ᚔᚐᚊᚔᚅᚔ  ᚕᚑᚔ  ᚋᚐᚊᚔ  ᚋᚒᚉᚑᚔ |IAQINI KOI/ MAQI MUCOI|  ᚔᚐᚊᚔᚅᚔ  ᚕᚑᚔ  ᚋᚐᚊᚔ  ᚋᚒᚉᚑᚔ |0.69|1.52|0.53|48|48._Donard|Q85391710
49._Baltinglass.xml|  ᚃᚏᚐᚌᚋᚓᚅᚈ      ᚉᚉᚔ  ᚋᚐᚊ  ᚃᚏᚐᚌᚋᚓᚅᚈ      ᚔᚅᚔ |Fragment 1 - CCI MAQ Fragment 2 - INI|  ᚃᚏᚐᚌᚋᚓᚅᚈ      ᚉᚉᚔ  ᚋᚐᚊ  ᚃᚏᚐᚌᚋᚓᚅᚈ      ᚔᚅᚔ |0.51|0.67|0.03|49|49._Baltinglass|Q85391683
50._Boleycarrigeen.xml|  ᚃᚑᚈᚔ |VOTI|  ᚃᚑᚈᚔ |0.30|0.76|0.28|50|50._Boleycarrigeen|Q85391685
51._Knickeen.xml|  ᚋᚐᚊᚔ  ᚅᚔᚂᚔ |MAQI NILI|  ᚋᚐᚊᚔ  ᚅᚔᚂᚔ |2.03|2.37|0.58|51|51._Knickeen|Q85391711
57._Greenhill_I.xml|      ᚈᚏᚓᚅᚒ  ᚋᚐᚊᚔ  ᚋᚒᚉᚑᚔ    ᚊᚏᚔᚈᚈᚔ |TRENU MAQI MUCOI QRITTI|      ᚈᚏᚓᚅᚒ  ᚋᚐᚊᚔ  ᚋᚒᚉᚑᚔ    ᚊᚏᚔᚈᚈᚔ |0.72|2.60|0.35|57|57._Greenhill_I|Q72006007
58._Greenhill_II.xml|      ᚉᚐᚈᚈᚒᚁᚒᚈᚈᚐᚄ  ᚋᚐᚊᚔ   |CATTUBUTTAS MAQI|      ᚉᚐᚈᚈᚒᚁᚒᚈᚈᚐᚄ  ᚋᚐᚊᚔ   |0.46|1.54|0.36|58|58._Greenhill_II|Q72006007
66._Faunkill_and_the_Woods.xml|      ᚋᚐᚊᚔᚇᚓᚉᚉᚓᚇᚇᚐᚄ  ᚐᚃᚔ    ᚈᚒᚏᚐᚅᚔᚐᚄ |MAQI-DECCEDDAS AVI TURANIAS|      ᚋᚐᚊᚔᚇᚓᚉᚉᚓᚇᚇᚐᚄ  ᚐᚃᚔ    ᚈᚒᚏᚐᚅᚔᚐᚄ |1.02|4.70|0.32|66|66._Faunkill_and_the_Woods|Q85393998
69._Ahalisky_I.xml|    ᚌᚔᚏᚐᚌᚅᚔ   |GIRAGNI|    ᚌᚔᚏᚐᚌᚅᚔ   |0.36|1.35|0.34|69|69._Ahalisky_I|Q85394002
70._Ahalisky_II.xml|    ᚉᚒᚅᚐᚌᚒᚄᚑᚄ  ᚋᚐᚊᚔ  ᚋᚒᚉᚑᚔ  ᚃᚔᚏᚐᚌᚅᚔ   |CUNAGUSOS MAQI MUCOI VIRA/GNI|    ᚉᚒᚅᚐᚌᚒᚄᚑᚄ  ᚋᚐᚊᚔ  ᚋᚒᚉᚑᚔ  ᚃᚔᚏᚐᚌᚅᚔ   |0.64|1.52|0.22|70|70._Ahalisky_II|Q85394002
71._Ahalisky_III.xml|      ᚉᚑᚔᚋᚐᚌᚅᚔ    ᚋᚐᚊᚔ  ᚋᚑᚉᚑᚔ  ᚌ   |COIMAGNI MAQI MOCOI G|      ᚉᚑᚔᚋᚐᚌᚅᚔ    ᚋᚐᚊᚔ  ᚋᚑᚉᚑᚔ  ᚌ   |0.3|0.97|0.13|71|71._Ahalisky_III|Q85394002
79._Rathcanning_I.xml|    ᚈᚒᚂᚓᚅᚐ  ᚋᚒᚉ  ᚏᚐᚅ   |TULENA MUC RAN|    ᚈᚒᚂᚓᚅᚐ  ᚋᚒᚉ  ᚏᚐᚅ   |0.61|1.73|0.14|79|79._Rathcanning_I|Q85393934
80._Rathcanning_II.xml|    ᚋ     |?M?|    ᚋ     |0.10|0.23|0.10|80|80._Rathcanning_II|Q85393934
97._Ballyhank_I.xml|  ᚂᚂ  ᚋᚐᚊᚔ  ᚃᚑᚏᚏᚈᚔᚌᚒᚏᚅ |LL MAQI VORR/TIGUR/N|  ᚂᚂ  ᚋᚐᚊᚔ  ᚃᚑᚏᚏᚈᚔᚌᚒᚏᚅ |0.30|0.60|0.10|97|97._Ballyhank_I|Q85394010
98._Ballyhank_II.xml|    ᚉᚑᚏᚁᚐᚌᚅᚔ  ᚕᚑᚔ  ᚋᚐᚊᚔ  ᚋᚑᚉᚉᚑᚔ  ᚉᚑᚏᚑᚈᚐᚅᚔ |CORBAGNI/ KOI MAQI MOC/COI COROTANI|    ᚉᚑᚏᚁᚐᚌᚅᚔ  ᚕᚑᚔ  ᚋᚐᚊᚔ  ᚋᚑᚉᚉᚑᚔ  ᚉᚑᚏᚑᚈᚐᚅᚔ |0.4|0.9|0.2|98|98._Ballyhank_II|Q85394010
99._Ballyhank_III.xml|  ᚄᚐᚉᚐᚈᚈᚔᚅᚔ |SACATTI/NI|  ᚄᚐᚉᚐᚈᚈᚔᚅᚔ |0.50|1.20|0.25|99|99._Ballyhank_III|Q85394010
100._Ballyhank_IV.xml|    ᚐᚁ  ᚒᚂᚉᚉᚐᚌᚅᚔ |AB ULCCAGNI|    ᚐᚁ  ᚒᚂᚉᚉᚐᚌᚅᚔ |0.6|1.3|0.2|100|100._Ballyhank_IV|Q85394010
101._Ballyhank_V.xml|    ᚋᚐᚊᚔᚓᚄᚓᚐ  ᚋᚐᚊᚔ  ᚇᚑᚋᚐᚅᚓᚊᚔ |MAQI-ESE/A MAQI DOMANE/QI|    ᚋᚐᚊᚔᚓᚄᚓᚐ  ᚋᚐᚊᚔ  ᚇᚑᚋᚐᚅᚓᚊᚔ |0.5|1.4|0.4|101|101._Ballyhank_V|Q85394010
102._Ballyhank_VI.xml|  ᚇᚔᚂᚑᚌᚑᚅᚅ |DILOGONN|  ᚇᚔᚂᚑᚌᚑᚅᚅ |0.3|1.1|0.3|102|102._Ballyhank_VI|Q85394010
118._Monataggart_I.xml|      ᚃᚓᚊᚏᚓᚊ    ᚋᚑᚊᚑᚔ  ᚌᚂᚒᚅᚂᚓᚌᚌᚓᚈ |VEQREQ MOQOI GLUNLEGGET|      ᚃᚓᚊᚏᚓᚊ    ᚋᚑᚊᚑᚔ  ᚌᚂᚒᚅᚂᚓᚌᚌᚓᚈ |0.43|2.20|0.30|118|118._Monataggart_I|Q85394081
119._Monataggart_II.xml|    ᚇᚐᚂᚐᚌᚅᚔ    ᚋᚐᚊᚔ  ᚇᚐᚂᚔ   |DALAGNI MAQI DALI|    ᚇᚐᚂᚐᚌᚅᚔ    ᚋᚐᚊᚔ  ᚇᚐᚂᚔ   |0.39|0.91|0.11|119|119._Monataggart_II|Q85394081
120._Monataggart_III.xml|    ᚁᚏᚑᚔᚅᚔᚓᚅᚐᚄ  ᚕᚑᚔ  ᚅᚓᚈᚈᚐᚈᚈᚏᚓᚅᚐᚂᚒᚌᚑᚄ |BROINIENAS KOI NETTA-TTRENALUGOS|    ᚁᚏᚑᚔᚅᚔᚓᚅᚐᚄ  ᚕᚑᚔ  ᚅᚓᚈᚈᚐᚈᚈᚏᚓᚅᚐᚂᚒᚌᚑᚄ |0.36|1.88|0.27|120|120._Monataggart_III|Q85394081
136._Ardfert_I.xml|  ᚉᚈᚐᚅᚊᚂᚑᚌ |CTAN/QLOG|  ᚉᚈᚐᚅᚊᚂᚑᚌ |0.30|1.22|0.28|136|136._Ardfert_I|Q85394024
141._Aglish_I.xml|    ᚋᚐᚊᚔ  ᚋᚐᚊᚔᚑᚌᚌᚑᚇᚔᚕᚐ |MAQI MAQI/OGGODIKA|    ᚋᚐᚊᚔ  ᚋᚐᚊᚔᚑᚌᚌᚑᚇᚔᚕᚐ |0.25|0.88|0.05|141|141._Aglish_I|Q85393955
142._Aglish_II.xml|    ᚉᚓᚂᚔ  ᚐᚃᚔ    ᚃᚒᚇ |CELI AVI VUD?|    ᚉᚓᚂᚔ  ᚐᚃᚔ    ᚃᚒᚇ |0.25|0.90||142|142._Aglish_II|Q85393955
145._Arraglen.xml|  ᚊᚏᚔᚋᚔᚈᚔᚏ  ᚏᚑᚅᚐᚅᚅ  ᚋᚐᚊ  ᚉᚑᚋᚑᚌᚐᚅᚅ |QRIMITIR RO/NA/NN MAQ COMOGANN|  ᚊᚏᚔᚋᚔᚈᚔᚏ  ᚏᚑᚅᚐᚅᚅ  ᚋᚐᚊ  ᚉᚑᚋᚑᚌᚐᚅᚅ |0.38|1.91|0.20|145|145._Arraglen|Q85394028
146._Ballineanig.xml|      ᚂᚒᚌᚒᚊᚏᚔᚈ    ᚋᚐᚊᚔ    ᚊᚏᚔᚈᚈᚔ   |LUGUQRIT MAQI/ QRITTI|      ᚂᚒᚌᚒᚊᚏᚔᚈ    ᚋᚐᚊᚔ    ᚊᚏᚔᚈᚈᚔ   |0.20|1.17|0.12|146|146._Ballineanig|Q85393959
147._Ballineesteenigh.xml|  ᚋᚑᚔᚅᚓᚅᚐ  ᚋᚐᚊᚔ  ᚑᚂᚐᚉᚑᚅ |MOINENA MAQI OLACON|  ᚋᚑᚔᚅᚓᚅᚐ  ᚋᚐᚊᚔ  ᚑᚂᚐᚉᚑᚅ |0.33|1.93|0.36|147|147._Ballineesteenigh|Q85393961
150._Ballinrannig_III.xml|ᚋᚐᚉᚐᚂᚔᚄᚈᚓᚏ          ᚌᚏᚐᚃᚔᚉᚐᚄ  ᚋᚐᚊᚔ  ᚋᚒᚉᚑᚔ  ᚇᚑᚃᚃᚔᚅᚔᚐᚄ  ᚉᚒᚐᚌᚓ          ᚅᚐᚃᚔᚉᚐᚄ  ᚋᚐᚊᚔ  ᚋᚒᚉᚑᚔ  ᚄ    ᚋᚉᚋᚐᚅᚒᚄ      ᚌᚏᚐᚃᚔᚉᚐᚄ  ᚋᚐᚊᚔ  ᚋᚒᚉᚑ |Macalister (1945, 146): GRAVICAS MAQI MUCOI/ DOVVINIAS Cuppage (1986, 251): NAVICAS MAQI MUCOI/ S McManus (1991, 66): GRAVICAS MAQI MUCO/|ᚋᚐᚉᚐᚂᚔᚄᚈᚓᚏ          ᚌᚏᚐᚃᚔᚉᚐᚄ  ᚋᚐᚊᚔ  ᚋᚒᚉᚑᚔ  ᚇᚑᚃᚃᚔᚅᚔᚐᚄ  ᚉᚒᚐᚌᚓ          ᚅᚐᚃᚔᚉᚐᚄ  ᚋᚐᚊᚔ  ᚋᚒᚉᚑᚔ  ᚄ    ᚋᚉᚋᚐᚅᚒᚄ      ᚌᚏᚐᚃᚔᚉᚐᚄ  ᚋᚐᚊᚔ  ᚋᚒᚉᚑ |0.34|1.16|0.14|150|150._Ballinrannig_III|Q85394310
151._Ballinrannig_IV.xml|  ᚁᚏᚑᚔᚅᚔᚑᚅᚐᚄ   |BROINIONAS|  ᚁᚏᚑᚔᚅᚔᚑᚅᚐᚄ   |0.26|0.82|0.25|151|151._Ballinrannig_IV|Q85394310
152._Ballinrannig_V.xml|  ᚌᚂᚒᚁᚁᚔᚐᚄ  ᚋᚐᚊᚊᚔ  ᚇᚅᚔᚐᚄ |G/LUBBIAS MAQQI/ DN/IA?S|  ᚌᚂᚒᚁᚁᚔᚐᚄ  ᚋᚐᚊᚊᚔ  ᚇᚅᚔᚐᚄ |0.39|0.97|0.17|152|152._Ballinrannig_V|Q85394310
153._Ballinrannig_VI.xml|  ᚉᚉᚔᚉᚐᚋᚔᚅᚔ  ᚋᚐᚊᚊᚔ  ᚉᚐᚈᚈᚔᚅᚔ |CCICAMINI MAQ/Q/I CATTINI|  ᚉᚉᚔᚉᚐᚋᚔᚅᚔ  ᚋᚐᚊᚊᚔ  ᚉᚐᚈᚈᚔᚅᚔ |0.30|1.02|0.18|153|153._Ballinrannig_VI|Q85394310
154._Ballinrannig_VII.xml|  ᚉᚒᚅᚐᚋᚐᚊᚊᚔ  ᚉᚑᚏᚁᚁᚔ  ᚋᚐᚊᚊᚔ  ᚋᚒᚉᚉᚑᚔ  ᚇᚑᚃᚃᚔᚅᚔᚐᚄ |CUNAMAQQI CORBBI MAQQI MUCCOI DOVVINIAS|  ᚉᚒᚅᚐᚋᚐᚊᚊᚔ  ᚉᚑᚏᚁᚁᚔ  ᚋᚐᚊᚊᚔ  ᚋᚒᚉᚉᚑᚔ  ᚇᚑᚃᚃᚔᚅᚔᚐᚄ |0.51|1.73|0.18|154|154._Ballinrannig_VII|Q85394310
155._Ballintaggart_I.xml|  ᚐᚕᚓᚃᚏᚔᚈᚈᚔ |AKEVRITTI|  ᚐᚕᚓᚃᚏᚔᚈᚈᚔ |0.36|0.97|0.15|155|155._Ballintaggart_I|Q85393964
156._Ballintaggart_II.xml|  ᚋᚐᚊᚊᚔᚔᚐᚏᚔ  ᚕᚑᚔ  ᚋᚐᚊᚊᚔ  ᚋᚒᚉᚉᚑᚔ  ᚇᚑᚃᚃᚔᚅᚔᚐᚄ |MAQQI-IARI KOI MA/QQI MU/CCOI DOVVINIAS|  ᚋᚐᚊᚊᚔᚔᚐᚏᚔ  ᚕᚑᚔ  ᚋᚐᚊᚊᚔ  ᚋᚒᚉᚉᚑᚔ  ᚇᚑᚃᚃᚔᚅᚔᚐᚄ |0.33|1.07|0.13|156|156._Ballintaggart_II|Q85393964
157._Ballintaggart_III.xml|  ᚇᚑᚃᚓᚈᚔ  ᚋᚐᚊᚊᚔ    ᚉᚐᚈᚈᚔᚅᚔ |DOVETI MAQQI/ CATTI/NI|  ᚇᚑᚃᚓᚈᚔ  ᚋᚐᚊᚊᚔ    ᚉᚐᚈᚈᚔᚅᚔ |0.34|0.94|0.15|157|157._Ballintaggart_III|Q85393964
158._Ballintaggart_IV.xml|  ᚄᚒᚃᚐᚂᚂᚑᚄ  ᚋᚐᚊᚊᚔ    ᚇᚒᚉᚑᚃᚐᚏᚑᚄ |SUVALLOS MAQ/QI DU/COVAROS|  ᚄᚒᚃᚐᚂᚂᚑᚄ  ᚋᚐᚊᚊᚔ    ᚇᚒᚉᚑᚃᚐᚏᚑᚄ |0.36|0.56|0.13|158|158._Ballintaggart_IV|Q85393964
159._Ballintaggart_V.xml|    ᚋᚐᚊᚔᚇᚓᚉᚉᚓᚇᚐ    ᚋᚐᚊᚔ  ᚌᚂᚐᚄᚔᚉᚑᚅᚐᚄ |MAQI-DECCEDA/ MAQI/ GLASICONAS|    ᚋᚐᚊᚔᚇᚓᚉᚉᚓᚇᚐ    ᚋᚐᚊᚔ  ᚌᚂᚐᚄᚔᚉᚑᚅᚐᚄ |0.33|1.27|0.25|159|159._Ballintaggart_V|Q85393964
160._Ballintaggart_VI.xml|    ᚈᚏᚔᚐ  ᚋᚐᚊᚐ  ᚋᚐᚔᚂᚐᚌᚅᚔ  ᚉᚒᚏᚉᚔᚈᚈᚔ |TRIA MAQA MAILAGNI/ CURCITTI|    ᚈᚏᚔᚐ  ᚋᚐᚊᚐ  ᚋᚐᚔᚂᚐᚌᚅᚔ  ᚉᚒᚏᚉᚔᚈᚈᚔ |0.41|1.07|0.20|160|160._Ballintaggart_VI|Q85393964
161._Ballintaggart_VII.xml|  ᚔᚅᚔᚄᚄᚔᚑᚅᚐᚄ |INISSIO/NAS|  ᚔᚅᚔᚄᚄᚔᚑᚅᚐᚄ |0.33|0.97|0.20|161|161._Ballintaggart_VII|Q85393964
162._Ballintaggart_VIII.xml|  ᚉᚒᚅᚐᚋᚐᚊᚊᚔ  ᚐᚃᚔ  ᚉᚑᚏᚁᚁᚔ |CUNAMAQQI/ AVI CORBBI|  ᚉᚒᚅᚐᚋᚐᚊᚊᚔ  ᚐᚃᚔ  ᚉᚑᚏᚁᚁᚔ |0.41|1.19|0.23|162|162._Ballintaggart_VIII|Q85393964
163._Ballintaggart_IX.xml|  ᚅᚓᚈᚈᚐᚂᚐᚋᚔᚅᚐᚉᚉᚐ  ᚕᚑᚔ  ᚋᚐᚊᚊᚔ  ᚋᚒᚉᚑᚔ  ᚇᚑᚃᚔᚅᚔᚐᚄ |NETTA-LAMINACCA KO/I MA/QQI MUCOI DOVINIAS|  ᚅᚓᚈᚈᚐᚂᚐᚋᚔᚅᚐᚉᚉᚐ  ᚕᚑᚔ  ᚋᚐᚊᚊᚔ  ᚋᚒᚉᚑᚔ  ᚇᚑᚃᚔᚅᚔᚐᚄ |0.56|1.04|0.18|163|163._Ballintaggart_IX|Q85393964
166._Ballinvoher.xml|    ᚉᚑᚔᚋᚐᚌᚅᚔ  ᚋᚐᚊᚔ  ᚃᚔᚈᚐᚂᚔᚅ |COIMAGNI MAQI VITALIN|    ᚉᚑᚔᚋᚐᚌᚅᚔ  ᚋᚐᚊᚔ  ᚃᚔᚈᚐᚂᚔᚅ |0.47|1.22|0.10|166|166._Ballinvoher|Q85395552
170._Ballymorereagh.xml|  ᚊᚓᚅᚔᚂᚑᚉᚔ  ᚋᚐᚊᚔ  ᚋᚐᚊᚔᚐᚔᚅᚔᚐ  ᚋᚒᚉᚑᚔ |QENILOCI MAQI MAQI-AINIA MUCOI|  ᚊᚓᚅᚔᚂᚑᚉᚔ  ᚋᚐᚊᚔ  ᚋᚐᚊᚔᚐᚔᚅᚔᚐ  ᚋᚒᚉᚑᚔ |0.46|1.68|0.28|170|170._Ballymorereagh|Q85395592
171._Ballynahunt.xml|  ᚇᚒᚌᚓᚅᚅᚌᚔ  ᚋᚐᚊᚔ  ᚏᚑᚇᚑᚄ   |DUGENNGI MAQI RODOS|  ᚇᚒᚌᚓᚅᚅᚌᚔ  ᚋᚐᚊᚔ  ᚏᚑᚇᚑᚄ   |0.42|1.52|0.13|171|171._Ballynahunt|Q85395518
172._Ballywiheen.xml|  ᚈᚑᚌᚔᚈᚈᚐᚉᚉ  ᚋᚐᚊᚔ  ᚄᚐᚌᚐᚏᚓᚈᚈᚑᚄ |TOGITTACC MAQI SAGARETTOS|  ᚈᚑᚌᚔᚈᚈᚐᚉᚉ  ᚋᚐᚊᚔ  ᚄᚐᚌᚐᚏᚓᚈᚈᚑᚄ |0.46|1.92|0.16|172|172._Ballywiheen|Q85395519
173._Brackloon.xml|      ᚋᚐᚊᚔ  ᚋᚒᚉᚉᚑᚔ   |MAQI MUCCOI|      ᚋᚐᚊᚔ  ᚋᚒᚉᚉᚑᚔ   ||||173|173._Brackloon|Q85395554
175._Burnham_West.xml|  ᚋᚐᚊᚊᚔᚓᚏᚉᚉᚔᚐ  ᚋᚐᚊᚊᚔ  ᚋᚒᚉᚑᚔ  ᚇᚑᚃᚔᚅᚔᚐ |MAQQI-ERCCIA MAQQI MUCOI DOVINIA|  ᚋᚐᚊᚊᚔᚓᚏᚉᚉᚔᚐ  ᚋᚐᚊᚊᚔ  ᚋᚒᚉᚑᚔ  ᚇᚑᚃᚔᚅᚔᚐ |0.38|1.02|0.33|175|175._Burnham_West|Q85395594
178._Coumeenole.xml|  ᚓᚏᚉ  ᚋᚐᚊᚔ  ᚋᚐᚊᚔᚓᚏᚉᚔᚐᚄ  ᚋᚒ  ᚇᚑᚃᚔᚅᚔᚐ |ERC MAQI MAQI-ERCIAS MU DOVINIA|  ᚓᚏᚉ  ᚋᚐᚊᚔ  ᚋᚐᚊᚔᚓᚏᚉᚔᚐᚄ  ᚋᚒ  ᚇᚑᚃᚔᚅᚔᚐ |0.45|2.00|0.30|178|178._Coumeenole|Q85395557
180._Emlagh_East.xml|    ᚁᚏᚒᚄᚉᚉᚑᚄ    ᚋᚐᚊᚊᚔ    ᚉᚐᚂᚔᚐᚉᚔ   |BRUSCCOS MAQQI CALIACI|    ᚁᚏᚒᚄᚉᚉᚑᚄ    ᚋᚐᚊᚊᚔ    ᚉᚐᚂᚔᚐᚉᚔ   |0.61|2.39|0.28|180|180._Emlagh_East|Q85395559
181._Emlagh_West.xml|    ᚈᚐᚂᚐᚌᚅᚔ  ᚋᚐᚊᚔ   |TALAGNI MAQI|    ᚈᚐᚂᚐᚌᚅᚔ  ᚋᚐᚊᚔ   |0.36|1.08|0.24|181|181._Emlagh_West|Q85395521
185._Inishvickillane.xml|ᚋᚐᚉᚐᚂᚔᚄᚈᚓᚏᚄ  ᚏᚓᚐᚇᚔᚅᚌ          ᚉᚑᚁᚁᚐ  ᚐᚃᚔ  ᚃᚂᚐᚈᚔᚐᚋᚔ  ᚋᚐᚊ |Macalister's reading (1945, 179): CO?BBA? AVI VLATIAMI MAQ...|ᚋᚐᚉᚐᚂᚔᚄᚈᚓᚏᚄ  ᚏᚓᚐᚇᚔᚅᚌ          ᚉᚑᚁᚁᚐ  ᚐᚃᚔ  ᚃᚂᚐᚈᚔᚐᚋᚔ  ᚋᚐᚊ |0.15|1.05|0.18|185|185._Inishvickillane|Q85395526
186._Kilfountain.xml|    ᚑᚌᚆᚐᚋ  ᚓᚊᚑᚇᚇᚔ      ᚆᚐᚂᚃᚒᚅᚉᚔᚐᚂ  ᚄᚉᚔ  ᚃᚔᚅᚈᚓᚅ |Ogham: EQODDI Half-uncial: SCI FINTEN|    ᚑᚌᚆᚐᚋ  ᚓᚊᚑᚇᚇᚔ      ᚆᚐᚂᚃᚒᚅᚉᚔᚐᚂ  ᚄᚉᚔ  ᚃᚔᚅᚈᚓᚅ |0.25|1.50|0.09|186|186._Kilfountain|Q85395599
187._Kilmalkedar.xml|  ᚏᚓᚋᚐᚔᚅᚄ  ᚑᚃ  ᚓᚐᚏᚂᚔᚓᚏ  ᚔᚅᚄᚉᚏᚔᚈᚔᚑᚅ  ᚐᚅᚋ  ᚂᚐᚈᚓᚏ  ᚔᚅᚄᚉᚏᚔᚈᚔᚑᚅ  ᚐᚅᚋ  ᚋᚐᚔᚂᚓᚔᚅᚁᚔᚏ  ᚋᚐᚉᚔ  ᚁᚏᚑᚉᚐᚅᚅ |Remains of earlier inscription: ANM Later inscription: ANM MAILE-INBIR/ MACI BROCANN|  ᚏᚓᚋᚐᚔᚅᚄ  ᚑᚃ  ᚓᚐᚏᚂᚔᚓᚏ  ᚔᚅᚄᚉᚏᚔᚈᚔᚑᚅ  ᚐᚅᚋ  ᚂᚐᚈᚓᚏ  ᚔᚅᚄᚉᚏᚔᚈᚔᚑᚅ  ᚐᚅᚋ  ᚋᚐᚔᚂᚓᚔᚅᚁᚔᚏ  ᚋᚐᚉᚔ  ᚁᚏᚑᚉᚐᚅᚅ |0.22|1.65|0.22|187|187._Kilmalkedar|Q85395528
188._Kinard_East_I.xml|    ᚋᚐᚏᚔᚐᚅᚔ |MARIANI|    ᚋᚐᚏᚔᚐᚅᚔ |0.53|1.80|0.28|188|188._Kinard_East_I|Q85395530
189._Kinard_East_II.xml|ᚋᚐᚉᚐᚂᚔᚄᚈᚓᚏ  ᚏᚓᚐᚇᚔᚅᚌ  ᚈᚑᚇᚑᚅ            ᚄᚐᚅᚌᚈᚔ  ᚂᚂᚑᚈᚓᚈᚔ  ᚐᚃᚔ    ᚄᚏᚒᚄᚐ  ᚋᚉᚋᚐᚅᚒᚄ  ᚏᚓᚐᚇᚔᚅᚌ  ᚒᚈᚑ      ᚐ  ᚉᚒᚏᚉᚔᚈᚔ  ᚃᚓᚃᚑᚇᚇᚔᚒᚌᚐᚉ |Macalister reading top-down (1945, 182): SANGTI LLOTETI AVI SRUSA McManus' reading up-top (1986, 21): A CURCITI VEVODDIUGWAC|ᚋᚐᚉᚐᚂᚔᚄᚈᚓᚏ  ᚏᚓᚐᚇᚔᚅᚌ  ᚈᚑᚇᚑᚅ            ᚄᚐᚅᚌᚈᚔ  ᚂᚂᚑᚈᚓᚈᚔ  ᚐᚃᚔ    ᚄᚏᚒᚄᚐ  ᚋᚉᚋᚐᚅᚒᚄ  ᚏᚓᚐᚇᚔᚅᚌ  ᚒᚈᚑ      ᚐ  ᚉᚒᚏᚉᚔᚈᚔ  ᚃᚓᚃᚑᚇᚇᚔᚒᚌᚐᚉ |0.52|1.80|0.16|189|189._Kinard_East_II|Q85395530
190._Lugnagappul_I.xml|  ᚌᚑᚄᚄᚒᚉᚈᚈᚔᚐᚄ |GOSSUCTTIAS|  ᚌᚑᚄᚄᚒᚉᚈᚈᚔᚐᚄ |0.41|0.91|0.30|190|190._Lugnagappul_I|Q85395562
191._Lugnagappul_II.xml|  ᚌᚐᚋᚔᚉᚒᚅᚐᚄ |GAMICUNAS|  ᚌᚐᚋᚔᚉᚒᚅᚐᚄ |0.37|0.91|0.19|191|191._Lugnagappul_II|Q85395562
192._Martramane.xml|    ᚊᚓᚅᚔᚂᚑᚉᚐᚌᚅᚔ  ᚋᚐᚊᚔ  ᚇ |QENILOCAGNI MAQI D...|    ᚊᚓᚅᚔᚂᚑᚉᚐᚌᚅᚔ  ᚋᚐᚊᚔ  ᚇ |0.30|1.15|0.18|192|192._Martramane|Q85395622
193._Maumanorig.xml|  ᚐᚅᚋ  ᚉᚑᚂᚑᚂᚈᚆᚋᚐᚅ  ᚐᚂᚔᚈᚆᚔᚏ |ANM COL(OLTH)MAN ALITHIR|  ᚐᚅᚋ  ᚉᚑᚂᚑᚂᚈᚆᚋᚐᚅ  ᚐᚂᚔᚈᚆᚔᚏ |1.58|1.15|0.54|193|193._Maumanorig|Q85395564
195._Rathmalode_I.xml|    ᚉᚒᚏᚉᚔ  ᚋᚐᚊᚔ  ᚋᚒᚉᚑᚔ  ᚃᚑ |CURCI MAQI MUCOI VO|    ᚉᚒᚏᚉᚔ  ᚋᚐᚊᚔ  ᚋᚒᚉᚑᚔ  ᚃᚑ |0.28|1.04|0.10|195|195._Rathmalode_I|Q85395567
196._Rathmalode_II.xml|    ᚓᚏᚉᚐᚃᚔᚉᚉᚐᚄ  ᚋᚐᚊᚔ  ᚉᚑ |ERCAVICCAS MAQI CO|    ᚓᚏᚉᚐᚃᚔᚉᚉᚐᚄ  ᚋᚐᚊᚔ  ᚉᚑ |0.33|1.24|0.09|196|196._Rathmalode_II|Q85395567
197._Coolmagort_I.xml|    ᚇᚓᚌᚑᚄ    ᚋᚐᚊᚔ  ᚋᚑᚉᚑᚔ    ᚈᚑᚔᚉᚐᚕᚔ   |DEGO{S} MAQI MOCOI TOICAKI|    ᚇᚓᚌᚑᚄ    ᚋᚐᚊᚔ  ᚋᚑᚉᚑᚔ    ᚈᚑᚔᚉᚐᚕᚔ   |0.52|2.10|0.20|197|197._Coolmagort_I|Q69379704
198._Coolmagort_II.xml|    ᚋᚐᚊᚔᚏᚔᚈᚓᚐᚄ    ᚋᚐᚊᚔ  ᚋᚐᚊᚔᚇᚇᚒᚋᚔᚂᚓᚐᚄ  ᚋᚒᚉᚑᚔ    ᚈᚑᚔᚉᚐᚉᚔ   |MAQI-RITEAS MAQI MAQI-DDUMILEAS/ MUCOI TOICACI|    ᚋᚐᚊᚔᚏᚔᚈᚓᚐᚄ    ᚋᚐᚊᚔ  ᚋᚐᚊᚔᚇᚇᚒᚋᚔᚂᚓᚐᚄ  ᚋᚒᚉᚑᚔ    ᚈᚑᚔᚉᚐᚉᚔ   |0.48|2.65|0.20|198|198._Coolmagort_II|Q69379704
199._Coolmagort_III.xml|    ᚉᚒᚅᚐᚉᚓᚅᚐ     |CUNACENA|    ᚉᚒᚅᚐᚉᚓᚅᚐ     |0.30|1.20|0.11|199|199._Coolmagort_III|Q69379704
200._Coolmagort_IV.xml|      ᚋᚐᚊᚔᚈᚈᚐᚂ    ᚋᚐᚊᚔ  ᚃᚑᚏᚌᚑᚄ  ᚋᚐᚊᚔ  ᚋᚒᚉᚑᚔ    ᚈᚑᚔᚉᚐᚉ     |MAQI-TTAL MAQI VORGOS MA/QI MU/COI TOICAC|      ᚋᚐᚊᚔᚈᚈᚐᚂ    ᚋᚐᚊᚔ  ᚃᚑᚏᚌᚑᚄ  ᚋᚐᚊᚔ  ᚋᚒᚉᚑᚔ    ᚈᚑᚔᚉᚐᚉ     |0.30|1.48|0.15|200|200._Coolmagort_IV|Q69379704
201._Coolmagort_V.xml|  ᚋᚉ  ᚌᚓ  ᚋᚐᚊ  ᚇᚓ   |MC GE?/ MAQ D/E?|  ᚋᚉ  ᚌᚓ  ᚋᚐᚊ  ᚇᚓ   |0.45|1.30|0.10|201|201._Coolmagort_V|Q69379704
202._Coolmagort_VI.xml|    ᚅᚔᚑᚈᚈᚃᚏᚓᚉᚉ    ᚋᚐᚊᚔ  ᚌᚅᚔ |NIOTTVRECC MAQI/ GNI|    ᚅᚔᚑᚈᚈᚃᚏᚓᚉᚉ    ᚋᚐᚊᚔ  ᚌᚅᚔ |0.23|1.30|0.23|202|202._Coolmagort_VI|Q69379704
203._Coolmagort_VII.xml|    ᚋᚐᚊᚔᚇᚓᚉᚓᚇᚐ  ᚋᚐᚊᚔ |MAQI-DECEDA MAQI|    ᚋᚐᚊᚔᚇᚓᚉᚓᚇᚐ  ᚋᚐᚊᚔ |0.29|0.86|0.10|203|203._Coolmagort_VII|Q69379704
205._Derrygariff.xml|    ᚄᚁᚅᚐᚌ  ᚋᚐᚊᚊᚔᚏᚉᚔᚐ |SBNAG MAQQI-RCIA|    ᚄᚁᚅᚐᚌ  ᚋᚐᚊᚊᚔᚏᚉᚔᚐ |0.24|0.64|0.22|205|205._Derrygariff|Q85395535
206._Kilcoolaght_East_I.xml|ᚃᚔᚏᚄᚈ  ᚔᚅᚄᚉᚏᚔᚈᚔᚑᚅ  ᚐᚅᚋ  ᚃᚔᚏᚏᚐᚉᚉᚐᚅᚅᚔ    ᚈᚔᚌᚔᚏᚅ  ᚄᚓᚉᚑᚅᚇ  ᚔᚅᚄᚉᚏᚔᚈᚔᚑᚅ  ᚉᚈᚓᚇᚐᚈᚈᚑᚊᚐ  ᚋᚐᚊᚔ    ᚃᚓᚇᚓᚂᚋᚓᚈᚈᚑ |First inscription: [AN]M VIRRACC/ANNI TIGIR[N] Second inscription: C/TEDATTOQA MAQI/ VEDELMETTO|ᚃᚔᚏᚄᚈ  ᚔᚅᚄᚉᚏᚔᚈᚔᚑᚅ  ᚐᚅᚋ  ᚃᚔᚏᚏᚐᚉᚉᚐᚅᚅᚔ    ᚈᚔᚌᚔᚏᚅ  ᚄᚓᚉᚑᚅᚇ  ᚔᚅᚄᚉᚏᚔᚈᚔᚑᚅ  ᚉᚈᚓᚇᚐᚈᚈᚑᚊᚐ  ᚋᚐᚊᚔ    ᚃᚓᚇᚓᚂᚋᚓᚈᚈᚑ |0.24|0.76|0.20|206|206._Kilcoolaght_East_I|Q85395537
207._Kilcoolaght_East_II.xml|  ᚓᚉᚉ  ᚋᚐᚊᚔ  ᚂᚒᚌᚒᚊᚏᚏᚔᚈ |ECC MAQI LUGUQRRIT|  ᚓᚉᚉ  ᚋᚐᚊᚔ  ᚂᚒᚌᚒᚊᚏᚏᚔᚈ |0.13|0.73|0.12|207|207._Kilcoolaght_East_II|Q85395537
208._Kilcoolaght_East_III.xml|  ᚒᚋᚐᚂᚂ   |UMALL|  ᚒᚋᚐᚂᚂ   ||||208|208._Kilcoolaght_East_III|Q85395537
209._Kilcoolaght_East_IV.xml|  ᚐᚌᚌᚑ  ᚋᚐᚊᚔ  ᚐᚌᚔᚂᚂ |AGGO MAQI AGILL|  ᚐᚌᚌᚑ  ᚋᚐᚊᚔ  ᚐᚌᚔᚂᚂ |0.24|0.74|0.18|209|209._Kilcoolaght_East_IV|Q85395537
210._Kilcoolaght_East_V.xml|  ᚇᚒᚁᚓᚁ    ᚊᚅ |DUBEB Q/N|  ᚇᚒᚁᚓᚁ    ᚊᚅ |0.11|0.51|0.15|210|210._Kilcoolaght_East_V|Q85395537
211._Kilcoolaght_East_VI.xml|  ᚏᚔᚈᚈᚐᚃᚃᚓᚉᚉ  ᚋᚐᚊᚔ  ᚃᚓᚇᚇᚑᚅᚑᚄ |[RI]TTAVVECC MAQI VEDDONOS|  ᚏᚔᚈᚈᚐᚃᚃᚓᚉᚉ  ᚋᚐᚊᚔ  ᚃᚓᚇᚇᚑᚅᚑᚄ |0.22|0.67|0.13|211|211._Kilcoolaght_East_VI|Q85395537
212._Kilcoolaght_East_VII.xml|  ᚂ    ᚋ |L M|  ᚂ    ᚋ |0.14|0.76|0.10|212|212._Kilcoolaght_East_VII|Q85395537
213._Kilcoolaght_East_VIII.xml|  ᚒᚏᚌ   |URG|  ᚒᚏᚌ   |0.10|0.30|0.08|213|213._Kilcoolaght_East_VIII|Q85395537
215._Whitefield_I.xml|    ᚐᚂᚐᚈᚈᚑ    ᚉᚓᚂᚔ  ᚁᚐᚈᚈᚔᚌᚅᚔ |ALATTO CELI BAT/TIG/NI|    ᚐᚂᚐᚈᚈᚑ    ᚉᚓᚂᚔ  ᚁᚐᚈᚈᚔᚌᚅᚔ |0.30|1.14|0.13|215|215._Whitefield_I|Q85395539
216._Whitefield_II.xml|    ᚌᚑᚄᚑᚉᚈᚓᚐᚄ  ᚋᚑᚄᚐᚉ  ᚋᚐᚕᚔᚅᚔ |GOSOCTEAS MOSAC MAKINI|    ᚌᚑᚄᚑᚉᚈᚓᚐᚄ  ᚋᚑᚄᚐᚉ  ᚋᚐᚕᚔᚅᚔ |0.30|1.42|0.15|216|216._Whitefield_II|Q85395539
217._Whitefield_III.xml|    ᚅᚑᚉᚐᚈᚔ  ᚋᚐᚊᚔ  ᚋᚐᚊᚔᚏᚓᚈ  ᚋᚐᚊᚔ  ᚋᚒᚉᚑᚔ  ᚒᚇᚇᚐᚋᚔ |NOCATI MAQI MAQI-RET/ MAQI MUCOI UDDAMI|    ᚅᚑᚉᚐᚈᚔ  ᚋᚐᚊᚔ  ᚋᚐᚊᚔᚏᚓᚈ  ᚋᚐᚊᚔ  ᚋᚒᚉᚑᚔ  ᚒᚇᚇᚐᚋᚔ |0.23|0.99|0.02|217|217._Whitefield_III|Q85395539
218._Whitefield_IV.xml|    ᚂᚐᚌᚑᚁᚁ  ᚋᚒᚉᚑ  ᚈᚒᚉᚐᚉᚐᚉ |LAGOBB/ MUCO TUCACAC|    ᚂᚐᚌᚑᚁᚁ  ᚋᚒᚉᚑ  ᚈᚒᚉᚐᚉᚐᚉ |0.26|1.00|0.22|218|218._Whitefield_IV|Q85395539
220._Derrynane.xml|    ᚐᚅᚋ  ᚂᚂᚐᚈᚔᚌᚅᚔ  ᚋᚐᚊ  ᚋᚔᚅᚓᚏᚉ    ᚋᚒᚉᚑᚔ  ᚊᚉᚔ |ANM LLATIGNI MAQ MINERC/ MUCOI QCI?|    ᚐᚅᚋ  ᚂᚂᚐᚈᚔᚌᚅᚔ  ᚋᚐᚊ  ᚋᚔᚅᚓᚏᚉ    ᚋᚒᚉᚑᚔ  ᚊᚉᚔ |0.51|2.11|0.30|220|220._Derrynane|Q85395573
223._Parknasilla.xml|    ᚐᚅᚋ  ᚃᚔᚅᚅᚐᚌᚔᚈᚂᚓᚈ|ANM VINNAGITLET|    ᚐᚅᚋ  ᚃᚔᚅᚅᚐᚌᚔᚈᚂᚓᚈ|0.30|1.08|0.18|223|223._Parknasilla|Q85395605
230._Cloghanecarhan.xml|      ᚓᚊᚊᚓᚌᚌᚅᚔ  ᚋᚐᚊᚔ  ᚋᚐᚊᚔᚉᚐᚏᚐᚈᚈᚔᚅᚅ   |EQQEGGNI MAQI MAQI-CARATTINN|      ᚓᚊᚊᚓᚌᚌᚅᚔ  ᚋᚐᚊᚔ  ᚋᚐᚊᚔᚉᚐᚏᚐᚈᚈᚔᚅᚅ   |0.38|2.08|0.18|230|230._Cloghanecarhan|Q85395549
241._Kilbonane.xml|ᚇᚓᚈᚓᚏ  ᚐᚅᚌᚂᚓ    ᚁᚐᚔᚇᚐᚌᚅᚔ  ᚋᚐᚊᚔ  ᚐᚇᚇᚔᚂᚑᚅᚐᚄᚔᚅᚔᚄᚈᚓᚏ  ᚐᚅᚌᚂᚓ    ᚅᚐᚌᚒᚅᚔ  ᚋᚒᚉᚑ  ᚁᚐᚔᚇᚐᚅᚔ    ᚃᚐᚉᚓ  ᚑᚃ  ᚄᚈᚑᚅᚓ  ᚅᚔᚏᚋᚅᚔᚇᚐᚌᚅᚔᚓᚄᚄᚔᚉᚑᚅᚔᚇᚇᚐᚂᚐ  ᚐᚋᚔᚈ  ᚁᚐᚔᚇᚐᚌᚅᚔ|Dexter angle: BAIDAGNI MAQI ADDILONASinister angle: NAGUNI MUCO BAIDANI Face of stone: NIR[???]MNIDAGNIESSICONIDDALA/ AMIT BAIDAGNI|ᚇᚓᚈᚓᚏ  ᚐᚅᚌᚂᚓ    ᚁᚐᚔᚇᚐᚌᚅᚔ  ᚋᚐᚊᚔ  ᚐᚇᚇᚔᚂᚑᚅᚐᚄᚔᚅᚔᚄᚈᚓᚏ  ᚐᚅᚌᚂᚓ    ᚅᚐᚌᚒᚅᚔ  ᚋᚒᚉᚑ  ᚁᚐᚔᚇᚐᚅᚔ    ᚃᚐᚉᚓ  ᚑᚃ  ᚄᚈᚑᚅᚓ  ᚅᚔᚏᚋᚅᚔᚇᚐᚌᚅᚔᚓᚄᚄᚔᚉᚑᚅᚔᚇᚇᚐᚂᚐ  ᚐᚋᚔᚈ  ᚁᚐᚔᚇᚐᚌᚅᚔ|0.41|1.91|0.18|241|241._Kilbonane|Q85396894
242._Parkavonear.xml|ᚁᚏᚏᚒᚐᚓᚅᚐᚅᚅ |BRRUA/ENANN|ᚁᚏᚏᚒᚐᚓᚅᚐᚅᚅ |0.26|1.54|0.18|242|242._Parkavonear|Q85396972
252._Gurrane.xml|    ᚇᚒᚋᚓᚂᚔ  ᚋᚐᚊᚔ  ᚌᚂᚐᚄᚔᚉᚑᚅᚐᚄ  ᚅᚔᚑᚈᚈᚐ  ᚉᚑᚁᚏᚐᚅᚑᚏᚐ |DUMELI MAQI GLASICONAS NIOTTA COBRANORA|    ᚇᚒᚋᚓᚂᚔ  ᚋᚐᚊᚔ  ᚌᚂᚐᚄᚔᚉᚑᚅᚐᚄ  ᚅᚔᚑᚈᚈᚐ  ᚉᚑᚁᚏᚐᚅᚑᚏᚐ |0.32|1.19|0.41|252|252._Gurrane|Q85396933
253._Killorglin.xml|    ᚌᚐᚂᚓᚑᚈᚑᚄ |GALEOTOS|    ᚌᚐᚂᚓᚑᚈᚑᚄ |0.45|1.2|0.42|253|253._Killorglin|Q85396826
255._Tinnahally_I.xml|  ᚏᚓᚋᚐᚔᚅᚄ  ᚑᚃ  ᚓᚐᚏᚂᚔᚓᚏ  ᚔᚅᚄᚉᚏᚔᚈᚔᚑᚅ  ᚋᚐᚉᚐᚂᚔᚄᚈᚓᚏᚄ  ᚏᚓᚐᚇᚔᚅᚌ  ᚉᚔᚂᚐ  ᚋᚐᚊᚊᚔ  ᚁᚐᚌᚅᚔ    ᚂᚐᚈᚓᚏ  ᚔᚅᚄᚉᚏᚔᚈᚔᚑᚅ    ᚐᚅᚋ  ᚃᚒᚏᚒᚇᚇᚏᚐᚅᚅ  ᚋᚐᚊᚔ  ᚇᚑᚂᚔᚌᚓᚅᚅ |Remains of earlier inscription (Macalister's reading): CILA MAQQI BAGN/I Later inscription: ANM VURUDDRANN MAQ/I DO/LIGENN|  ᚏᚓᚋᚐᚔᚅᚄ  ᚑᚃ  ᚓᚐᚏᚂᚔᚓᚏ  ᚔᚅᚄᚉᚏᚔᚈᚔᚑᚅ  ᚋᚐᚉᚐᚂᚔᚄᚈᚓᚏᚄ  ᚏᚓᚐᚇᚔᚅᚌ  ᚉᚔᚂᚐ  ᚋᚐᚊᚊᚔ  ᚁᚐᚌᚅᚔ    ᚂᚐᚈᚓᚏ  ᚔᚅᚄᚉᚏᚔᚈᚔᚑᚅ    ᚐᚅᚋ  ᚃᚒᚏᚒᚇᚇᚏᚐᚅᚅ  ᚋᚐᚊᚔ  ᚇᚑᚂᚔᚌᚓᚅᚅ |0.30|1.83|0.28|255|255._Tinnahally_I|Q85396900
256._Tinnahally_II.xml|    ᚐᚅᚋ  ᚈᚓᚌᚐᚅᚅ  ᚋᚐᚉ  ᚇᚓᚌᚂᚐᚅᚅ |ANM TEGANN MAC DEGL/ANN|    ᚐᚅᚋ  ᚈᚓᚌᚐᚅᚅ  ᚋᚐᚉ  ᚇᚓᚌᚂᚐᚅᚅ |0.43|1.78|0.56|256|256._Tinnahally_II|Q85396900
263._Ardmore_I.xml|  ᚂᚒᚌᚒᚇᚓᚉᚉᚐᚄ  ᚋᚐᚊᚔᚋᚒᚉᚑᚔ  ᚅᚓᚈᚐᚄᚓᚌᚐᚋᚑᚅᚐᚄ  ᚇᚑᚂᚐᚈᚔ  ᚁᚔᚌᚐᚔᚄᚌᚑᚁ |LUGUDECCAS MAQI/MU/COI NETA-SEGAMONAS/ DOLATI BIGAISGOB...|  ᚂᚒᚌᚒᚇᚓᚉᚉᚐᚄ  ᚋᚐᚊᚔᚋᚒᚉᚑᚔ  ᚅᚓᚈᚐᚄᚓᚌᚐᚋᚑᚅᚐᚄ  ᚇᚑᚂᚐᚈᚔ  ᚁᚔᚌᚐᚔᚄᚌᚑᚁ |0.28|1.27|0.30|263|263._Ardmore_I|Q85396905
264._Ardmore_II.xml|  ᚅᚐᚉᚔ  ᚋᚐᚊᚔ   |...NACI MAQI ...|  ᚅᚐᚉᚔ  ᚋᚐᚊᚔ   |0.30|0.86|0.05|264|264._Ardmore_II|Q85396905
265._Ardmore_III.xml|  ᚐᚋᚐᚇᚒ |AMADU|  ᚐᚋᚐᚇᚒ |0.33|1.33|0.23|265|265._Ardmore_III|Q85396905
266._Dromore_I.xml|  ᚉᚑᚂᚂᚐᚁᚑᚈ  ᚋᚒᚉᚑᚔ  ᚂᚒᚌᚐ  ᚋᚐᚊᚔ  ᚂᚑᚁᚐᚉᚉᚑᚅᚐ |COLLABOT MUCOI LUGA/ MAQI LOBACCONA|  ᚉᚑᚂᚂᚐᚁᚑᚈ  ᚋᚒᚉᚑᚔ  ᚂᚒᚌᚐ  ᚋᚐᚊᚔ  ᚂᚑᚁᚐᚉᚉᚑᚅᚐ |0.51|1.32|0.13|266|266._Dromore_I|Q85396907
267._Dromore_II.xml|    ᚋᚓᚇᚒᚄᚔ  ᚋᚐᚉᚔ  ᚂᚒ  ᚋᚒᚉᚑᚔ  ᚂᚒᚌᚐ |MEDUSI MACI LU/ MUCOI LUGA|    ᚋᚓᚇᚒᚄᚔ  ᚋᚐᚉᚔ  ᚂᚒ  ᚋᚒᚉᚑᚔ  ᚂᚒᚌᚐ |0.41|1.30|0.25|267|267._Dromore_II|Q85396907
268._Dromore_III.xml|  ᚉᚐᚈᚈᚒᚃᚔᚏ |CATTUVIR|  ᚉᚐᚈᚈᚒᚃᚔᚏ |0.30|1.42|0.28|268|268._Dromore_III|Q85396907
272._Drumlohan_I.xml|  ᚋᚐᚅᚒ  ᚋᚐᚌᚒᚅᚑ  ᚌᚐᚈᚔ  ᚋᚑᚉᚑᚔ  ᚋᚐᚉᚑᚏᚁᚑ   |MANU MAGUNO GATI MOCOI MACORBO|  ᚋᚐᚅᚒ  ᚋᚐᚌᚒᚅᚑ  ᚌᚐᚈᚔ  ᚋᚑᚉᚑᚔ  ᚋᚐᚉᚑᚏᚁᚑ   |0.20|1.52|0.20|272|272._Drumlohan_I|Q85396849
273._Drumlohan_II.xml|  ᚉᚐᚂᚒᚅᚑᚃᚔᚉᚐ  ᚋᚐᚊᚔ  ᚋᚒᚉᚑᚔ  ᚂᚔᚈᚓᚅᚔ   |CALUNOVICA MAQI MUCOI LITENI|  ᚉᚐᚂᚒᚅᚑᚃᚔᚉᚐ  ᚋᚐᚊᚔ  ᚋᚒᚉᚑᚔ  ᚂᚔᚈᚓᚅᚔ   |0.42|1.67|0.30|273|273._Drumlohan_II|Q85396849
274._Drumlohan_III.xml|  ᚋᚐᚊᚔᚔᚅᚔ  ᚋᚐᚊᚔ  ᚊᚓᚈᚈᚓᚐᚄ   |MAQI-INI MAQI QETTEAS|  ᚋᚐᚊᚔᚔᚅᚔ  ᚋᚐᚊᚔ  ᚊᚓᚈᚈᚓᚐᚄ   |0.33|1.55|0.17|274|274._Drumlohan_III|Q85396849
275._Drumlohan_IV.xml|  ᚉᚒᚅᚐᚂᚓᚌᚓᚐ  ᚋᚐᚊᚔ  ᚉᚄᚐᚂᚐᚏ  ᚉᚓᚂᚔ  ᚐᚃᚔ  ᚊᚃᚓᚉᚔ   |CUNALEGEA MAQI C[....]SALAR CELI AVI QVECI|  ᚉᚒᚅᚐᚂᚓᚌᚓᚐ  ᚋᚐᚊᚔ  ᚉᚄᚐᚂᚐᚏ  ᚉᚓᚂᚔ  ᚐᚃᚔ  ᚊᚃᚓᚉᚔ   |0.34|1.49|0.17|275|275._Drumlohan_IV|Q85396849
276._Drumlohan_V.xml|  ᚁᚔᚌᚒ  ᚋᚐᚊᚔ  ᚂᚐᚌ   |BIGU MAQI LAG|  ᚁᚔᚌᚒ  ᚋᚐᚊᚔ  ᚂᚐᚌ   |0.39|1.40|0.10|276|276._Drumlohan_V|Q85396849
277._Drumlohan_VI.xml|  ᚁᚔᚏ  ᚋᚐᚊᚔ  ᚋᚒᚉᚑᚔ  ᚏᚑᚈᚈᚐᚔᚄ   |BIR MAQI MUCOI ROTTAIS|  ᚁᚔᚏ  ᚋᚐᚊᚔ  ᚋᚒᚉᚑᚔ  ᚏᚑᚈᚈᚐᚔᚄ   |0.29|1.14|0.20|277|277._Drumlohan_VI|Q85396849
278._Drumlohan_VII.xml|    ᚋᚐᚊᚔ  ᚅᚓᚈᚐᚄ   |MAQI NETAS|    ᚋᚐᚊᚔ  ᚅᚓᚈᚐᚄ   |0.27|1.24|0.22|278|278._Drumlohan_VII|Q85396849
279._Drumlohan_VIII.xml|    ᚇᚓᚅᚐᚃᚓᚉᚐ    ᚋᚒᚉᚑᚔ  ᚋᚓᚇᚐᚂᚑ |DENAVECA MUCOI MEDALO|    ᚇᚓᚅᚐᚃᚓᚉᚐ    ᚋᚒᚉᚑᚔ  ᚋᚓᚇᚐᚂᚑ |0.46|1.07|0.24|279|279._Drumlohan_VIII|Q85396849
280._Drumlohan_IX.xml|    ᚁᚏᚑᚔᚅᚔᚑᚅᚐᚄ   |BROINIONAS|    ᚁᚏᚑᚔᚅᚔᚑᚅᚐᚄ   |0.51|1.12|0.22|280|280._Drumlohan_IX|Q85396849
281._Drumlohan_X.xml|    ᚇᚓᚐᚌᚑᚄ    ᚋᚐᚊᚔ  ᚋᚒᚉᚑᚔ  ᚅᚐᚔ   |DEAGOS MAQI MUCOI NAI|    ᚇᚓᚐᚌᚑᚄ    ᚋᚐᚊᚔ  ᚋᚒᚉᚑᚔ  ᚅᚐᚔ   |0.66|0.97|0.09|281|281._Drumlohan_X|Q85396849
285._Kilbeg.xml|  ᚁᚔᚃᚑᚇᚑᚅ  ᚋᚒᚉᚑᚔ  ᚐᚈᚐᚏ |BIVODON MUCOI ATAR|  ᚁᚔᚃᚑᚇᚑᚅ  ᚋᚒᚉᚑᚔ  ᚐᚈᚐᚏ |0.27|1.17|0.14|285|285._Kilbeg|Q85396852
292._Knockboy_I.xml|  ᚓᚏᚐᚈᚔ  ᚋᚒᚉᚑᚔ  ᚅᚓᚈᚐᚄᚓᚌᚐᚋᚑᚅᚐᚄ |ERATI MUCOI NETA-S/EGAMONAS|  ᚓᚏᚐᚈᚔ  ᚋᚒᚉᚑᚔ  ᚅᚓᚈᚐᚄᚓᚌᚐᚋᚑᚅᚐᚄ |0.56|1.78|0.23|292|292._Knockboy_I|Q85396914
293._Knockboy_II.xml|    ᚏᚌᚁᚉᚐᚏᚉᚓᚅ |RGBCARCEN|    ᚏᚌᚁᚉᚐᚏᚉᚓᚅ |0.23|1.32|0.27|293|293._Knockboy_II|Q85396914
294._Knockboy_III.xml|    ᚉᚑᚏᚁ |CORB|    ᚉᚑᚏᚁ |0.05|0.36||294|294._Knockboy_III|Q85396914
295._Knockboy_IV.xml|  ᚊᚓᚉᚉᚔᚐᚄ  ᚋᚒᚉᚑᚔ  ᚁᚏᚑᚓᚅᚔᚑᚅᚐᚄ |QECCIAS MUCOI BROENIONAS|  ᚊᚓᚉᚉᚔᚐᚄ  ᚋᚒᚉᚑᚔ  ᚁᚏᚑᚓᚅᚔᚑᚅᚐᚄ |0.27|1.88|0.25|295|295._Knockboy_IV|Q85396914
296._Knockboy_V.xml|  ᚉᚔᚏ  ᚋᚐᚊᚔ  ᚋᚒᚉ |CIR MAQI MUC|  ᚉᚔᚏ  ᚋᚐᚊᚔ  ᚋᚒᚉ |0.38|1.45|0.18|296|296._Knockboy_V|Q85396914
297._Knockboy_VI.xml|  ᚃᚑᚏᚈᚔᚌᚒᚏᚅ   |VORTIGURN|  ᚃᚑᚏᚈᚔᚌᚒᚏᚅ   |0.20|1.20|0.18|297|297._Knockboy_VI|Q85396914
298._Knockboy_VII.xml|    ᚃᚓᚇᚐᚁᚐᚏ  ᚋᚐᚊᚔᚂᚄᚋ  ᚋᚑᚉᚑᚔ  ᚑᚇᚏᚏᚓᚐ |VEDABAR MAQILSM/ MOCOI ODR/REA|    ᚃᚓᚇᚐᚁᚐᚏ  ᚋᚐᚊᚔᚂᚄᚋ  ᚋᚑᚉᚑᚔ  ᚑᚇᚏᚏᚓᚐ |0.23|1.02|0.17|298|298._Knockboy_VII|Q85396914
299._Knockboy_VIII.xml|    ᚋᚐᚊᚔ  ᚋᚑᚅᚌᚓᚇᚔᚐᚄ  ᚋᚐᚊᚔ  ᚋᚒᚔᚁᚔᚈᚔ |MAQI MONGEDIAS/ MAQI/ MUIBITI|    ᚋᚐᚊᚔ  ᚋᚑᚅᚌᚓᚇᚔᚐᚄ  ᚋᚐᚊᚔ  ᚋᚒᚔᚁᚔᚈᚔ |0.28|0.66|0.10|299|299._Knockboy_VIII|Q85396914
300._Island.xml|  ᚉᚒᚅᚐᚅᚓᚈᚐᚄ  ᚋᚐᚊᚔ  ᚋᚋᚒᚉᚑᚔ  ᚅᚓᚈᚐᚄᚓᚌᚐᚋᚑᚅᚐᚄ |CUNANETAS MAQ/I MMUC/OI NETA-SEGAMONAS|  ᚉᚒᚅᚐᚅᚓᚈᚐᚄ  ᚋᚐᚊᚔ  ᚋᚋᚒᚉᚑᚔ  ᚅᚓᚈᚐᚄᚓᚌᚐᚋᚑᚅᚐᚄ |0.49|1.42|0.15|300|300._Island|Q85396859
1083._Rathkenny_I.xml|  ᚉᚑᚋᚋᚐᚌᚌᚐᚌᚅᚔ    ᚋᚒᚉᚑᚔ  ᚔᚄᚐᚋᚋᚅᚅ   |COMMAGGAGNI MUCOI/ ISAMMNN|  ᚉᚑᚋᚋᚐᚌᚌᚐᚌᚅᚔ    ᚋᚒᚉᚑᚔ  ᚔᚄᚐᚋᚋᚅᚅ   |0.40|1.00|0.18|1083|1083._Rathkenny_I|Q106626866 
1084._Rathkenny_II.xml|  ᚑᚂᚔᚄᚄᚓᚌᚃᚑᚌ   |OLISSEGVOG|  ᚑᚂᚔᚄᚄᚓᚌᚃᚑᚌ   |0.24|0.82|0.19|1084|1084._Rathkenny_II|Q106626866 
246a._Ardcanaght_I.xml|    ᚃ  ᚋᚐᚊᚔ   |V MAQI|    ᚃ  ᚋᚐᚊᚔ   |0.43|0.42|0.15|246a|246a._Ardcanaght_I|Q85396815
246b._Ardcanaght_II.xml|  ᚋᚐᚉᚐᚂᚔᚄᚈᚓᚏᚄ        ᚏᚓᚐᚇᚔᚅᚌ  ᚂᚋᚉᚁᚂᚈᚉᚂᚂᚈ   |Macalister's (1945, 241-2) reading: LMCBLTCL/LT|  ᚋᚐᚉᚐᚂᚔᚄᚈᚓᚏᚄ        ᚏᚓᚐᚇᚔᚅᚌ  ᚂᚋᚉᚁᚂᚈᚉᚂᚂᚈ   |0.15|0.86|0.14|246b|246b._Ardcanaght_II|Q85396815
Ardfert_II.xml|  ᚑᚉᚌᚔᚉ |OC/GIC|  ᚑᚉᚌᚔᚉ |0.23|0.86|0.15||Ardfert_II|Q85394024
Ballybarrack.xml|  ᚂᚓᚃᚈ  ᚐᚅᚌᚂᚓ    ᚋᚐᚊᚔᚉᚑᚏᚐᚁᚔᚏ  ᚋᚐᚊᚔ  ᚈᚐᚅᚁ  ᚏᚔᚌᚆᚈ  ᚐᚅᚌᚂᚓ    ᚅᚓᚈᚐᚄᚐᚂᚐᚌᚔᚐ  ᚋᚐᚊᚔ  ᚋᚒᚉᚑᚔ |Left angle: MAQI-CORABIR MAQI TANB Right angle: NETA-SALAGIA MAQI MUCOI|  ᚂᚓᚃᚈ  ᚐᚅᚌᚂᚓ    ᚋᚐᚊᚔᚉᚑᚏᚐᚁᚔᚏ  ᚋᚐᚊᚔ  ᚈᚐᚅᚁ  ᚏᚔᚌᚆᚈ  ᚐᚅᚌᚂᚓ    ᚅᚓᚈᚐᚄᚐᚂᚐᚌᚔᚐ  ᚋᚐᚊᚔ  ᚋᚒᚉᚑᚔ |0.50|1.06|0.25||Ballybarrack|Q106626868 
Bunkilla.xml|    ᚐᚅᚋ    ᚋᚐᚊᚊᚔᚂᚐᚄᚔᚏᚓ  ᚋᚐᚊᚊᚔ  ᚁᚔᚏᚏᚐᚉ |ANM MAQQI-LASIRE MAQQI BIRRAC...?|    ᚐᚅᚋ    ᚋᚐᚊᚊᚔᚂᚐᚄᚔᚏᚓ  ᚋᚐᚊᚊᚔ  ᚁᚔᚏᚏᚐᚉ |0.30|2.20|0.15||Bunkilla|Q106626869 
Church_Island.xml|  ᚃᚑᚂᚂᚑᚔᚅᚌ  ᚋᚉᚋᚐᚅᚒᚄ          ᚁᚓᚉᚉᚇᚔᚅᚅ  ᚋᚐᚉᚔ  ᚏᚔᚈᚈᚓᚉᚉ |Following McManus (1991, 69-70): BECCDINN MACI/ R/ITTECC|  ᚃᚑᚂᚂᚑᚔᚅᚌ  ᚋᚉᚋᚐᚅᚒᚄ          ᚁᚓᚉᚉᚇᚔᚅᚅ  ᚋᚐᚉᚔ  ᚏᚔᚈᚈᚓᚉᚉ |0.36|1.49|0.10||Church_Island|Q106626870 
Churchclara_II.xml|  ᚌᚓᚂᚐᚌᚅᚔ  ᚐᚃᚔ   |GELAGNI AVI|  ᚌᚓᚂᚐᚌᚅᚔ  ᚐᚃᚔ   |0.24|1.14|||Churchclara_II|Q85391656
Cloghabrody.xml|  ᚃᚓᚇᚇᚓᚂᚂᚓᚋᚓᚈᚈᚑ  ᚋᚒᚉᚔ  ᚂᚑᚌᚔᚇᚇᚓᚐᚄ  ᚐᚃᚃᚔ  ᚋᚒᚅᚔᚉᚉᚑᚅᚐ |VEDDELLEMETTO MU/CI/ LOGIDDEAS/ AVVI MUNICCONA|  ᚃᚓᚇᚇᚓᚂᚂᚓᚋᚓᚈᚈᚑ  ᚋᚒᚉᚔ  ᚂᚑᚌᚔᚇᚇᚓᚐᚄ  ᚐᚃᚃᚔ  ᚋᚒᚅᚔᚉᚉᚑᚅᚐ |0.31|1.46|0.20||Cloghabrody|Q106626871 
Coumlanders.xml|    ᚏᚓᚈᚐᚌᚔᚅ  ᚋᚐᚊᚔ  ᚇᚑᚃᚒ   |RETAGIN MAQI DOVU|    ᚏᚓᚈᚐᚌᚔᚅ  ᚋᚐᚊᚔ  ᚇᚑᚃᚒ   |0.35|1.09|0.19||Coumlanders|Q106626872 
Drummin_II.xml|ᚏᚔᚌᚆᚈᚆᚐᚅᚇ  ᚐᚅᚌᚂᚓ  ᚏᚐᚃᚐᚄᚐ  ᚕᚑᚔ  ᚋᚐᚊᚊᚔ    ᚇᚈᚂ  ᚂᚓᚃᚈᚆᚐᚅᚇ  ᚐᚅᚌᚂᚓ  ᚄᚓᚅᚅ |Right-hand angle: RAVASA KOI MAQQI D/TL Left-hand angle: SENN|ᚏᚔᚌᚆᚈᚆᚐᚅᚇ  ᚐᚅᚌᚂᚓ  ᚏᚐᚃᚐᚄᚐ  ᚕᚑᚔ  ᚋᚐᚊᚊᚔ    ᚇᚈᚂ  ᚂᚓᚃᚈᚆᚐᚅᚇ  ᚐᚅᚌᚂᚓ  ᚄᚓᚅᚅ |0.55|1.90|0.35||Drummin_II|Q85390417
Kilgrovan_VI.xml|  ᚒ  ᚋᚐᚊᚔ  ᚉᚒᚋᚒᚌᚑᚇᚒᚒ  ᚋᚒᚉᚑ|...U MAQI CUMUGODU/U MUCO|  ᚒ  ᚋᚐᚊᚔ  ᚉᚒᚋᚒᚌᚑᚇᚒᚒ  ᚋᚒᚉᚑ|0.42|0.98|0.13||Kilgrovan_VI|Q106626873 
Kilgrovan_VII.xml|    ᚒᚋᚒ  ᚈ |UMU T|    ᚒᚋᚒ  ᚈ |0.09|0.26|0.03||Kilgrovan_VII|Q106626873 
Knockmahon_I.xml|    ᚄᚓᚅᚐᚊ    ᚋᚐᚊᚔ  ᚋᚒᚉᚑᚔ  ᚓᚅᚐ   |SENAQ MAQI/ MUCOI ENA|    ᚄᚓᚅᚐᚊ    ᚋᚐᚊᚔ  ᚋᚒᚉᚑᚔ  ᚓᚅᚐ   |0.30|1.20|0.24||Knockmahon_I|Q106626874 
Knockmahon_II.xml|    ᚃᚓᚇᚔᚂᚔᚋᚓᚈᚑ    ᚋᚐᚊᚔ    ᚈᚑᚊᚔᚈᚐᚊ   |VEDILIMETO/ MAQI/ TOQITAQ|    ᚃᚓᚇᚔᚂᚔᚋᚓᚈᚑ    ᚋᚐᚊᚔ    ᚈᚑᚊᚔᚈᚐᚊ   |0.59|0.87|0.25||Knockmahon_II|Q106626874 
Ratass.xml|  ᚐᚅᚋ  ᚄᚔᚂᚂᚐᚅᚅ  ᚋᚐᚊ  ᚃᚐᚈᚈᚔᚂᚂᚑᚌᚌ |ANM SILLANN MAQ VATTILLOGG|  ᚐᚅᚋ  ᚄᚔᚂᚂᚐᚅᚅ  ᚋᚐᚊ  ᚃᚐᚈᚈᚔᚂᚂᚑᚌᚌ |0.34|1.45|0.20||Ratass|Q106626875 
Rathkenny_IV.xml|  ᚃ  ᚐ  ᚄ   |V A S|  ᚃ  ᚐ  ᚄ   |0.22|0.74|0.13||Rathkenny_IV|Q106626866 
Scattery_Island.xml|  ᚅᚄ |NS|  ᚅᚄ |0.60|2.00|0.14||Scattery_Island|Q106626876 
Shankill.xml|  ᚋᚐᚊᚔᚉᚒᚅᚐᚂᚔᚌᚓᚐᚄ    ᚋᚐᚊᚔ  ᚉᚑᚔᚂᚂᚔ    ᚋᚒᚉᚑᚔ  ᚉᚑᚄᚉᚔᚓᚐᚄ   |MAQICUNALIGEAS/ MAQI COILLI/ MUCOI COSCI/EAS|  ᚋᚐᚊᚔᚉᚒᚅᚐᚂᚔᚌᚓᚐᚄ    ᚋᚐᚊᚔ  ᚉᚑᚔᚂᚂᚔ    ᚋᚒᚉᚑᚔ  ᚉᚑᚄᚉᚔᚓᚐᚄ   |0.14|0.57|0.05||Shankill|Q106626901 
Tullaherin_II.xml|  ᚇᚈ  ᚋᚒᚉᚑᚔ  ᚏᚌᚅ   |DT MUCOI RGN|  ᚇᚈ  ᚋᚒᚉᚑᚔ  ᚏᚌᚅ   |0.51|1.56|0.26||Tullaherin_II|Q85391735
